Datum;Argentinierstraße;Donaukanal;Langobardenstraße;Lassallestraße;Liesingbach;Neubaugürtel ;Opernring Innen;Opernring Außen;Opernring;Wienzeile;Margaritensteg ;Operngasse;Praterstern;Pfeilgasse;Praterbrücke;Friedrich-Engels-Platz;Kraftwerk Freudenau;Maria-Restituta-Platz;Steinitzsteg;Herndlgasse
20250101;664;188;143;408;63;279;479;277;756;267;0;591;477;336;288;89;55;71;223;157
20250102;1159;270;201;797;100;474;798;465;1263;386;0;1343;959;439;458;156;34;134;392;276
20250103;1271;305;277;907;122;604;1046;592;1638;476;0;1533;1096;593;596;201;74;188;439;358
20250104;950;402;266;770;129;530;933;521;1454;397;0;1100;908;489;592;163;118;149;485;351
20250105;685;85;146;383;74;259;429;247;676;198;0;668;443;222;136;93;10;61;143;195
20250106;1233;266;229;691;104;457;784;445;1229;358;0;1096;799;446;446;143;69;129;310;283
20250107;2561;456;378;1322;225;1014;1725;996;2721;769;0;3033;1932;1319;872;250;59;229;679;529
20250108;3101;736;509;1775;302;1417;2404;1395;3799;1091;0;3776;2678;1732;1416;407;206;400;1162;717
20250109;3269;668;598;1741;298;1306;2219;1282;3501;1084;0;4253;2627;1896;1398;379;174;389;1063;778
20250110;2466;508;472;1415;250;1125;1919;1106;3025;790;0;3030;2105;1320;920;268;105;279;824;648
20250111;1356;394;244;839;155;686;1217;676;1893;487;0;1454;1151;737;715;198;105;186;495;409
20250112;1146;252;190;538;106;461;795;430;1225;314;0;1152;801;474;357;144;67;140;271;314
20250113;2684;498;444;1356;224;1099;1870;1078;2948;883;0;3256;2248;1466;1007;360;93;305;796;636
20250114;3073;569;494;1734;277;1221;2088;1197;3285;1024;0;3701;2455;1553;1322;362;168;332;1021;651
20250115;2487;311;415;1129;173;795;1338;778;2116;609;0;2747;1816;1063;793;275;58;241;571;451
20250116;3133;460;510;1601;235;1103;1881;1082;2963;898;0;3432;2405;1417;1009;384;125;325;842;660
20250117;2621;488;464;1339;216;1032;1776;1011;2787;790;0;2946;2009;1280;1033;350;131;290;764;607
20250118;1384;287;251;757;139;641;1141;632;1773;434;0;1405;1072;673;511;201;101;140;422;393
20250119;1146;291;206;600;132;501;847;467;1314;411;0;1181;812;507;431;183;73;127;378;342
20250120;2549;398;402;1107;204;956;1607;937;2544;784;0;2873;1632;1266;766;280;74;245;598;560
20250121;2790;365;425;1162;209;1001;1715;980;2695;785;0;3156;1833;1286;837;287;70;273;605;542
20250122;2814;429;435;1226;182;982;1668;963;2631;733;0;3125;1876;1374;835;280;62;226;653;528
20250123;2540;372;374;1149;154;854;1447;835;2282;612;0;2909;1771;1182;674;259;57;234;519;501
20250124;2260;582;457;1385;238;1046;1777;1029;2806;869;0;2948;1949;1276;1007;299;185;328;800;610
20250125;1230;318;230;743;120;588;1033;580;1613;455;0;1369;984;653;441;152;66;140;418;360
20250126;989;907;338;1504;198;664;1111;620;1731;797;0;1529;1720;634;1609;350;449;378;1217;483
20250127;3496;818;599;2025;319;1295;2206;1270;3476;1286;0;3689;2754;1548;1706;471;295;456;1393;782
20250128;3478;705;526;1827;292;1260;2153;1236;3389;1061;0;3717;2559;1578;1320;403;164;388;1079;678
20250129;3531;977;600;2260;340;1471;2493;1449;3942;1304;0;4042;2981;1766;1826;481;361;522;1554;770
20250130;3551;882;619;2278;330;1397;2349;1373;3722;1233;0;4015;3007;1688;1802;455;355;493;1481;824
20250131;2668;568;478;1573;270;1155;1948;1136;3084;903;0;2964;2204;1364;1154;348;141;298;909;662
20250201;1655;575;277;990;170;753;1206;681;1887;563;0;1514;1261;735;861;258;199;229;796;454
20250202;1411;500;283;899;153;575;974;506;1480;454;0;1270;1003;509;793;222;250;195;682;413
20250203;2575;557;466;1653;221;1045;1643;1059;2702;871;0;2776;2147;1179;1173;387;200;382;878;624
20250204;2647;598;433;1688;229;1118;1761;1133;2894;861;0;3192;2197;1249;1157;448;213;382;998;588
20250205;2525;566;483;1690;262;1080;1708;1095;2803;895;0;2938;2171;1225;1225;382;219;365;1048;581
20250206;2489;413;376;1415;219;941;1500;951;2451;706;0;2722;1925;1103;915;324;140;242;752;538
20250207;2036;397;333;1149;213;883;1405;893;2298;680;0;2302;1541;922;811;274;160;245;663;493
20250208;1359;396;212;757;131;670;1061;610;1671;422;0;1291;981;575;599;188;104;208;525;387
20250209;1488;679;235;1032;206;611;1041;541;1582;612;0;1335;1158;523;1082;291;255;328;977;408
20250210;3034;688;565;1884;269;1243;1977;1258;3235;1101;0;3337;2425;1502;1364;422;215;405;1120;745
20250211;3361;712;536;1943;272;1296;2077;1312;3389;1062;0;3679;2739;1601;1370;382;162;376;1108;695
20250212;2426;335;405;1172;171;827;1309;836;2145;595;0;2567;1748;1078;826;316;66;212;580;459
20250213;2428;324;333;1110;172;841;1330;849;2179;618;0;2593;1676;1171;641;303;46;245;534;480
20250214;2244;374;417;1278;202;898;1414;910;2324;681;0;2507;1766;1078;730;291;81;229;558;533
20250215;1424;419;240;871;154;673;1101;604;1705;523;0;1351;1008;618;671;213;151;164;582;402
20250216;1365;480;260;905;176;533;896;471;1367;468;0;1284;920;520;744;219;160;251;590;382
20250217;2743;506;488;1497;220;1130;1789;1144;2933;915;0;2958;2201;1260;1046;319;131;331;806;668
20250218;2813;486;511;1541;213;1230;1973;1243;3216;974;0;3170;2296;1427;1146;352;113;331;873;660
20250219;2845;491;481;1478;216;1075;1687;1091;2778;883;0;3134;2192;1424;1048;345;121;332;824;579
20250220;2900;528;469;1653;201;1042;1658;1055;2713;861;0;3141;2318;1369;1116;360;142;360;849;618
20250221;2443;455;501;1241;199;1076;1711;1086;2797;791;0;2549;1753;1168;922;285;115;275;770;639
20250222;1663;600;278;999;168;759;1231;682;1913;568;0;1544;1247;656;870;237;160;279;844;456
20250223;1307;317;219;751;111;448;743;393;1136;432;0;1159;902;536;561;184;130;149;457;321
20250224;3523;1049;681;2323;354;1357;2134;1375;3509;1282;0;3658;2870;1591;1966;471;389;569;1651;841
20250225;3157;554;538;1800;235;1272;2014;1287;3301;1029;0;3563;2592;1467;1299;369;144;358;968;687
20250226;3152;633;588;1992;242;1287;2025;1304;3329;1071;0;3498;2237;1497;1404;412;168;420;1030;697
20250227;3081;492;489;1599;216;1148;1799;1170;2969;983;0;3345;1922;1463;1075;374;111;374;915;669
20250228;2968;875;598;1856;330;1239;1967;1255;3222;1087;0;3236;2020;1395;1618;378;339;467;1268;745
20250301;2009;1107;376;1444;321;1011;1750;1101;2851;804;0;1899;1409;927;1565;342;342;351;1300;611
20250302;1946;1386;489;1974;356;856;1635;958;2593;1101;0;1753;1714;811;2425;480;591;590;1925;648
20250303;3871;1054;687;2439;406;1600;2945;2042;4987;1506;0;4237;2561;1840;1999;559;408;617;1618;944
20250304;4319;1246;746;2671;430;1720;3169;2193;5362;1519;0;4650;2890;2053;2310;595;434;635;1846;936
20250305;4272;1291;825;2791;431;1848;3379;2359;5738;1553;0;4935;2892;2116;2582;665;535;706;2043;995
20250306;4600;1533;849;3232;550;1885;3493;2400;5893;1706;0;5068;3022;2169;3090;723;693;910;2542;1118
20250307;3863;1807;913;3302;462;1670;3118;2122;5240;1671;0;4622;2776;1978;3281;717;854;1056;2793;1049
20250308;2720;2342;728;3233;430;1317;2306;1438;3744;1342;0;2891;2147;1260;3515;664;1070;1118;3006;900
20250309;2829;2930;817;4051;398;1108;2128;1239;3367;1728;0;2630;2652;1120;4779;962;1352;1621;4406;927
20250310;4172;1159;770;2791;438;1618;2987;2060;5047;1585;0;4756;2597;2063;2334;624;395;687;1936;985
20250311;4303;1197;841;2727;406;1749;3240;2227;5467;1465;0;5062;2595;2175;2331;626;360;593;1868;984
20250312;4730;1368;893;2973;459;1774;3272;2259;5531;1655;0;5281;2823;2264;2666;701;482;762;2141;992
20250313;3132;555;507;1541;251;1182;2183;1507;3690;899;0;3569;1600;1542;1173;365;143;384;914;691
20250314;1930;267;330;889;158;681;1274;863;2137;566;0;2094;973;937;575;190;49;171;460;410
20250315;1181;148;203;533;70;398;693;429;1122;223;0;1067;522;474;276;158;40;116;200;264
20250316;1622;759;319;1169;145;542;1018;604;1622;624;0;1625;970;678;1226;249;252;264;922;416
20250317;3037;557;486;1577;232;1129;2089;1437;3526;842;0;3526;1722;1604;1220;347;124;342;973;667
20250318;3835;899;614;2197;339;1403;2600;1785;4385;1227;0;4574;2263;2014;1871;436;278;478;1514;766
20250319;4109;1146;792;2606;397;1585;2938;2015;4953;1425;0;4760;2450;2080;2206;552;379;619;1788;885
20250320;4224;1231;812;2784;408;1614;3014;2048;5062;1443;0;4955;2550;2111;2605;682;497;656;2089;991
20250321;4146;1690;779;2922;502;1586;2926;2022;4948;1598;0;4511;2469;1939;2900;629;712;752;2525;960
20250322;2482;1431;586;1961;495;1137;1982;1241;3223;1065;0;2440;1540;1111;2086;436;498;626;1884;645
20250323;2767;2253;459;2872;754;972;1866;1084;2950;1441;0;2537;2077;989;3273;702;810;954;2787;675
20250324;4108;979;801;2438;425;1577;2917;2008;4925;1378;0;4558;2283;1970;2120;562;361;540;1518;976
20250325;4182;922;848;2583;387;1518;2835;1927;4762;1256;0;4465;2394;1873;2328;529;374;606;1624;864
20250326;4927;1558;1070;3327;586;1930;3615;2453;6068;1918;0;5632;2875;2432;2962;764;522;755;2415;1101
20250327;4720;1140;893;2879;464;1776;3306;2262;5568;1639;0;5415;2580;2329;2456;726;384;679;1887;988
20250328;3392;1186;680;2205;379;1355;2503;1725;4228;1294;0;4065;1962;1688;2034;535;376;549;1703;976
20250329;833;77;148;390;61;275;470;297;767;140;0;822;304;311;174;92;25;57;107;432
20250330;1800;972;363;1336;271;603;1125;676;1801;790;0;1768;1151;763;1538;344;341;412;1230;576
20250331;3480;626;604;1772;230;1182;2223;1531;3754;986;0;3608;1783;1619;1350;436;176;364;1062;844
20250401;4165;1030;706;2290;369;1445;2573;1800;4373;1348;0;4688;2244;2131;2062;524;275;496;1579;899
20250402;4895;1190;866;2856;428;1713;3055;2137;5192;1550;0;5245;2552;2291;2391;653;379;629;1926;990
20250403;5374;1895;1039;3857;661;2061;3710;2573;6283;2050;0;5864;3074;2456;3755;857;778;1071;3011;1057
20250404;4952;2798;1183;4563;848;1993;3590;2481;6071;2218;0;5372;3286;2402;4768;998;1248;1449;4004;1075
20250405;3181;2239;656;3195;596;1287;2388;1517;3905;1512;0;3071;2292;1419;3397;623;897;1073;2697;779
20250406;1741;409;269;1106;182;625;1343;861;2204;408;0;1623;1098;801;626;214;116;211;510;521
20250407;3618;691;577;1802;282;1378;2465;1720;4185;1067;0;4054;1853;1769;1438;447;204;374;1096;798
20250408;4023;855;670;2156;328;1430;2548;1786;4334;1171;0;4569;2157;1993;1799;513;265;465;1461;840
20250409;4953;1369;865;2914;476;1769;3171;2206;5377;1642;0;5543;2612;2333;2727;704;518;691;2129;1022
20250410;4479;1005;735;2513;390;1626;2927;2026;4953;1390;0;5210;2343;2241;2113;499;268;525;1514;910
20250411;4276;1649;915;2872;527;1721;3087;2149;5236;1681;0;4621;2509;2028;2743;640;540;739;2151;1030
20250412;3435;3160;822;4144;892;1416;2593;1671;4264;1742;0;3379;2595;1562;4776;845;1389;1421;3859;1003
20250413;3621;2828;810;4258;969;1172;2520;1619;4139;1989;0;3337;2595;1487;4658;867;1363;1224;3764;998
20250414;4951;2173;1035;4177;797;1878;3381;2342;5723;2010;0;5004;3084;2006;4211;864;1020;1201;3032;1206
20250415;3031;638;574;1820;317;1083;1936;1351;3287;968;0;3215;1617;1352;1448;357;196;386;1011;1147
20250416;5469;2851;1147;5406;923;1864;3366;2323;5689;2283;0;5501;3563;2112;5719;1099;1249;1740;4481;1402
20250417;4608;1759;878;3766;560;1683;3025;2096;5121;1792;0;4604;2658;1742;3523;729;674;962;2443;1264
20250418;1688;280;291;878;175;557;986;695;1681;492;0;1535;724;592;625;191;93;156;413;786
20250419;2748;2189;724;3284;638;990;1845;1164;3009;1406;0;2374;1890;854;3673;682;1009;1062;2791;999
20250420;2940;2641;835;4695;812;981;2152;1351;3503;2134;0;2306;2382;714;5417;944;1700;1731;3903;974
20250421;3166;3308;976;4963;1162;1169;2066;1460;3526;2041;0;2605;2702;871;6223;1062;1933;1910;4164;1041
20250422;5992;2156;1290;4851;822;2220;3971;2771;6742;2476;0;5855;3669;2401;4974;1042;965;1295;3437;1242
20250423;6567;2423;1446;5087;868;2390;4296;2978;7274;2567;0;6626;3785;2797;5379;1092;1140;1372;3982;1298
20250424;5017;1207;860;2857;457;1750;3177;2178;5355;1478;0;5163;2510;2258;2447;621;298;699;1812;1045
20250425;1896;349;343;808;145;560;999;699;1698;424;0;1882;860;796;599;237;77;210;472;735
20250426;2943;1368;621;2117;372;1075;2011;1265;3276;1221;0;2541;1740;1279;2196;470;490;704;1745;757
20250427;3983;4536;1223;5960;1168;1527;3283;2109;5392;2463;0;3403;3706;1641;7152;1232;2128;2276;5897;1037
20250428;6422;2420;1311;4956;947;2350;4226;2928;7154;2439;0;6848;3731;2844;4930;1115;987;1346;3692;1254
20250429;7074;2734;1497;5843;1051;2656;4758;3314;8072;2107;0;7537;4166;3200;5804;1319;1206;1599;4460;1440
20250430;6787;2537;1559;5983;966;2610;4657;3260;7917;2109;0;7320;4174;3017;5837;1238;1157;1621;3927;1431
20250501;4529;5104;1397;9570;1511;1727;4121;2595;6716;2617;0;4308;5234;1901;12782;1592;3068;3487;7021;1117
20250502;5038;3000;1208;7519;931;2014;4757;3029;7786;2321;0;5273;4234;2086;6878;1417;1617;2472;4655;1230
20250503;3818;3443;994;6682;709;1441;3363;2063;5426;1928;0;3265;3171;1500;6734;1033;1685;2105;4388;1080
20250504;2327;1379;453;1803;267;773;1992;1185;3177;816;0;2088;1375;926;1553;492;270;520;1314;884
20250505;2658;408;450;1212;184;913;2104;1378;3482;680;0;3004;1254;1371;868;298;90;246;694;747
20250506;3421;771;485;1770;282;1273;2977;1920;4897;994;0;3819;1833;1738;1498;425;219;412;1129;893
20250507;5594;1895;1030;3627;607;1962;4597;2955;7552;2079;0;6222;3109;2684;3438;881;595;874;2761;1111
20250508;4637;1210;815;2933;450;1663;3915;2504;6419;1478;0;5391;2583;2189;2139;653;303;622;1586;989
20250509;4783;1819;997;3615;610;1958;4607;2953;7560;1815;0;5337;2751;2322;3181;835;640;895;2572;1064
20250510;3838;3336;986;4865;999;1784;4171;2554;6725;1843;0;3660;2959;1740;5114;1035;1569;1460;4333;1021
20250511;3352;3050;919;4489;844;1368;3579;2097;5676;1774;0;2849;2384;1227;4843;1056;1182;1424;3867;982
20250512;5980;2194;1246;4555;844;2272;5328;3426;8754;2421;0;6617;3098;2740;3997;1051;862;1145;3194;1236
20250513;6699;2455;1438;5332;894;2403;5640;3621;9261;2661;0;7300;4428;3111;5023;1171;1025;1400;3847;1345
20250514;6768;2763;1400;5687;937;2493;5926;3746;9672;2627;0;7637;4643;3154;5476;1228;1148;1451;4232;1396
20250515;5132;1155;940;3083;530;1838;4320;2770;7090;1663;0;5809;3391;2426;2658;649;340;724;1846;1124
20250516;4346;1454;838;2890;450;1631;3828;2454;6282;1467;0;4995;3009;2169;2275;607;361;722;1842;1066
20250517;2729;1283;525;2073;384;1055;2463;1511;3974;941;0;2548;1920;1193;1972;429;366;586;1459;732
20250518;1795;631;304;1177;178;568;1470;871;2341;484;0;1503;1329;627;860;282;171;254;627;676
20250519;5033;1436;904;3258;505;1812;4282;2726;7008;1768;0;5497;3360;2345;2894;797;468;761;2175;1161
20250520;6655;2859;1295;5239;843;2483;5808;3743;9551;2779;0;7349;4564;3213;5375;1272;1229;1390;4501;1376
20250521;6368;2387;1261;4618;707;2244;5255;3385;8640;2364;0;6827;4126;2878;4264;1043;905;1128;3358;1242
20250522;3930;997;756;2228;308;1379;3267;2077;5344;1166;0;4430;2560;1931;1864;555;276;515;1387;1113
20250523;4608;1670;885;3073;486;1725;4049;2599;6648;1580;0;5007;3177;2240;2569;662;453;679;2031;1140
20250524;3795;2528;900;4091;657;1404;3276;2008;5284;1768;0;3200;2552;1762;4414;772;1045;1215;2932;1009
20250525;3460;3650;1016;4990;999;1135;2943;1743;4686;1873;0;3010;2653;1254;5887;929;1744;1510;4388;868
20250526;4925;1482;862;3228;528;1751;4130;2635;6765;1622;0;5310;3241;2402;2606;625;392;723;1980;1265
20250527;6406;2660;1312;5071;828;2335;5480;3516;8996;2314;0;7046;4303;3094;4860;1048;1022;1213;3752;1301
20250528;5102;1523;1033;3381;562;1889;4416;2847;7263;1633;0;5706;3469;2472;2920;740;468;759;2039;1230
20250529;2649;1777;629;2875;406;980;2342;1472;3814;1311;0;2522;1833;1030;2698;593;538;884;1907;975
20250530;3621;1462;787;2856;498;1400;3313;2108;5421;1256;0;3873;2595;1399;2553;567;462;683;1827;1053
20250531;3992;3927;1073;8459;932;1469;3460;2099;5559;3308;0;3677;2688;1576;8351;1459;2121;2710;5313;1070
20250601;3480;3716;1048;7845;1063;1188;2586;1320;3906;2588;0;3128;3506;1360;8111;1385;2027;2690;5395;1049
20250602;4933;1663;954;3546;610;1876;3594;1968;5562;1689;0;5172;2607;2358;3242;815;598;948;2450;1222
20250603;4270;1623;780;3259;425;1633;3132;1717;4849;1550;0;4503;2350;2061;2901;747;483;847;2396;1119
20250604;6824;2972;1396;7282;993;2560;4913;2693;7606;2893;0;7533;4605;3256;6489;1393;1257;2161;4766;1505
20250605;6722;2432;1415;6188;885;2610;5025;2745;7770;2681;0;7365;3936;3270;5557;1288;1027;1803;3938;1539
20250606;5817;2731;1438;7969;848;2380;4612;2497;7109;2976;0;6325;4496;2691;6860;1429;1318;2390;4721;1339
20250607;3169;2531;681;4096;495;1189;2193;1145;3338;1639;0;2759;2292;1231;4160;816;1126;1251;3018;946
20250608;1600;551;265;1321;150;551;1215;607;1822;486;0;1362;891;555;1171;264;193;337;684;560
20250609;4282;4579;1028;6709;1284;1468;2831;1540;4371;2874;0;3776;3782;1535;7140;1382;2048;2083;5550;1167
20250610;6814;2671;1411;6299;918;2595;5006;2728;7734;2575;0;7218;5173;3317;5656;1236;974;1703;3951;1426
20250611;6804;2524;1449;5758;776;2730;5263;2866;8129;2350;0;7474;5291;3149;5403;1129;832;1482;3849;1469
20250612;6914;2990;1497;7062;934;2701;5218;2836;8054;2845;0;7632;5929;3251;6254;1365;1293;1835;4508;1511
20250613;6237;2780;1432;7075;882;2704;5223;2843;8066;2620;0;6665;5989;3020;6302;1260;1301;2131;4402;1531
20250614;4312;3191;1094;6822;835;1704;3129;1645;4774;2412;0;3927;4696;1833;6665;1193;1803;2086;4288;1126
20250615;4313;4299;1253;12234;1071;1473;3236;1635;4871;3626;0;3751;7200;1510;10892;1933;2417;4098;6724;1229
20250616;3973;781;668;2294;371;1416;2714;1490;4204;941;0;4453;2739;2026;1649;452;150;460;1080;932
20250617;6924;2835;1442;6242;838;2684;5178;2821;7999;2577;0;7352;5765;3346;5286;1238;934;1482;4050;1466
20250618;7061;2868;1515;7205;882;2925;5596;3078;8674;2984;0;7546;6293;3262;6605;1435;1240;1946;4347;1471
20250619;4624;4538;1195;11178;1072;1992;3858;2086;5944;3707;0;4115;6991;1731;10094;1781;2124;3480;6559;1247
20250620;5317;3021;1307;6659;744;2486;4766;2612;7378;4054;0;5495;5679;2242;6077;1944;1279;1247;4323;1278
20250621;4322;3693;1083;7185;825;1929;3521;1865;5386;3698;0;3623;4963;1561;7194;1800;1736;1396;5162;1178
20250622;4041;4258;1097;9512;879;1604;3515;1779;5294;3748;0;3618;6171;1335;9376;1976;2189;1515;6360;1198
20250623;5659;1933;1146;5629;706;2426;4637;2552;7189;2299;0;6130;5155;2702;4651;1106;749;1249;3102;1316
20250624;6883;2947;1422;7651;914;3050;5813;2579;8392;2583;0;7339;6695;3310;6573;1240;1070;2005;4604;1474
20250625;7092;2869;1470;8809;856;2736;5224;2307;7531;3058;0;7392;7421;3327;7610;1467;1303;2382;5088;1570
20250626;6152;2321;1210;6297;684;2513;4793;2123;6916;2399;0;6606;5476;2766;5227;1152;915;1693;3609;1418
20250627;5067;2217;1268;6114;672;2393;4570;2016;6586;2109;0;5628;5121;2410;4978;1014;801;1484;3006;1369
20250628;3913;3222;1020;7800;815;1947;3582;1504;5086;2514;0;3702;5237;1648;6258;1231;1396;2240;4431;1257
20250629;3675;3869;1077;11173;861;1574;3441;1395;4836;3145;0;3359;6974;1368;9395;1666;2073;3431;6030;1273
20250630;6234;2411;1321;8028;758;2862;5465;2413;7878;2924;0;6663;6729;2710;6787;1405;1234;2122;4535;1584
20250701;6643;2849;1504;9606;854;2974;5724;2850;8574;4694;0;7184;7580;2955;7891;1651;1505;2620;5425;1520
20250702;6323;3140;1437;9835;811;2864;5523;2739;8262;4647;0;6891;7679;2928;8168;1575;1442;2783;5340;1626
20250703;5444;2311;1165;8125;874;2439;4698;2336;7034;3930;0;6093;6361;2470;6396;1312;1039;2200;4028;1370
20250704;5084;2340;1196;5351;735;2453;4724;2348;7072;3438;0;5271;5046;2168;4377;1095;875;1354;3294;1376
20250705;3517;3719;1013;9053;1287;1957;4254;2136;6390;2168;0;3424;5893;1392;7536;1484;1831;2772;5128;1208
20250706;3203;3367;892;7911;1159;1350;2814;1497;4311;1968;0;2788;4985;1045;7185;1430;1766;2441;4958;1039
20250707;3122;1086;610;2584;338;1460;2816;1397;4213;1967;0;3104;2507;1235;2013;572;400;609;1533;1006
20250708;2143;446;366;1479;96;894;1724;855;2579;1566;0;2448;1406;982;965;276;108;213;700;743
20250709;4323;1578;772;3521;294;1883;3634;1804;5438;3003;0;4820;3523;1891;2513;650;346;733;1968;1163
20250710;4199;1469;793;3504;329;1804;3457;1732;5189;2850;0;4752;3536;1797;2654;619;391;674;1991;1169
20250711;3782;1643;866;3338;435;1720;3290;1654;4944;2587;0;4001;3272;1628;2775;643;515;749;2073;1118
20250712;2752;1967;653;3449;527;1474;3202;1610;4812;1685;0;2575;2736;1080;3321;666;758;795;2195;995
20250713;3862;4509;1113;9480;1542;1766;3700;1948;5648;2281;0;3288;6013;1208;8968;1670;2378;2741;5921;1273
20250714;6076;2377;1224;6243;807;2543;4868;2443;7311;3822;0;5886;5626;2412;5409;1059;962;1414;3728;1361
20250715;6449;2746;1293;7162;933;2685;5144;2579;7723;4049;0;6367;6215;2545;6045;1316;1112;1686;4379;1418
20250716;6004;2280;1094;5255;552;2437;4691;2333;7024;3726;0;5874;4858;2338;4248;979;656;1204;3258;1292
20250717;4707;1464;775;3471;279;1788;3426;1717;5143;2782;0;4584;3507;1753;2760;695;330;758;1911;1245
20250718;4034;1273;765;2999;253;1749;3381;1672;5053;2385;0;3909;2939;1511;2207;637;343;705;1428;1200
20250719;3857;3492;1014;7777;866;1713;3725;1860;5585;2029;0;3487;5254;1299;6967;1329;1658;2360;4661;1163
20250720;3766;4043;1135;10067;952;1537;3211;1699;4910;2254;0;3317;6105;1204;8793;1597;2149;3018;5842;1223
20250721;4998;1885;1009;4693;614;1989;3815;1910;5725;3106;0;4954;4275;1961;4138;913;886;1144;2884;1271
20250722;6633;3209;1360;7741;820;2723;5203;2618;7821;4068;0;6607;6555;2547;6790;1351;1162;1991;4701;1361
20250723;6308;3039;1342;6465;613;2694;5175;2584;7759;4234;0;6472;5802;2667;5775;1169;1199;1588;4367;1453
20250724;5006;1600;897;4285;387;1882;3615;1805;5420;3182;0;5076;4071;2003;3749;741;612;956;2463;1200
20250725;4836;2254;1090;4853;447;1984;3819;1902;5721;2928;0;4986;4244;1842;4306;971;941;1147;2994;1182
20250726;2284;862;435;2083;209;825;1792;888;2680;1198;0;2245;1680;771;1578;376;301;448;1101;821
20250727;2716;1384;618;2707;337;969;2027;1070;3097;1675;0;2437;2245;891;2296;548;575;615;1578;844
20250728;4337;1461;934;3556;400;1765;3389;1692;5081;2553;0;4438;3413;1601;2982;701;433;731;1953;1068
20250729;5385;1902;1003;4433;538;2100;4043;2010;6053;3360;0;5451;4313;2110;3744;868;535;917;2600;1205
20250730;6498;3442;1417;6760;947;2724;5220;2616;7836;4108;0;6545;5941;2593;6067;1275;1413;1460;4557;1501
20250731;6034;2662;1120;6208;851;2555;4906;2453;7359;3728;0;6186;5493;2339;5434;1160;1060;1396;3878;1417
20250801;4566;2202;1029;4432;615;2060;3568;2610;6178;1929;0;4613;4009;2103;3795;919;762;1070;2702;1397
20250802;3529;2812;967;4421;813;1602;3371;2573;5944;1466;0;3000;3384;1184;4628;909;1206;1327;3282;1001
20250803;3471;2554;751;4140;787;1353;3092;2161;5253;1419;0;3050;3075;1048;3988;834;964;1049;2564;1142
20250804;5104;1788;1074;4262;658;2124;3679;2692;6371;1990;0;4974;4245;1829;3903;828;688;886;2601;1320
20250805;6414;3295;1432;7627;1044;2752;4781;3486;8267;2579;0;6461;6570;2394;6858;1379;1427;1866;4951;1427
20250806;6326;3069;1250;6626;1016;2789;4844;3537;8381;2617;0;6509;6057;2372;5847;1231;1208;1566;4335;1480
20250807;6069;2956;1319;7394;879;2649;4633;3347;7980;2489;0;6061;6202;2229;6200;1295;1208;1834;4229;1454
20250808;5200;2760;1242;7880;909;2142;3755;2705;6460;2016;0;5093;6034;1796;6545;1405;1315;2235;4313;1401
20250809;3407;3154;948;8533;695;1639;3485;2572;6057;1521;0;3104;5368;1123;7570;1372;1542;2537;4531;1102
20250810;3433;3223;1044;9705;789;1313;3031;2092;5123;1387;0;2986;5854;1037;8107;1433;1666;2743;4876;1254
20250811;5600;2645;1322;7408;881;2409;4185;3053;7238;2259;0;5605;6056;2100;6409;1473;1229;2096;4180;1371
20250812;6148;3054;1505;8524;974;2688;4689;3396;8085;2524;0;6260;6840;2389;7271;1394;1367;2250;4880;1423
20250813;5754;3007;1282;8476;819;2514;4366;3182;7548;2355;0;5860;6510;2257;7147;1514;1243;2225;4663;1498
20250814;4992;2453;1162;7424;665;2133;3730;2694;6424;2001;0;5140;5791;1914;6180;1322;1069;2178;3926;1465
20250815;3245;2939;872;9253;676;1397;2469;1760;4229;1317;0;2937;5631;1004;7487;1405;1539;2539;4558;1093
20250816;3057;2364;915;6813;557;1425;3004;2271;5275;1307;0;2782;4363;975;5684;1080;1070;2114;3330;1117
20250817;3496;3381;1011;6598;893;1416;3249;2261;5510;1486;0;3026;4338;989;5996;1154;1571;1924;4021;1138
20250818;5432;2553;1362;6605;914;2582;4482;3272;7754;2422;0;5667;5633;2240;5616;1292;1246;1762;3799;1487
20250819;6343;3140;1426;8543;959;2827;4930;3580;8510;2652;0;6476;7227;2571;7408;1477;1534;2124;5056;1534
20250820;6436;3342;1336;9461;941;2848;4952;3606;8558;2668;0;6623;7750;2505;7997;1630;1579;2474;5522;1489
20250821;3416;1008;503;2560;377;1492;2594;1888;4482;1400;0;3525;2889;1425;1792;528;227;577;1141;1040
20250822;4482;2189;971;4532;661;2067;3581;2621;6202;1937;0;4541;4452;1751;3749;870;679;1065;2905;1444
20250823;3047;2347;743;3567;616;1551;3298;2439;5737;1439;0;2918;2967;1151;3744;678;786;958;2544;1019
20250824;3511;3911;1041;6100;1176;1500;3420;2392;5812;1567;0;3060;4434;1140;6436;1292;1871;1731;4742;1352
20250825;5870;2717;1264;6068;1015;2665;4627;3378;8005;2501;0;5843;5686;2485;5348;1237;1133;1358;3916;1523
20250826;6347;3133;1368;7362;1019;2892;5023;3666;8689;2712;0;6603;6732;2697;6403;1339;1361;1754;4732;1560
20250827;6293;3049;1434;7250;871;2829;4897;3589;8486;2651;0;6680;6670;2666;6222;1393;1288;1709;4614;1618
20250828;6111;2781;1293;9581;959;2717;4718;3445;8163;2546;0;6194;7589;2546;7202;1592;1088;2567;4784;1579
20250829;5120;2314;1158;5656;719;2489;4328;3151;7479;2332;0;5275;5117;2129;4853;1074;880;1421;3138;1471
20250830;3045;2400;791;3987;725;1582;3343;2513;5856;1457;0;2670;3656;1197;3896;620;1004;1049;2746;977
20250831;3338;2633;660;4215;791;1306;2986;2081;5067;1366;0;2756;3881;1152;4136;859;954;1109;2832;1066
20250901;6256;2879;1515;6992;1039;2975;4849;3219;8068;2525;0;6479;6619;2765;6400;1401;1249;1844;4341;1652
20250902;4849;1564;1128;3739;626;2158;3545;2325;5870;1838;0;5058;4232;2353;3288;744;565;732;2391;1303
20250903;6663;2924;1434;6221;889;2983;4871;3224;8095;2534;0;6959;6306;2936;5790;1231;1084;1558;4256;1648
20250904;6706;3200;1583;8422;992;3063;5023;3308;8331;2603;0;7010;7385;2911;6996;1913;1479;2595;4983;1634
20250905;5057;2168;1202;4680;741;2449;4008;2645;6653;2080;0;5530;4677;2306;3989;939;683;1155;2754;1392
20250906;3748;2594;896;4545;877;1773;2942;1983;4925;1313;0;3320;4013;1410;4809;893;955;1327;3134;1300
20250907;3866;4036;1102;6891;1256;1655;2882;1987;4869;1553;0;3745;5094;1332;6890;1399;1878;2114;5267;1266
20250908;6135;2554;1482;5806;947;2802;4568;3030;7598;2380;0;6454;5938;2959;5267;1320;960;1377;3720;1631
20250909;6674;2956;1450;6325;1063;3080;5033;3327;8360;2619;0;7187;6516;3023;5643;1240;1153;1414;4302;1749
20250910;3353;979;698;2186;382;1515;2463;1639;4102;1285;0;3766;2729;1678;1781;482;184;500;1311;1142
20250911;5639;2360;1286;5591;908;2860;4667;3091;7758;2431;0;6115;5489;2651;4897;1207;946;1458;3491;1525
20250912;4091;1602;926;3279;623;2053;3355;2220;5575;1744;0;4547;3558;1960;2866;774;420;847;1908;1305
20250913;2954;1800;552;2908;525;1513;2513;1696;4209;1128;0;3102;2901;1308;3261;563;371;877;2050;1027
20250914;2649;1551;488;2568;507;1132;2002;1357;3359;1079;0;2317;2405;924;2706;600;350;812;1821;869
20250915;6125;2669;1248;5502;1069;2844;4640;3071;7711;2417;0;6286;5631;2841;5404;1165;1039;1346;3883;1663
20250916;4943;1205;969;3972;716;2213;3616;2391;6007;1882;0;5389;4010;2264;2550;673;314;641;1798;1209
20250917;5928;2054;1189;4408;996;2657;4331;2874;7205;2258;0;6425;5017;2792;3816;964;633;879;2911;1538
20250918;6104;2253;1224;4980;1117;2652;4354;2862;7216;2258;0;6358;5314;2800;4339;1026;796;1171;3176;1649
20250919;5673;2863;1325;6118;1210;2701;4417;2921;7338;2296;0;5852;6086;2468;5582;1207;1182;1637;4027;1756
20250920;4074;3446;960;7061;1208;2097;3488;2345;5833;1564;0;4073;5346;1723;6966;1230;1575;2309;4716;1454
20250921;3515;4348;1062;8723;1381;1498;2624;1799;4423;1414;0;3389;6075;1290;8636;1546;2051;2980;5832;1314
20250922;6092;2869;1366;6420;1338;2817;4568;3049;7617;2388;0;6696;6272;2838;5894;1316;1203;1616;4291;1684
20250923;5019;1531;935;3643;859;2375;3861;2569;6430;2013;0;5888;4372;2568;2813;772;363;771;2062;1305
20250924;2238;502;383;1284;320;957;1549;1035;2584;815;0;2480;3460;1234;927;298;97;263;739;596
20250925;3015;579;527;1779;439;1305;2125;1410;3535;1109;0;3536;2301;1531;1089;400;173;349;872;830
20250926;2145;559;459;1518;344;1042;1691;1126;2817;885;0;2720;1808;1150;973;322;147;309;766;717
20250927;2560;2034;652;2839;718;1393;2311;1562;3873;1037;0;2865;2668;1371;2747;627;678;687;2249;1040
20250928;2600;2417;668;3122;940;1189;2089;1427;3516;1122;0;2809;2898;1146;3129;742;871;838;2740;1024
20250929;4728;1773;1021;3673;880;2312;3761;2501;6262;1961;0;5703;4183;2487;2849;764;469;759;2262;1396
20250930;5103;1534;996;3652;761;2343;3805;2535;6340;1988;0;5804;4379;2618;2970;760;446;720;2158;1321
20251001;4429;1103;766;2744;602;1887;4359;3046;7405;1532;0;5329;3538;2278;2087;640;260;540;1491;1141
20251002;4614;1167;914;3319;696;2138;4603;3212;7815;1740;0;5624;3813;2404;2300;626;305;640;1628;1347
20251003;4006;1493;891;2919;711;1967;3896;2761;6657;1599;0;4787;3486;2070;2564;638;448;665;1886;1334
20251004;2183;1416;496;2035;547;1284;2920;1986;4906;1040;0;2638;2204;1127;1967;462;467;568;1660;885
20251005;1837;1133;458;1631;417;921;2118;1403;3521;903;0;2036;1762;792;1530;409;266;396;1238;742
20251006;3084;566;615;1661;456;1237;2885;2011;4896;1005;0;3525;2212;1538;1320;376;129;326;861;813
20251007;4178;1052;810;2770;652;2110;4250;2967;7217;1714;0;5187;3443;2353;2247;584;298;559;1606;1170
20251008;4760;1677;1001;3614;850;2306;4753;3322;8075;1873;0;5808;4210;2734;2912;820;648;744;2269;1399
20251009;3550;736;563;2166;497;1691;3634;2540;6174;1372;0;4440;2779;1975;1291;442;127;425;930;1045
20251010;3837;1286;779;2552;696;1737;3865;2707;6572;1410;0;4727;3241;2004;1996;534;322;525;1527;1224
20251011;2455;1479;525;2232;610;1357;3127;2146;5273;1096;0;2828;2169;1210;2083;403;440;500;1582;941
20251012;2207;1943;564;2400;697;1142;2542;1663;4205;1126;0;2436;2297;1034;2547;593;756;704;2190;935
20251013;4569;1121;882;2903;719;2072;4404;3054;7458;1683;0;5366;3807;2421;2171;622;332;564;1677;1289
20251014;5195;1594;971;3553;870;2339;4983;3452;8435;1900;0;6073;4266;2736;2995;723;556;743;2220;1341
20251015;4448;896;765;2735;661;1886;4320;2997;7317;1526;0;5267;3429;2357;2017;558;220;567;1463;1160
20251016;4922;1444;945;3402;811;2235;4838;3357;8195;1816;0;5898;4157;2594;2883;803;551;803;2224;1426
20251017;4048;1039;746;2695;653;1784;3814;2649;6463;1449;0;4652;3287;2112;2059;526;370;569;1506;1257
20251018;2145;1071;402;1677;453;1224;2782;1913;4695;992;0;2518;1848;1165;1546;383;259;425;1271;849
20251019;2193;1696;530;2421;555;1139;2282;1497;3779;1123;0;2188;2399;1023;2486;543;644;676;2042;919
20251020;4489;1062;788;2778;704;2002;4355;3020;7375;1631;0;5310;3638;2316;2161;592;303;619;1622;1224
20251021;4986;1308;868;3124;782;2292;4914;3419;8333;1865;0;5999;3950;2616;2768;678;437;710;1942;1282
20251022;5043;1261;910;3377;796;2199;4933;3441;8374;1788;0;6022;4112;2627;2551;683;489;706;1988;1328
20251023;4193;1270;766;2725;649;1856;4003;2771;6774;1509;0;4877;3445;2255;2351;578;441;640;1891;1204
20251024;3022;697;640;1940;464;1522;3295;2315;5610;1238;0;4034;2479;1775;1394;407;160;443;1045;1066
20251025;1918;1136;440;1661;496;1045;2492;1699;4191;847;0;2252;1790;1014;1516;384;480;388;1401;761
20251026;2010;1336;417;1894;490;891;2430;1592;4022;870;0;2330;1957;972;1793;379;452;533;1619;779
20251027;2986;597;462;1661;467;1236;2949;2076;5025;1002;0;3615;2195;1350;1196;372;148;289;934;731
20251028;3536;811;637;2315;504;1607;3798;2664;6462;1305;0;4651;2918;1833;1775;463;215;439;1276;905
20251029;4222;1574;748;3256;844;1987;4249;2977;7226;1617;0;5197;3809;2123;3056;701;703;855;2405;1126
20251030;3843;1069;667;2653;605;1781;3969;2745;6714;1449;0;4831;3188;1913;2157;567;367;489;1626;1077
20251031;3229;1307;723;2511;673;1630;3176;2228;5404;1323;0;3885;2824;1702;2424;557;586;657;1959;1058
20251101;1818;1235;524;1687;572;1124;1500;511;2011;832;0;2090;1893;814;2021;484;594;563;1698;816
20251102;1955;1427;573;2039;645;981;1504;534;2038;924;0;2191;2104;953;2189;444;688;609;1901;839
20251103;2950;483;564;1872;406;1388;2479;1128;3607;1131;0;3866;2290;1615;1188;362;125;354;819;947
20251104;4703;1457;952;3371;766;2259;3778;1700;5478;1834;0;5880;4127;2632;2945;776;527;801;2316;1228
20251105;4617;1173;854;3240;676;2155;3720;1678;5398;1758;0;5793;3959;2654;2608;713;456;740;1996;1285
20251106;4535;1122;849;3000;651;2094;3555;1605;5160;1704;0;5537;3676;2518;2205;665;299;659;1784;1211
20251107;3671;1071;738;2517;648;1844;2964;1422;4386;1499;0;4625;3083;2016;1960;525;315;620;1616;1186
20251108;2081;1166;481;1648;400;1213;1720;872;2592;899;0;2397;1847;1087;1595;352;401;401;1427;919
20251109;1641;1115;355;1652;443;855;1359;728;2087;804;0;1962;1702;923;1651;359;429;462;1270;706
20251110;4186;937;782;2747;627;1975;3302;1505;4807;1611;0;5143;3355;2198;1896;569;258;520;1472;1180
20251111;4594;1107;814;3057;666;2083;3609;1698;5307;1693;0;5625;3740;2620;2316;621;355;648;1785;1141
20251112;4116;898;712;2732;532;1906;3236;1609;4845;1549;0;5044;3341;2381;1896;537;255;536;1374;1116
20251113;3858;768;643;2452;481;1704;2905;1382;4287;1384;0;4524;2997;2156;1581;488;158;469;1167;1046
20251114;3051;623;544;1856;450;1410;2458;1139;3597;1148;0;3831;2275;1690;1206;377;136;404;1013;916
20251115;1836;555;351;1244;255;994;1421;697;2118;738;0;1988;1393;944;902;260;212;207;721;735
20251116;1762;993;337;1552;406;811;1358;748;2106;762;0;1972;1581;779;1430;375;345;392;1373;676
20251117;1740;272;295;960;257;757;1292;582;1874;613;0;2008;1171;913;621;193;66;178;433;472
20251118;3869;870;729;2497;499;1778;3082;1450;4532;1447;0;4794;3152;2227;1912;551;264;586;1433;1050
20251119;3715;759;639;2310;471;1702;2999;1419;4418;1379;0;4671;3012;2245;1795;596;222;538;1313;1063
20251120;3507;594;596;2072;333;1609;2776;1276;4052;1306;0;4317;2707;1994;1350;452;164;450;1099;1038
20251121;2723;451;482;1550;295;1250;2221;926;3147;1020;0;3460;2022;1528;1026;312;114;318;779;883
20251122;1430;361;234;793;204;773;1214;567;1781;566;0;1690;995;822;624;180;86;226;503;557
20251123;951;194;157;539;112;426;720;331;1051;402;0;1036;772;413;428;114;57;94;244;339
20251124;2591;375;361;1310;262;1151;2107;874;2981;938;0;3289;1808;1317;858;342;81;238;591;679
20251125;2358;285;385;1204;198;939;1889;846;2735;763;0;2934;1626;1287;792;287;51;221;543;580
20251126;2860;396;471;1548;266;1243;2357;1125;3482;1008;0;3671;2074;1681;1065;372;113;306;747;787
20251127;3209;536;540;1811;318;1413;2544;1258;3802;1149;0;3960;2481;1829;1273;470;165;378;927;935
20251128;2718;596;481;1637;321;1311;2156;936;3092;1063;0;3362;2103;1567;1353;447;207;407;994;909
20251129;1560;460;310;1040;214;877;1440;679;2119;647;0;2008;1167;879;816;226;153;255;576;629
20251130;1457;525;273;950;179;651;1159;592;1751;614;0;1673;1102;667;947;219;207;297;719;544
20251201;3195;632;568;1692;342;1393;1963;1107;3070;1232;0;3931;2375;1789;1305;470;184;395;993;899
20251202;3284;501;505;1666;289;1399;2083;1229;3312;1231;0;4181;2367;1838;1187;429;125;357;890;830
20251203;3267;507;481;1688;276;1373;1978;1237;3215;1211;0;3961;2368;1894;1172;409;128;342;858;867
20251204;3145;527;480;1606;274;1342;2005;1192;3197;1183;0;4014;2236;1835;1186;405;137;383;949;904
20251205;1849;272;338;1028;205;936;1290;753;2043;827;0;2611;1543;1177;692;263;71;189;474;663
20251206;1567;438;296;986;178;852;1092;635;1727;691;0;1889;1155;823;893;205;201;233;605;600
20251207;1443;756;277;1326;187;685;1069;582;1651;612;0;1710;1274;683;1268;322;394;510;1105;562
20251208;1410;319;246;976;168;757;889;566;1455;682;0;1793;1082;766;623;218;101;165;412;425
20251209;3394;686;573;1879;291;1612;2144;1282;3426;1421;0;4294;2704;2035;1440;450;137;443;1112;936
20251210;3493;627;561;1938;270;1558;2110;1334;3444;1363;0;4215;2715;2045;1500;433;187;443;1109;966
20251211;3654;801;617;2106;316;1659;2303;1333;3636;1462;0;4614;2742;2160;1604;458;252;485;1216;1096
20251212;2698;525;494;1594;269;1334;1790;1063;2853;1172;0;3598;2138;1708;1081;366;121;307;776;957
20251213;1655;340;285;941;146;952;1156;646;1802;770;0;1998;1045;1006;642;200;95;190;499;682
20251214;1380;411;270;1005;188;623;1062;554;1616;552;0;1694;1056;723;831;256;183;285;616;552
20251215;2832;461;480;1453;199;1256;1746;979;2725;1103;0;3499;2060;1563;957;309;79;287;717;792
20251216;2977;550;452;1550;217;1315;1879;1167;3046;1160;0;3772;2174;1723;1068;349;96;313;779;774
20251217;3029;559;521;2275;226;1395;1901;1217;3118;1229;0;3817;2115;1694;1080;329;116;336;838;835
20251218;3070;479;484;2105;236;1300;1867;1048;2915;1148;0;3740;1955;1648;1075;367;98;302;758;847
20251219;2558;425;461;1959;226;1188;1596;944;2540;1046;0;3202;1815;1448;900;300;93;273;684;839
20251220;1372;359;312;1062;126;866;975;491;1466;699;0;1695;904;814;524;204;130;151;400;607
20251221;1224;322;220;849;109;460;806;401;1207;410;0;1279;775;561;587;137;120;174;370;423
20251222;2086;371;425;1763;154;1066;1285;802;2087;935;0;2573;1637;1247;809;299;78;233;579;656
20251223;1242;194;332;987;138;668;820;506;1326;593;0;1658;917;763;512;202;45;118;297;392
20251224;558;105;174;398;62;227;304;185;489;201;0;623;373;195;195;80;24;61;150;139
20251225;394;139;133;376;64;217;324;219;543;190;0;653;355;135;264;126;52;70;179;120
20251226;600;243;161;567;128;289;387;255;642;251;0;788;533;251;580;176;164;162;400;190
20251227;750;320;227;777;131;390;547;278;825;314;0;961;662;371;733;144;157;176;450;300
20251228;739;280;177;747;101;330;635;324;959;296;0;1010;685;309;607;126;133;209;440;278
20251229;1217;410;356;1153;167;646;744;441;1185;570;0;1510;1076;602;869;244;183;264;664;386
20251230;957;257;262;860;117;517;657;369;1026;454;0;1323;802;547;475;167;55;152;371;294
20251231;646;191;155;574;96;321;416;243;659;281;0;836;534;327;283;129;36;101;249;187
20240101;0;459;209;978;124;379;692;304;996;458;80;765;770;269;800;309;170;317;591;
20240102;0;372;401;1046;149;706;1017;539;1556;606;93;1600;1109;593;793;226;151;227;645;
20240103;0;873;463;1689;275;1026;1616;761;2377;877;233;2256;1646;863;1369;342;309;418;1175;
20240104;0;407;321;997;156;827;1089;703;1792;595;169;1908;990;692;643;219;107;221;506;
20240105;0;692;436;1363;277;908;1377;748;2125;740;169;2106;1441;760;977;310;239;322;896;
20240106;0;50;88;289;51;310;336;246;582;162;46;522;431;221;96;74;14;55;111;
20240107;0;123;116;399;53;376;381;289;670;194;65;698;508;266;178;94;22;78;103;
20240108;0;262;263;866;130;878;972;620;1592;422;80;1779;1074;738;430;211;41;170;366;
20240109;0;326;279;870;147;969;1030;665;1695;491;126;2073;1192;814;505;239;55;217;407;
20240110;0;349;315;1022;148;1063;1151;778;1929;497;121;2308;1269;890;602;239;63;230;470;
20240111;0;407;316;1068;172;1149;1362;868;2230;551;171;2413;1443;965;633;266;85;268;536;
20240112;0;345;338;982;150;1043;1212;718;1930;532;141;2130;1218;876;590;262;78;259;497;
20240113;0;360;192;639;109;769;817;484;1301;371;137;1158;835;530;433;149;89;185;377;
20240114;0;440;201;865;145;612;660;467;1127;405;146;1034;936;432;674;177;157;269;574;
20240115;0;505;377;1321;192;1294;1474;902;2376;664;190;2743;1640;1084;815;316;98;305;755;
20240116;0;561;394;1348;232;1343;1582;991;2573;704;178;2821;1686;1128;910;339;128;318;772;
20240117;0;471;386;1396;241;1378;1492;941;2433;652;161;2750;1606;1157;818;304;104;314;709;
20240118;0;374;250;1027;147;1100;1283;747;2030;573;158;2172;1285;923;585;255;108;231;493;
20240119;0;406;385;1144;184;1176;1405;837;2242;618;183;2447;1488;985;681;246;86;276;559;
20240120;0;456;257;860;131;874;938;575;1513;467;178;1341;934;599;770;195;186;251;755;
20240121;0;552;230;1014;165;677;931;483;1414;488;107;1155;1068;478;993;229;205;306;749;
20240122;0;480;361;902;205;1323;1560;907;2467;724;162;2758;1687;1111;847;295;124;255;757;
20240123;0;532;377;1310;201;1433;1764;1062;2826;709;197;3030;1710;1205;770;283;103;299;695;
20240124;0;547;381;1213;208;1450;1758;1041;2799;714;184;3005;1685;1213;820;272;115;331;731;
20240125;0;659;442;1620;231;1586;1998;1167;3165;863;211;3290;1947;1328;1115;343;141;392;949;
20240126;0;522;457;1302;202;1466;1844;1014;2858;702;204;2806;1620;1232;867;292;149;317;758;
20240127;0;512;287;955;157;906;1110;621;1731;554;171;1448;1063;628;579;172;148;213;675;
20240128;0;1088;290;1444;400;873;1161;577;1738;802;184;1387;1357;620;725;344;553;547;1485;
20240129;0;701;476;1645;286;1584;1890;1007;2897;908;202;3039;1933;1326;1076;356;208;376;1044;
20240130;0;752;482;1775;310;1682;2066;1123;3189;1005;198;3444;2219;1411;1241;399;203;443;1164;
20240131;0;633;497;1682;259;1748;1999;1113;3112;951;249;3187;2021;1468;1134;383;141;379;960;
20240201;0;415;451;1283;157;1465;1564;960;2524;727;166;2649;1701;1170;1115;262;92;291;626;
20240202;0;615;448;1435;232;1439;1632;909;2541;798;210;2598;1717;1147;1138;318;207;375;838;
20240203;0;776;312;1036;237;1048;1091;663;1754;578;240;1333;1077;639;825;241;224;346;863;
20240204;0;641;245;888;211;662;791;555;1346;479;125;1085;968;401;867;161;167;199;641;
20240205;0;445;407;1404;167;1119;1054;1159;2213;681;176;2415;1536;890;1016;290;168;288;637;
20240206;0;682;410;1610;256;1323;1298;1346;2644;777;249;2698;1823;1055;1208;310;190;299;893;
20240207;0;642;416;1655;244;1419;1281;1367;2648;814;240;2906;1815;1133;1203;334;216;368;871;
20240208;0;532;472;1594;200;1282;1209;1323;2532;852;217;2734;1682;1026;1121;319;174;347;819;
20240209;0;833;477;1559;316;1185;1332;1236;2568;889;219;2379;1594;947;1073;320;324;372;1111;
20240210;0;1572;420;1803;484;1191;1404;746;2150;1042;286;1553;1607;725;1222;389;744;613;1900;
20240211;0;227;176;676;72;616;686;442;1128;345;130;1127;803;374;717;145;47;128;257;
20240212;0;951;611;2133;362;1797;2168;1278;3446;1225;273;3600;2386;1431;1553;482;291;476;1380;
20240213;0;853;654;2092;319;1904;2240;1361;3601;1139;283;3478;2304;1519;1597;452;226;525;1336;
20240214;0;990;688;2280;374;1917;2417;1339;3756;1259;336;3775;2484;1530;1747;521;335;567;1494;
20240215;0;871;572;2066;334;1820;2227;1256;3483;1162;291;3494;2238;1451;1449;450;281;483;1257;
20240216;0;1327;720;2446;508;1870;2496;1366;3862;1301;370;3257;2467;1493;2067;546;434;645;1884;
20240217;0;392;237;877;117;950;1062;680;1742;495;189;1338;1044;581;673;207;123;253;592;
20240218;0;1826;576;2688;594;1246;1728;807;2535;1168;347;1745;2107;759;2859;541;909;870;2600;
20240219;0;544;474;1642;205;1452;1767;1133;2900;820;177;2929;1887;1159;1055;318;115;349;790;
20240220;0;839;643;2009;317;1919;2295;1365;3660;1121;273;3610;2437;1531;1573;418;236;510;1266;
20240221;0;1040;733;2398;395;2023;2477;1399;3876;1334;293;3839;2627;1613;1844;484;309;579;1572;
20240222;0;787;633;2056;300;1952;2254;1347;3601;1130;262;3562;2407;1558;1454;451;263;513;1283;
20240223;0;312;373;1178;117;1267;1353;809;2162;689;176;2217;1533;1011;617;222;83;276;475;
20240224;0;1229;423;1552;383;1254;1622;844;2466;940;274;1731;1467;765;1551;324;447;503;1527;
20240225;0;1589;468;2010;519;1108;1478;759;2237;979;237;1588;1713;672;2095;435;695;621;1935;
20240226;0;1162;730;2434;443;1995;2555;1394;3949;1351;294;3896;2729;1594;1935;518;343;619;1669;
20240227;0;1092;777;2558;416;2142;2586;1554;4140;1409;300;4191;2951;1709;1979;507;347;621;1779;
20240228;0;1061;844;2527;403;2163;2715;1552;4267;1424;332;4129;2787;1725;1944;556;372;646;1609;
20240229;0;1311;807;2781;499;2123;2926;1567;4493;1563;361;4254;3008;1692;2203;648;488;705;1880;
20240301;0;539;562;1624;293;1681;1946;1048;2994;929;231;2954;1850;1181;1046;375;131;418;919;
20240302;0;1086;352;1537;299;1579;1677;868;2545;857;271;1778;1427;796;1292;331;320;428;1156;
20240303;0;1942;763;4131;459;1797;2636;1076;3712;1615;448;2233;3069;853;4877;785;1431;1591;4103;
20240304;0;1484;993;3393;561;2646;3337;1818;5155;1799;410;4711;3490;1857;3135;762;798;957;2592;
20240305;0;1301;823;2957;494;2775;3322;1871;5193;1574;442;4801;3255;1946;2239;622;335;632;1835;
20240306;0;1320;888;2813;503;2667;3357;1947;5304;1601;458;4995;3268;1870;2233;619;426;714;2043;
20240307;0;921;609;2056;347;2240;2606;1514;4120;1118;370;4205;2534;1572;1384;467;213;479;1186;
20240308;0;775;577;1672;295;1858;2060;1133;3193;942;294;3372;1984;1304;1077;363;164;429;1001;
20240309;0;880;348;1003;243;1655;1312;694;2006;685;215;1752;1182;832;867;244;165;268;900;
20240310;0;1092;350;1633;253;1419;1418;823;2241;908;239;1672;1503;676;1408;354;352;474;1435;
20240311;0;682;540;1456;260;1560;1657;1163;2820;840;210;2714;1908;1094;1119;353;166;351;1037;
20240312;0;383;271;916;147;1125;1094;784;1878;460;134;1933;1205;786;524;193;55;195;388;
20240313;0;1149;748;2578;438;2583;3113;2192;5305;1397;348;4446;3023;1810;1967;559;397;661;1721;
20240314;0;1273;896;3077;484;2631;3405;2396;5801;1541;405;4951;3503;1846;2449;710;544;715;2143;
20240315;0;1391;912;3130;530;2019;3247;2268;5515;1688;442;4239;3253;1769;2691;682;639;814;2271;
20240316;0;1711;560;2568;469;1387;2588;2119;4707;1337;458;2495;2362;1129;2513;547;573;867;2127;
20240317;0;1756;555;2946;414;1279;2496;1697;4193;1464;395;2216;2628;881;3170;655;817;1020;2984;
20240318;0;1335;755;2889;511;2122;3239;2282;5521;1625;411;4657;3324;1898;2297;671;386;709;1930;
20240319;0;1241;767;2945;473;2046;3345;2355;5700;1502;359;4883;3279;1980;2202;625;360;687;1817;
20240320;0;1412;847;3047;538;2174;3530;2482;6012;1717;458;5066;3462;2082;2581;743;520;753;2249;
20240321;0;1352;828;3541;511;2121;3563;2508;6071;1635;461;4948;3390;2025;2287;665;396;733;2139;
20240322;0;1245;920;3563;474;1915;3014;2124;5138;1510;403;4162;2979;1627;2293;653;501;694;2079;
20240323;0;1430;460;3392;393;1092;1772;1457;3229;1113;336;1828;1723;865;2113;448;643;624;2243;
20240324;0;1009;428;3003;240;872;1441;988;2429;843;307;1676;1626;623;1767;385;336;547;1452;
20240325;0;945;626;2636;359;1583;2481;1731;4212;1156;410;3608;2512;1400;1679;433;286;521;1323;
20240326;0;1065;651;2872;406;1670;2690;1897;4587;1293;365;3867;2696;1533;1846;451;314;535;1530;
20240327;0;1135;650;3135;428;1650;1970;1325;3295;1378;398;3857;2682;1439;2011;455;368;516;1566;
20240328;0;1080;685;3202;408;1513;1688;1127;2815;1310;342;3287;2375;1192;2075;492;414;620;1684;
20240329;0;1302;759;4620;497;1680;1829;1220;3049;1579;455;2894;2634;1131;3015;636;740;934;2410;
20240330;0;1675;555;4072;458;1073;1382;1055;2437;1310;427;1929;1847;666;2530;482;679;762;2087;
20240331;0;1392;450;1793;329;889;1274;823;2097;1161;376;1534;1793;453;2463;432;607;751;1874;
20240401;0;1607;509;2919;633;981;1238;857;2095;1343;433;1696;2173;633;2948;537;711;855;2123;
20240402;0;1194;751;2751;422;1729;1749;1315;3064;1456;371;4025;3123;1616;2014;527;274;594;1558;
20240403;0;1679;1048;4862;592;2383;2601;1964;4565;2036;485;5263;4048;2057;3551;815;829;966;2855;
20240404;0;1318;921;3886;467;2028;2411;1827;4238;1605;472;4750;3667;1837;2840;684;511;806;2309;
20240405;0;1743;1158;4994;619;2448;2747;2080;4827;2117;613;4864;4155;1986;3648;856;888;1187;2976;
20240406;0;2708;1004;8825;530;1918;2920;2093;5013;2108;806;3599;4682;1541;6441;1137;1953;2331;4953;
20240407;0;2998;1243;10676;710;1816;3234;2228;5462;2500;859;3713;6451;1460;10829;1884;3138;4049;7404;
20240408;0;2016;1316;6104;707;2885;5086;3627;8713;2440;620;6407;5178;2560;4457;1090;835;1316;3516;
20240409;0;2158;1441;6972;757;3020;5535;3947;9482;2615;675;7170;5529;2767;5093;1145;1073;1491;4025;
20240410;0;1125;735;2757;396;2073;3566;2543;6109;1367;439;5459;3340;2140;2012;529;285;590;1423;
20240411;0;1927;1214;5515;678;2754;5192;3702;8894;2336;646;6563;4878;2619;4024;980;883;1268;3364;
20240412;0;1936;1186;6296;683;2739;4795;3420;8215;2346;788;5787;4958;2440;4597;1110;1191;1586;3734;
20240413;0;2967;1185;9904;579;2108;5038;3355;8393;2306;870;4100;5464;1797;7225;1146;2146;2784;5308;
20240414;0;3056;1385;8932;720;1994;4893;2881;7774;2540;895;4129;6315;1971;9052;1488;2439;3524;6236;
20240415;0;1092;821;2617;383;1790;2913;2077;4990;1328;309;4323;3019;1749;1911;481;341;570;1572;
20240416;0;667;494;1321;234;1276;1938;1382;3320;812;249;3446;2290;1455;965;333;125;300;867;
20240417;0;1077;761;2717;377;1767;2875;2050;4925;1312;312;4883;3226;1950;1987;566;284;574;1588;
20240418;0;1090;767;3042;382;1895;3208;2287;5495;1324;366;5193;3357;2044;2221;542;347;619;1826;
20240419;0;1087;769;2544;381;1751;2658;1895;4553;1316;343;4152;3057;1781;1858;503;328;595;1453;
20240420;0;529;259;817;106;768;1152;767;1919;416;168;1502;1073;697;605;171;115;188;483;
20240421;0;913;439;1780;216;1183;1514;892;2406;763;394;2057;2262;982;1790;421;528;620;1699;
20240422;0;1083;649;2662;381;1724;2766;1972;4738;1317;246;4400;2830;1846;1946;481;283;470;1432;
20240423;0;523;440;1128;184;1074;1699;1211;2910;632;186;3049;1844;1299;824;277;98;253;597;
20240424;0;503;387;1174;195;1021;1709;1219;2928;674;193;2960;1751;1266;860;264;128;232;587;
20240425;0;1035;742;2871;385;1904;3321;2368;5689;1327;365;4764;3418;1992;2098;586;365;676;1795;
20240426;0;1546;877;3884;493;2107;3574;2549;6123;1706;614;4866;3572;1975;2838;737;637;945;2426;
20240427;0;2815;914;6372;499;1884;3435;2288;5723;1990;655;3246;3832;1120;4654;833;1429;1741;3683;
20240428;0;3460;1081;6705;667;1756;3706;2182;5888;2338;663;3333;4733;1402;6797;1295;2009;2388;5504;
20240429;0;2141;1290;6605;727;2711;5093;3632;8725;2498;605;6505;5351;2573;4821;1016;980;1482;3462;
20240430;0;2237;1413;7189;726;2967;5926;4226;10152;2490;729;7113;5724;2925;5249;1162;1100;1600;3815;
20240501;0;1938;1074;5191;859;1886;4378;2595;6973;2134;662;3744;5067;1473;7544;1113;1427;2085;4378;
20240502;0;1222;1004;3874;567;2406;4380;2882;7262;1894;528;5896;4163;2123;3220;772;528;958;2409;
20240503;0;636;578;1880;246;1264;2241;1475;3716;829;244;3017;2017;1162;1100;374;129;348;765;
20240504;0;3270;948;4104;662;2145;4105;2513;6618;1957;637;3392;4291;1593;5223;986;1396;1661;3749;
20240505;0;4637;1079;5161;1007;1898;4007;2375;6382;2491;643;3486;5039;1299;7078;1282;2372;2374;5354;
20240506;0;2121;1227;4751;681;2584;4915;3235;8150;2280;562;6140;5104;2234;4303;892;933;1177;3160;
20240507;0;1326;908;3623;531;2314;4325;2846;7171;1782;428;5886;3885;1968;2488;644;343;689;1846;
20240508;0;828;638;2458;320;1609;2839;1869;4708;1067;312;4052;2639;1321;1425;447;209;438;1071;
20240509;0;4768;1107;4977;999;1886;4264;2527;6791;2482;710;3384;4865;1294;7048;1436;2173;2498;5410;
20240510;0;2569;1205;3925;627;2267;4441;2923;7364;2094;647;4631;4226;1477;4089;899;1123;1416;2965;
20240511;0;3337;961;3852;660;1861;3899;2387;6286;1943;683;3154;4062;1219;5208;906;1544;1763;3839;
20240512;0;3645;1103;4508;818;1682;3661;2170;5831;2015;682;3135;4412;1040;6310;1171;1793;1913;4410;
20240513;0;2349;1211;4721;728;2828;4996;3289;8285;2432;634;6529;5070;2098;3855;955;720;1155;3076;
20240514;0;2918;1375;5517;820;2933;6003;3950;9953;2747;672;7361;5928;2403;5171;1200;1101;1604;4162;
20240515;0;2701;1326;5311;786;2935;5830;3837;9667;2620;665;7289;5699;2159;4755;1193;1012;1397;3873;
20240516;0;1556;903;3582;496;2284;4066;2676;6742;1645;457;5817;3845;1888;2598;639;350;715;1949;
20240517;0;468;392;1782;194;1029;1752;1153;2905;662;260;2809;1930;943;684;323;93;225;505;
20240518;0;2635;808;3037;568;1702;3324;2035;5359;1672;578;2824;3197;996;4040;807;1066;1132;2978;
20240519;0;4150;1135;5543;1003;1826;3903;2313;6216;2466;729;3207;5458;959;8036;1358;2564;2791;5414;
20240520;0;4306;1299;5836;943;1856;4083;2420;6503;2347;748;3517;5717;1099;7797;1410;2531;2752;5621;
20240521;0;832;714;2679;337;1639;3014;1984;4998;1116;346;4285;2877;1350;1566;481;239;509;1114;
20240522;0;2002;1062;4289;641;2517;4687;3085;7772;2132;552;6141;4609;1916;3624;875;642;997;2740;
20240523;0;2999;1260;5379;758;2981;5767;3796;9563;2546;652;7146;5780;2194;4834;1163;1157;1538;3752;
20240524;0;1474;794;3046;406;1765;3298;2170;5468;1354;367;4233;3274;1410;2081;580;387;653;1639;
20240525;0;1353;523;2105;365;1369;2297;1406;3703;1081;310;2256;2205;990;2097;479;385;562;1458;
20240526;0;3436;874;4281;779;1572;3552;2106;5658;1931;605;3019;4179;1044;5147;1019;1437;1627;4149;
20240527;0;2908;1297;5585;776;2986;5506;3624;9130;2596;620;6882;5995;2112;5443;1139;1220;1519;3976;
20240528;0;2136;1198;4922;617;2765;5029;3310;8339;2068;588;6671;5288;2046;4123;964;611;1119;2976;
20240529;0;2826;1371;5275;742;2916;5582;3673;9255;2466;694;6872;5674;2063;5005;1142;1164;1530;3708;
20240530;0;4067;1064;4076;844;1599;3305;1958;5263;2082;521;3050;3980;925;6138;1094;1943;1716;4667;
20240531;0;867;508;1772;235;1101;1919;1262;3181;798;262;2600;1923;737;1142;305;200;356;802;
20240601;0;1541;547;1985;356;1262;2469;1467;3936;1036;371;2339;2084;761;3288;498;508;648;1719;
20240602;0;3129;1040;3701;728;1500;3179;1773;4952;1917;504;3019;3620;920;8260;1022;1405;1472;4149;
20240603;0;1200;859;3015;478;1618;2838;1807;4645;1369;333;4028;3244;1348;3767;523;389;626;1457;
20240604;0;2070;954;4295;597;2365;4089;2602;6691;1842;455;5694;4609;1816;5368;768;730;977;2480;
20240605;0;3506;1458;6326;1051;3110;6005;3822;9827;2923;762;7358;6799;2230;10425;1403;1669;1961;4879;
20240606;0;2750;1206;5516;795;2914;5737;3652;9389;2398;640;6860;5928;2118;7720;1068;1080;1470;3800;
20240607;0;2563;1228;5562;791;2911;5311;3380;8691;2605;715;6211;5510;1921;4740;1064;1111;1741;3377;
20240608;0;3020;1068;5960;898;1692;2588;1538;4126;1944;627;3622;4511;1254;5550;1017;1595;1831;4210;
20240609;0;2404;999;4059;798;1327;2825;1575;4400;1523;454;2661;3496;918;4227;825;1219;1279;3061;
20240610;0;633;507;1752;292;1167;1813;1154;2967;822;243;2867;2613;955;1118;388;160;293;873;
20240611;0;2487;1047;4521;654;2510;4588;2920;7508;2101;566;6321;6498;2018;3622;1000;707;1073;2910;
20240612;0;1277;772;3054;421;1792;3247;2067;5314;1440;390;4970;4456;1525;2304;637;357;663;1798;
20240613;0;2003;1012;4145;639;2399;4454;2835;7289;1950;539;5896;6030;1900;3306;836;586;932;2614;
20240614;0;2446;1194;5032;821;2634;4558;2901;7459;2249;640;5586;6973;1858;4134;977;951;1155;3257;
20240615;0;3433;892;6515;746;1862;3562;2116;5678;1887;543;3260;6052;1228;5873;1065;1281;2053;4072;
20240616;0;3664;1064;5736;1012;1572;3269;1823;5092;2141;552;3000;6810;1069;5793;1071;1586;1811;4568;
20240617;0;2861;1486;6980;958;2980;5964;3796;9760;2684;654;7199;8308;2300;6141;1327;1267;1869;4206;
20240618;0;3207;1507;10732;969;3224;5922;3768;9690;2699;740;7471;8361;2406;7135;1461;1416;2661;4770;
20240619;0;2991;1375;11863;885;3025;5894;3751;9645;2524;737;7466;7826;2417;7661;1628;1313;2951;4973;
20240620;0;2910;1340;7212;957;2924;5785;3681;9466;2567;662;6953;7952;2447;5386;1201;1056;1785;4272;
20240621;0;2689;1282;5347;671;2468;4848;3085;7933;1996;647;5662;6191;1983;6260;1628;1012;1369;4086;
20240622;0;2465;779;4078;477;1710;3096;1839;4935;1389;548;2888;4481;1108;4410;1252;897;1054;3148;
20240623;0;4665;1252;7655;1009;1855;3872;2159;6031;2243;632;3540;7093;1306;8689;1991;2189;1724;6298;
20240624;0;2816;1363;7686;1028;2915;5642;3590;9232;2616;709;6721;8089;2594;6190;1296;1182;1902;4096;
20240625;0;3269;1498;6910;1040;3161;6201;3947;10148;2742;732;7413;8485;2638;6349;1308;1261;1989;4533;
20240626;0;2741;1202;5820;762;2772;5233;3330;8563;2250;621;6668;6987;2537;4745;1013;839;1450;3519;
20240627;0;2555;1149;5881;811;2723;5407;3442;8849;2423;691;6600;7485;2476;4645;1029;848;1495;3381;
20240628;0;2496;1173;6597;788;2395;4822;3069;7891;2021;677;5432;6268;2043;5243;1120;1263;1879;3645;
20240629;0;3055;942;8742;668;1767;3306;1963;5269;1433;565;3239;4614;1232;7772;1415;1450;3226;4603;
20240630;0;2886;907;7579;609;1404;2912;1624;4536;1382;420;2629;4386;916;6867;1224;1258;2886;4349;
20240701;0;1690;968;4663;576;2313;3376;2383;5759;1750;426;4919;4474;1813;3136;790;488;987;2407;
20240702;0;2559;1191;6251;888;3034;4482;3165;7647;2335;590;6459;5903;2308;4490;999;764;1356;3470;
20240703;0;2369;1105;5593;697;2764;4307;3039;7346;2168;549;5856;5357;2155;4064;988;905;1194;3136;
20240704;0;2789;1196;6205;829;2793;4520;3189;7709;2267;563;6011;5642;2219;4765;1035;997;1387;3728;
20240705;0;2816;1281;7496;790;2556;4381;3095;7476;2064;536;5113;5701;1834;5579;1197;1175;1770;3795;
20240706;0;2958;878;8068;723;1824;3175;2152;5327;1752;552;2949;5319;1075;6469;1124;1246;2561;4079;
20240707;0;2732;777;4194;580;1239;2283;1675;3958;1371;356;2251;3033;792;3919;780;1131;1141;2917;
20240708;0;2495;1202;5989;776;2631;4017;2834;6851;2207;568;5391;5614;1966;4686;1084;954;1485;3667;
20240709;0;3079;1331;9191;941;2886;5145;3628;8773;2451;568;6204;7488;2117;7331;1413;1420;2459;5148;
20240710;0;2689;1294;9414;773;2658;4938;3483;8421;2105;573;5826;7314;2095;7169;1326;1191;2649;4683;
20240711;0;2452;1134;8173;744;2473;4341;3067;7408;1997;526;5417;6431;2027;5929;1374;1072;2172;4139;
20240712;0;1986;981;6033;587;1975;3265;2299;5564;1534;416;4092;4734;1415;4708;1013;976;1793;3131;
20240713;0;3205;944;7457;659;1639;3153;2137;5290;1568;560;2860;4870;1016;5735;1100;1303;2245;3851;
20240714;0;3714;1029;9812;878;1611;3344;2455;5799;1745;544;3008;6055;1060;7957;1526;1988;2986;5229;
20240715;0;2569;1199;8494;795;2563;4417;3116;7533;2120;531;5524;6545;1906;6565;1403;1227;2214;4302;
20240716;0;2924;1275;9449;865;2985;4929;3475;8404;2160;568;6067;6891;2164;7389;1513;1315;2586;4912;
20240717;0;3024;1248;8470;825;2742;5119;3609;8728;2484;579;6101;1411;2200;6822;1349;1228;2113;4504;
20240718;0;2846;1327;8908;765;2580;4908;3466;8374;2228;562;5713;761;2035;6752;1393;1345;2253;4648;
20240719;0;2782;1191;8506;714;2366;4226;2982;7208;1949;606;4761;1182;1639;6227;1376;1211;2351;4079;
20240720;0;2624;1001;4896;658;1798;3284;2226;5510;1594;491;2876;665;1128;4132;912;987;1432;3138;
20240721;0;4125;1112;10510;825;1552;3164;2323;5487;1728;522;3027;1236;1019;8821;1584;2268;3189;5744;
20240722;0;2326;1192;6351;661;2572;4090;2884;6974;2029;548;5248;912;1815;4873;1121;914;1447;3341;
20240723;0;2856;1236;7234;780;2790;5109;3604;8713;2453;562;6016;1081;2138;5738;1191;1176;1739;4153;
20240724;0;2452;1164;5866;697;2463;4690;3309;7999;2082;505;5515;1019;1911;4254;964;726;1324;3312;
20240725;0;3012;1344;6880;856;2594;5054;3559;8613;2452;616;6414;1088;2116;5502;1185;1225;1487;4120;
20240726;0;3008;1235;7451;666;2404;4546;3206;7752;2135;586;5346;906;1794;5743;1302;1275;1751;4080;
20240727;0;3144;911;8323;575;1593;3286;2227;5513;1518;506;3393;914;1113;6409;1266;1380;2222;4329;
20240728;0;3110;879;5586;743;1419;3004;2201;5205;1636;465;2950;631;1011;4719;1065;1223;1560;3592;
20240729;0;2703;1337;7190;865;2602;4872;3436;8308;2401;600;5583;982;1936;5895;1212;1265;1734;4203;
20240730;0;3220;1487;8475;934;2734;5483;3870;9353;2684;637;6154;1213;2153;6688;1393;1516;2223;4895;
20240731;0;3402;1430;9106;846;2623;5158;3638;8796;2587;649;6075;971;2066;7224;1462;1383;2323;5080;
20240801;0;2588;1195;6829;796;2593;4624;3258;7882;2350;523;5532;851;1982;5156;1104;957;1708;3821;
20240802;0;2446;1086;5652;647;2167;4033;2847;6880;1795;513;4691;739;1581;4365;950;805;1325;3023;
20240803;0;3328;975;6620;747;1784;3284;2226;5510;1754;531;2899;861;1063;5710;980;1344;1824;3814;
20240804;0;2056;704;3897;545;1238;2347;1721;4068;1225;361;2327;470;750;2995;687;765;986;2246;
20240805;0;1676;879;4205;532;1942;3101;2191;5292;1647;400;4234;524;1403;3005;739;543;872;2184;
20240806;0;3700;1424;8067;1015;2635;5133;3621;8754;2656;601;5840;803;1966;6835;1281;1651;2017;5057;
20240807;0;3268;1496;8244;949;2711;4897;3457;8354;2454;625;5923;699;1956;6941;1359;1429;2184;4967;
20240808;0;2211;1099;4973;537;2151;3676;2591;6267;1699;464;4907;973;1602;3977;822;832;1334;2936;
20240809;0;2892;1252;6402;812;2239;4367;3081;7448;2056;582;4457;693;1607;5612;1133;1251;2020;4059;
20240810;0;3303;1005;6910;602;1691;3339;2260;5599;1501;534;2745;601;968;6115;1052;1475;2217;4123;
20240811;0;3668;1053;8108;701;1389;2921;2138;5059;1578;510;2506;654;863;7551;1376;1841;2808;4855;
20240812;0;2547;1208;6628;786;2357;4253;3000;7253;2134;580;4688;693;1638;5791;1197;1175;1897;3927;
20240813;0;2601;1184;6917;690;2292;4368;3081;7449;2122;519;5128;771;1834;5978;1245;1058;2077;4175;
20240814;0;2413;1135;6037;626;2146;3869;2731;6600;1809;449;4558;578;1542;5379;1063;1051;1608;3400;
20240815;0;3369;966;7553;671;1368;2948;2160;5108;1546;478;2539;746;838;6844;1373;1743;2380;4428;
20240816;0;2364;1049;5885;544;1720;3433;2423;5856;1543;469;3198;895;1109;5088;1051;981;1698;3239;
20240817;0;2146;672;3230;400;1016;2198;1490;3688;999;353;1827;536;639;3336;633;877;1023;2218;
20240818;0;2731;891;5014;693;1278;2720;1994;4714;1485;447;2319;749;795;5201;1007;1383;1557;3369;
20240819;0;2185;1169;5265;703;2282;3861;2729;6590;1971;515;4798;966;1911;4052;964;744;1390;3052;
20240820;0;2854;1321;6221;847;2545;4475;3162;7637;2415;568;5405;616;2121;5603;1223;1175;1670;4021;
20240821;0;2361;1137;4964;653;2205;3833;2704;6537;2032;473;4496;3584;1809;3972;859;657;1123;3051;
20240822;0;2801;1428;5970;886;2436;4639;3275;7914;2389;600;4824;5522;1948;5243;1121;1178;1517;3852;
20240823;0;2973;1320;6989;789;2278;4138;2916;7054;2076;578;4015;5539;1664;5736;1195;1315;2092;4048;
20240824;0;3107;1073;7990;644;1614;3332;2256;5588;1553;599;2328;5784;1037;7237;1264;1626;2325;4173;
20240825;0;3643;1011;8134;800;1405;2988;2194;5182;1582;543;2371;5628;984;7194;1316;1675;2659;4587;
20240826;0;2425;1290;6151;750;2480;4260;3003;7263;2185;585;4852;5743;2114;4799;1178;913;1738;3510;
20240827;0;2853;1477;6707;907;2651;4578;3233;7811;2603;687;5277;6370;2360;5589;1255;1147;1674;4299;
20240828;0;3183;1381;7632;900;2674;4596;3242;7838;2538;650;5156;6923;2254;6504;1419;1330;2044;4883;
20240829;0;2745;1273;7440;808;2760;4423;3118;7541;2346;606;5493;6684;2227;6494;1424;1276;2191;4515;
20240830;0;2696;1308;6839;701;2390;4036;2852;6888;2083;609;4889;6070;1878;5915;1215;1107;1919;3915;
20240831;0;3017;1064;7128;625;1764;3206;2261;5467;1538;564;2949;5557;1161;6404;1162;1308;2288;3861;
20240901;0;3523;1053;8212;794;1601;3149;2222;5371;1767;464;2977;6328;1150;7858;1427;1772;2471;5014;
20240902;0;2452;1415;6017;783;2562;4144;2922;7066;2320;480;5943;6042;2315;4863;1213;927;1541;3492;
20240903;0;2910;1590;7349;950;2874;4736;3214;7950;2788;600;6608;7237;2563;6597;1362;1159;2052;4572;
20240904;0;2933;1538;7648;915;2848;4757;3488;8245;2484;611;6644;7270;2542;6332;1353;1181;1932;4776;
20240905;0;2781;1581;7395;900;2749;4859;3431;8290;2404;570;6524;7078;2518;6030;1670;1023;2552;4612;
20240906;0;2600;1410;5841;827;2673;4489;3168;7657;2175;520;5424;5851;2146;4683;1077;863;1418;3593;
20240907;0;3168;1042;6659;777;2083;3446;2430;5876;1668;550;3412;5399;1361;6578;1247;831;2189;4308;
20240908;0;4350;1098;8536;956;1635;3436;2423;5859;1908;515;3165;6401;1180;8635;1534;1096;2902;5450;
20240909;0;388;412;1170;203;895;1011;711;1722;595;118;1928;1657;860;759;273;95;247;580;
20240910;0;2247;1212;4675;761;2460;4029;2730;6759;2170;520;5829;5415;2301;4003;898;744;1103;2995;
20240911;0;3145;1354;5530;952;2584;4685;3441;8126;2591;574;6191;6112;2321;5065;1173;1034;1316;4158;
20240912;0;363;393;1057;160;832;1181;835;2016;562;143;2095;1917;923;749;271;72;212;526;
20240913;0;139;147;377;102;337;474;329;803;232;47;919;616;364;271;108;34;89;209;
20240914;0;59;83;194;42;176;205;140;345;118;32;360;261;169;108;43;13;21;62;
20240915;0;88;89;508;40;183;214;156;370;182;163;443;473;151;239;72;82;75;148;
20240916;0;133;218;806;103;564;751;532;1283;532;164;1439;1130;555;466;153;82;159;346;
20240917;0;804;816;3281;371;2182;3280;2221;5501;1865;475;4771;4047;1941;2600;651;625;727;1698;
20240918;0;1305;1233;4517;642;2376;4018;2948;6966;2039;530;5808;5342;2379;3723;957;1012;971;2727;
20240919;0;1309;1120;4307;676;2265;4232;2984;7216;2024;492;5695;5085;2270;3476;848;856;950;2499;
20240920;0;1705;1152;4329;651;2177;4005;2829;6834;1889;522;5376;4966;2190;3730;854;942;939;2732;
20240921;0;2179;888;4046;753;1810;4020;2840;6860;1530;549;3573;4018;1502;4053;805;1241;1085;3178;
20240922;0;2880;1014;4679;1033;1596;3252;2292;5544;1737;439;2825;4082;1158;5359;993;1672;1469;3896;
20240923;0;1906;1282;4544;851;2487;3976;2806;6782;2107;551;5756;5186;2352;4268;1034;925;1102;3114;
20240924;0;973;817;2930;504;1872;2960;2004;4964;1467;360;4878;3826;1883;2217;540;289;575;1692;
20240925;0;1996;1154;4366;704;2311;3825;2806;6631;1994;489;5828;5140;2390;3576;924;738;936;2944;
20240926;0;2000;1106;4441;700;2283;3807;2686;6493;2054;521;6036;5211;2463;3573;860;727;920;2781;
20240927;0;604;590;2003;252;1279;2166;1525;3691;963;289;3526;2526;1446;1209;410;159;363;946;
20240928;0;1495;543;2286;498;1271;2010;1229;3239;1102;352;2614;2434;1213;2206;520;489;637;1608;
20240929;0;2046;562;2410;452;1144;2002;1167;3169;1097;287;2357;2479;973;2445;483;611;761;1986;
20240930;0;1584;972;3481;637;2005;4925;3065;7990;1779;408;5165;4319;2230;2773;726;524;741;2177;
20241001;0;1655;1089;3786;661;2189;3865;2704;6569;1873;433;5650;4709;2478;3115;824;626;764;2490;
20241002;0;535;583;1641;271;1126;2417;1711;4128;842;208;3526;2341;1451;1108;341;134;290;880;
20241003;0;1157;801;2881;482;1695;3792;2681;6473;1526;400;5538;3826;2149;2221;620;335;606;1790;
20241004;0;388;299;914;170;818;1656;1179;2835;484;184;2418;1368;953;609;227;64;198;409;
20241005;0;669;409;1434;249;881;2199;1516;3715;651;250;2227;1779;782;1151;323;232;309;896;
20241006;0;2287;656;2694;517;1036;2055;1453;3508;1295;334;2258;2552;966;2982;625;876;687;2565;
20241007;0;1654;904;3343;615;2028;3784;2657;6441;1716;378;5531;4298;2248;2802;707;570;777;2296;
20241008;0;2005;1112;4257;717;2257;4307;3050;7357;1970;462;6289;4983;2531;3678;915;754;952;2886;
20241009;0;1205;798;2980;407;1786;2873;2015;4888;1396;390;4193;3632;2091;2181;638;424;618;1761;
20241010;0;931;734;2408;331;1467;3048;2154;5202;1195;286;4451;3166;1822;1664;478;249;530;1274;
20241011;0;1212;778;2585;499;1785;2953;2085;5038;1361;404;4314;3271;1838;1999;513;352;514;1576;
20241012;0;1876;605;2595;491;1369;2563;1795;4358;1210;395;2596;2690;1132;2665;572;749;647;2230;
20241013;0;1178;426;1728;366;904;1726;1225;2951;748;251;1901;1727;743;1521;336;358;437;1372;
20241014;0;1584;946;3085;530;1931;3739;2650;6389;1781;344;5462;4115;2190;2624;733;518;677;2260;
20241015;0;1500;920;3346;633;1968;4043;2865;6908;1717;446;5899;4453;2292;2734;779;480;696;2224;
20241016;0;1220;916;3088;554;1895;3828;2690;6518;1551;385;5599;3977;2297;2449;689;343;646;1805;
20241017;0;892;708;2417;428;1675;3458;2449;5907;1407;335;5048;3400;2021;1727;497;274;555;1355;
20241018;0;1123;732;2615;453;1652;3053;2187;5240;1345;405;4459;3307;1850;1932;489;373;555;1492;
20241019;0;1416;569;1980;414;1252;2424;1672;4096;1083;343;2460;2298;1176;1773;478;466;539;1622;
20241020;0;2359;506;2626;589;1164;2118;1490;3608;1306;336;2328;2495;1008;2707;653;713;813;2584;
20241021;0;1495;1027;3267;643;1924;3789;2688;6477;1720;377;5533;4392;2280;2766;790;608;732;2300;
20241022;0;1451;951;3310;556;1999;4171;2944;7115;1750;419;6086;4310;2367;2773;688;503;740;2154;
20241023;0;621;601;2079;325;1479;3031;2159;5190;1036;309;4419;2954;1845;1388;436;164;348;993;
20241024;0;1206;891;3054;561;2029;3748;2654;6402;1553;370;5477;3930;2287;2378;605;462;675;1925;
20241025;0;1298;814;2696;509;1691;2967;2103;5070;1392;379;4337;3498;1910;2097;573;420;554;1660;
20241026;0;945;415;1677;326;943;2047;1426;3473;731;263;2245;1886;802;1380;324;319;291;1100;
20241027;0;1547;493;2092;460;1034;1995;1388;3383;1126;318;2187;2226;861;2255;469;669;582;1890;
20241028;0;1330;905;3050;586;1839;3415;2425;5840;1625;384;4987;3778;1958;2502;628;609;625;2072;
20241029;0;1516;917;3541;593;1926;3810;2696;6506;1836;463;5565;4231;2138;2841;675;649;740;2297;
20241030;0;1492;861;3507;604;1868;3657;2585;6242;1828;457;5341;3983;2094;2948;692;672;730;2148;
20241031;0;1112;773;2693;504;1636;3114;2206;5320;1408;354;4547;3081;1654;2044;535;456;517;1599;
20241101;0;1990;575;2737;655;1157;1471;1011;2482;1507;375;2210;2374;888;2912;591;1124;886;2512;
20241102;0;752;422;1448;250;1033;1276;811;2087;806;228;1969;1495;821;1026;262;225;322;834;
20241103;0;1359;473;1783;418;845;1219;831;2050;1077;228;1827;1927;805;1896;471;492;541;1688;
20241104;0;1057;824;2711;508;1879;3282;2203;5485;1558;313;5026;3639;2088;2064;586;400;572;1608;
20241105;0;1112;758;2785;507;1925;3491;2203;5694;1542;374;5409;3775;2292;2207;649;271;605;1675;
20241106;0;872;750;2699;416;1782;3412;2294;5706;1440;326;5138;3570;2097;1938;560;286;581;1516;
20241107;0;1020;749;2531;421;1782;3294;2222;5516;1526;368;5047;3445;2078;1976;611;328;565;1624;
20241108;0;930;708;2332;412;1642;2748;1871;4619;1374;316;4211;3162;1903;1822;505;326;486;1384;
20241109;0;1244;461;1683;308;1056;1480;955;2435;1028;298;2288;2030;1057;1711;358;472;517;1630;
20241110;0;817;378;1168;229;765;1123;772;1895;774;155;1690;1455;688;1051;298;253;285;1013;
20241111;0;740;635;2024;342;1436;2811;1894;4705;1216;247;4308;2922;1899;1419;425;180;421;1130;
20241112;0;813;650;2230;362;1545;3040;1917;4957;1217;306;4703;3174;1950;1573;512;201;456;1181;
20241113;0;627;663;2056;308;1495;2961;1989;4950;1137;243;4463;2904;1807;1480;480;187;463;1111;
20241114;0;807;658;2149;340;1508;2837;1924;4761;1248;314;4341;2928;1889;1689;493;229;520;1229;
20241115;0;575;542;1706;290;1295;2257;1525;3782;917;253;3455;2314;1423;1179;380;174;328;841;
20241116;0;1119;363;1617;305;1094;1384;895;2279;1001;262;2140;1899;1052;1624;405;417;477;1637;
20241117;0;970;384;1441;218;751;1267;862;2129;764;190;1902;1626;742;1500;341;351;356;1356;
20241118;0;708;547;1831;317;1271;2537;1704;4241;1127;217;3888;2685;1661;1368;381;197;414;1126;
20241119;0;774;627;2219;377;1491;2997;1889;4886;1290;273;4636;3174;1951;1589;454;225;457;1275;
20241120;0;532;545;1826;219;1264;2773;1875;4648;905;250;4170;2630;1547;1224;347;130;370;801;
20241121;0;701;625;2144;287;1405;3103;2102;5205;1128;263;4746;3070;1794;1405;429;179;463;1028;
20241122;0;512;496;1571;279;1141;2385;1630;4015;831;237;3651;2347;1392;1014;333;110;305;738;
20241123;0;537;305;1198;183;922;1213;785;1998;629;233;1875;1493;826;922;229;178;213;655;
20241124;0;545;276;1080;180;608;1073;731;1804;637;142;1616;1366;626;944;275;239;244;751;
20241125;0;738;606;2194;312;1406;2899;1968;4867;1197;260;4442;3106;1854;1591;446;240;438;1209;
20241126;0;793;652;2408;367;1526;3314;2239;5553;1298;281;4993;3444;1988;1794;464;293;471;1326;
20241127;0;794;635;2333;332;1538;3285;2224;5509;1249;314;4946;3318;2006;1616;475;230;481;1281;
20241128;0;452;501;1781;284;1237;2776;1873;4649;914;220;4247;2629;1703;1058;423;113;320;765;
20241129;0;330;432;1201;204;847;1897;1290;3187;621;176;2896;1839;1091;710;238;77;240;552;
20241130;0;496;303;1091;170;818;1202;767;1969;576;170;1862;1377;908;775;244;177;217;649;
20241201;0;744;255;1291;173;723;1237;543;1780;778;192;1728;1442;693;1269;281;287;318;1145;
20241202;0;646;556;1856;302;1360;1911;1099;3010;1180;267;4007;2832;1721;1335;429;210;459;1097;
20241203;0;595;526;1774;265;1253;1959;1151;3110;1055;234;4105;2759;1747;1223;554;142;342;916;
20241204;0;737;655;2025;292;1461;2126;1250;3376;1180;264;4407;2798;1873;1504;887;161;416;1150;
20241205;0;730;585;2113;302;1443;2146;1267;3413;1107;292;4330;2832;1861;1437;911;226;417;1200;
20241206;0;259;391;1077;186;827;1022;583;1605;645;164;2430;1557;1112;614;691;62;180;505;
20241207;0;612;305;1140;182;792;959;501;1460;701;207;1865;1463;854;1074;302;246;282;839;
20241208;0;354;260;777;133;553;850;392;1242;424;147;1362;1078;614;580;198;109;178;471;
20241209;0;492;428;1331;199;957;1247;744;1991;685;153;3061;2019;1345;868;422;66;307;721;
20241210;0;514;560;1651;231;1171;1812;1033;2845;959;229;3875;2528;1632;1065;389;101;337;756;
20241211;0;477;506;1697;222;1229;1817;1047;2864;934;210;3924;2524;1671;1128;624;104;404;865;
20241212;0;553;555;1830;258;1348;1701;992;2693;1003;224;4028;2665;1781;1274;424;203;369;1008;
20241213;0;465;484;1427;212;1089;1425;816;2241;814;182;3175;1985;1418;814;313;97;273;742;
20241214;0;353;291;916;146;835;987;506;1493;555;190;1758;1207;887;618;232;171;186;500;
20241215;0;421;260;879;155;600;1053;473;1526;498;146;1519;1045;637;695;187;123;195;504;
20241216;0;476;470;1320;206;947;1307;775;2082;798;231;3238;2028;1412;989;272;99;311;747;
20241217;0;725;583;2098;277;1338;1913;1123;3036;1085;277;4178;2687;1794;1461;376;165;358;1110;
20241218;0;774;645;3050;261;1399;2064;1199;3263;1237;261;4116;2873;1729;1555;399;228;410;1235;
20241219;0;528;540;2536;253;1253;1639;945;2584;981;266;3681;2391;1555;1108;436;130;327;878;
20241220;0;436;461;2057;192;995;1238;732;1970;784;225;2912;1939;1282;786;259;75;282;584;
20241221;0;574;326;1389;179;804;866;454;1320;637;204;1646;1180;717;858;236;192;200;759;
20241222;0;123;182;679;116;349;621;273;894;305;71;964;610;340;335;141;59;97;173;
20241223;0;326;383;1296;189;690;768;448;1216;598;154;1696;1226;733;609;168;103;142;495;
20241224;0;177;200;605;80;310;252;152;404;310;92;758;575;301;340;98;41;83;243;
20241225;0;270;189;504;110;290;285;165;450;312;50;607;477;161;445;128;125;105;345;
20241226;0;446;235;692;162;332;383;221;604;412;77;777;657;246;678;194;259;157;582;
20241227;0;449;355;1092;187;575;588;352;940;556;135;1258;1033;437;805;236;195;242;582;
20241228;0;430;280;1032;184;486;727;376;1103;498;132;1111;876;476;738;190;226;220;632;
20241229;0;512;285;1047;200;422;639;287;926;559;118;1012;953;403;986;238;341;254;785;
20241230;0;525;332;1302;217;749;791;479;1270;625;193;1585;1234;689;874;270;192;277;745;
20241231;0;259;203;632;103;335;398;226;624;266;85;880;599;370;323;848;43;107;275;
20230101;671;610;240;790;188;511;792;432;1224;449;148;728;1063;332;915;169;323;300;864;
20230102;1312;370;341;827;149;848;1017;786;1803;551;126;1416;1329;639;659;205;118;225;599;
20230103;1607;613;354;1171;243;1089;1432;934;2366;660;203;1847;1781;766;852;281;191;328;813;
20230104;1686;705;427;1288;241;1194;1578;1099;2677;855;216;2105;1840;840;1175;235;294;331;978;
20230105;1523;376;362;891;164;967;1394;863;2257;569;192;1824;1530;846;616;201;92;219;569;
20230106;1079;897;326;1118;221;878;1270;700;1970;638;196;1289;1385;633;1091;245;402;374;1211;
20230107;1351;1172;366;1253;258;1040;1336;882;2218;706;246;1485;1583;655;1391;296;498;468;1509;
20230108;1009;463;221;713;122;727;886;606;1492;402;117;1143;1147;562;674;150;151;232;578;
20230109;2283;471;430;1211;193;1243;1635;1298;2933;732;169;2804;2014;1270;720;274;92;299;747;
20230110;2514;595;432;1271;186;1204;1749;1267;3016;731;202;3058;2181;1355;846;289;127;335;832;
20230111;3074;786;608;1741;286;1517;2363;1826;4189;1054;286;3860;2699;1640;1255;372;226;457;1193;
20230112;3291;915;669;1981;316;1716;2623;1904;4527;1245;329;4046;3013;1703;1546;416;307;581;1438;
20230113;2590;685;525;1444;281;1536;1959;1459;3418;892;271;3181;2353;1431;993;329;193;391;977;
20230114;1730;1339;433;1589;310;1276;2103;1284;3387;977;344;1992;2018;938;1814;344;562;622;1904;
20230115;818;155;156;386;69;621;562;512;1074;246;91;808;719;464;231;80;47;129;245;
20230116;2879;714;486;1542;294;1571;2143;1627;3770;931;212;3467;2554;1550;1019;325;170;429;1050;
20230117;2816;713;542;1548;287;1454;2118;1664;3782;938;243;3578;2511;1553;1015;367;171;453;1094;
20230118;3007;704;582;1675;251;1577;2285;1807;4092;942;259;3645;2735;1567;1144;379;202;501;1128;
20230119;2805;592;470;1500;229;1514;2180;1744;3924;925;292;3496;2536;1581;928;348;130;431;927;
20230120;2393;559;411;611;224;1344;1756;1440;3196;770;242;2946;2130;1307;746;265;134;368;727;
20230121;795;178;162;116;54;523;594;525;1119;197;99;874;788;400;218;76;45;93;182;
20230122;529;136;137;102;32;374;396;295;691;156;70;571;567;357;179;78;33;68;146;
20230123;2084;426;410;1160;126;1125;1400;1177;2577;541;157;2568;1890;1117;613;274;81;284;612;
20230124;2689;549;479;1372;170;1359;1978;1505;3483;736;222;3237;2248;1360;927;341;134;349;871;
20230125;2655;607;533;1397;241;1441;2107;1571;3678;836;206;3316;2290;1474;966;356;144;376;946;
20230126;2497;497;440;1247;207;1276;1801;1384;3185;700;205;3074;2031;1335;784;321;94;309;771;
20230127;2039;411;383;1035;174;1079;1443;1078;2521;600;182;2370;1698;1180;579;268;91;260;632;
20230128;665;117;133;283;41;454;473;423;896;187;89;739;580;364;161;101;25;88;123;
20230129;857;301;175;549;49;617;697;513;1210;273;89;907;919;402;368;133;69;158;340;
20230130;2177;413;380;1063;151;1093;1410;1145;2555;577;191;2481;1740;1130;619;217;74;276;578;
20230131;2406;536;439;1268;190;1208;1740;1282;3022;644;183;2937;2077;1381;800;273;121;313;746;
20230201;2191;495;424;1270;168;1135;1415;1093;2508;593;198;2694;1929;1193;753;279;85;312;698;
20230202;2359;501;433;1330;160;1303;1709;1239;2948;622;240;2834;2017;1262;725;323;104;355;782;
20230203;1197;198;266;595;72;585;681;632;1313;321;146;1322;897;613;282;118;52;127;277;
20230204;803;203;149;454;46;584;624;482;1106;271;214;963;697;419;336;103;38;115;215;
20230205;814;287;130;578;122;608;659;506;1165;307;219;915;908;385;408;146;91;186;396;
20230206;1790;356;318;982;141;1026;1236;981;2217;559;464;2061;1488;822;550;240;106;194;515;
20230207;1947;417;313;1063;156;1021;1312;1153;2465;568;698;2304;1615;936;599;261;98;248;609;
20230208;1811;337;379;1095;143;1031;1396;1115;2511;554;475;2332;1663;944;631;262;124;258;547;
20230209;1784;401;307;1023;155;1081;1439;1026;2465;547;611;2215;1554;939;609;249;125;270;598;
20230210;1668;430;356;1013;168;1039;1353;938;2291;558;591;1877;1533;800;631;270;148;306;627;
20230211;987;354;231;595;133;809;890;638;1528;318;479;1064;914;532;417;143;121;159;445;
20230212;1029;716;265;791;199;786;1036;698;1734;502;372;1066;1242;540;940;211;280;308;875;
20230213;2612;664;564;1559;292;1496;1440;1596;3036;994;529;2969;2366;1410;1104;376;188;451;1120;
20230214;2805;725;585;1714;295;1525;1590;1898;3488;1004;705;3387;2597;1546;1238;360;202;487;1129;
20230215;2864;694;534;1632;310;1514;1543;2026;3569;1013;539;3309;2475;1419;1102;383;188;456;1104;
20230216;2901;789;600;1613;278;1536;1638;2179;3817;1055;447;3307;2447;1507;1268;393;236;503;1239;
20230217;2209;497;476;1297;248;1255;1204;1453;2657;772;376;2556;1966;1217;702;265;121;308;703;
20230218;1433;956;332;1019;232;1148;1536;978;2514;726;408;1573;1569;757;1015;270;264;430;1114;
20230219;954;445;218;594;140;690;769;510;1279;382;157;898;938;463;520;145;117;193;469;
20230220;2644;724;569;1549;319;1485;1927;1442;3369;948;277;3060;2349;1470;1087;368;203;462;1057;
20230221;3410;1124;691;2089;374;1839;2749;1957;4706;1256;487;3804;3164;1682;1793;545;383;767;1734;
20230222;3388;1363;844;2095;551;1934;2785;1967;4752;1424;560;3927;3181;1839;1905;603;493;780;2011;
20230223;3059;991;704;1985;410;1863;2681;1911;4592;1286;463;3768;3011;1696;1533;482;369;606;1491;
20230224;2843;1053;633;1744;415;1735;2386;1696;4082;1139;599;3201;2643;1499;1420;394;352;602;1381;
20230225;1293;656;294;765;182;1030;1106;755;1861;486;303;1416;1179;662;690;200;140;273;655;
20230226;991;358;194;641;113;663;750;580;1330;337;221;982;1007;480;448;169;92;185;435;
20230227;2536;600;508;1392;242;1327;1856;1333;3189;847;651;2992;2110;1316;845;311;141;374;823;
20230228;2852;707;584;1683;302;1576;2280;1560;3840;992;680;3417;2559;1514;1132;441;202;469;1091;
20230301;3019;743;599;1895;311;1668;2279;1683;3962;1042;685;3647;2671;1604;1205;437;227;506;1204;
20230302;3288;1134;632;2170;401;1843;2886;1968;4854;1175;869;3968;3053;1763;1674;496;393;595;1643;
20230303;2847;1188;633;2036;463;1895;2911;1718;4629;1163;812;3562;2867;1560;1550;508;413;583;1587;
20230304;1609;1443;395;1319;466;1332;1747;1144;2891;896;863;1884;1945;849;1789;375;496;644;1780;
20230305;1152;497;267;814;173;936;1056;780;1836;464;919;1264;1199;591;593;182;125;282;587;
20230306;2951;762;558;1900;299;1716;2232;1694;3926;1054;839;3628;2673;1576;1093;423;187;432;1085;
20230307;3273;973;650;2098;385;1762;2638;1929;4567;1178;966;4055;2950;1770;1381;489;252;548;1421;
20230308;3474;948;701;2114;350;1907;2812;2049;4861;1270;800;4368;2975;1896;1484;473;272;575;1450;
20230309;3405;838;618;1996;383;1846;2619;1896;4515;1098;758;4054;2812;1802;1358;447;229;560;1296;
20230310;3126;1624;745;2230;522;2022;3035;1807;4842;1432;926;3929;3140;1747;2111;613;636;843;2185;
20230311;1236;398;212;720;126;1106;1042;752;1794;385;873;1321;1055;737;396;127;65;167;368;
20230312;1489;1333;406;1264;326;1095;1514;986;2500;959;886;1660;1850;797;1644;308;498;585;1534;
20230313;3552;1193;733;2339;447;2006;2914;1942;4856;1446;856;4195;3295;1878;1871;537;443;632;1784;
20230314;3439;767;621;2084;377;1805;2662;1944;4606;1159;681;4090;2935;1840;1292;374;188;507;1206;
20230315;3427;874;620;2124;344;1830;2833;2072;4905;1162;1028;4338;2996;1916;1361;472;228;557;1294;
20230316;3683;1098;708;2353;455;2043;2968;2042;5010;1390;1299;4388;3311;1912;1744;506;399;636;1708;
20230317;3049;957;599;1970;344;1830;2578;1868;4446;1118;1081;3572;2769;1698;1318;472;227;557;1377;
20230318;2071;1689;559;1474;549;1565;2273;1254;3527;1157;1249;2155;2166;966;2086;391;592;711;2054;
20230319;1756;2012;532;1677;588;1223;2052;1087;3139;1310;886;1860;2450;935;2723;503;833;1004;2471;
20230320;3854;1218;861;2667;526;2122;3328;2289;5617;1499;767;4482;3756;2141;2154;567;511;735;1864;
20230321;4333;1582;938;2982;627;2511;3910;2632;6542;1817;679;5238;4204;2225;2633;771;603;925;2433;
20230322;4541;1934;1034;3307;769;2611;4518;2731;7249;2141;925;5606;4659;2374;3354;865;898;1207;2988;
20230323;4387;1900;1081;3268;726;2622;4491;2885;7376;2072;849;5546;4601;2409;3175;817;941;1136;2890;
20230324;3155;1242;786;2196;525;2110;3004;1896;4900;1406;572;3933;3091;1811;1901;555;463;670;1785;
20230325;1662;1135;449;1209;331;1456;1909;1086;2995;888;517;1791;1774;990;1317;295;332;463;1255;
20230326;1850;1790;489;1551;587;1318;2070;1124;3194;1231;573;1805;2270;993;2455;473;828;892;2227;
20230327;2562;535;498;1564;278;1363;1747;1453;3200;779;403;3062;2204;1398;887;322;132;345;833;
20230328;2780;668;519;1687;250;1438;2210;1644;3854;852;790;3515;2381;1654;966;321;156;397;842;
20230329;3058;842;670;1971;330;1751;2359;1906;4265;1039;787;3841;2770;1740;1205;411;210;495;1237;
20230330;2869;709;593;1755;280;1504;2313;1683;3996;923;316;3547;2470;1586;1057;381;183;449;1016;
20230331;3019;1171;727;2018;392;1756;2611;1762;4373;1214;438;3566;2841;1674;1611;457;409;640;1666;
20230401;1826;1488;475;1626;399;1460;2086;1182;3268;1228;599;2079;1861;1006;1547;334;407;608;1629;
20230402;1054;403;235;1051;124;762;910;673;1583;511;282;1166;1168;607;663;151;179;228;452;
20230403;2393;756;476;1875;248;1475;1892;1371;3263;1036;525;2910;2244;1328;971;334;175;334;986;
20230404;2473;748;444;1942;278;1479;2092;1426;3518;1087;886;3070;2291;1361;1108;313;218;403;964;
20230405;2501;715;496;2478;272;1497;2064;1363;3427;1100;945;2918;2250;1316;979;334;246;339;973;
20230406;2340;911;491;1732;341;1487;1962;1266;3228;1079;658;2746;2042;1195;1182;338;277;437;1164;
20230407;1712;713;420;1374;280;1087;1494;972;2466;925;1080;1996;1580;933;926;294;214;342;809;
20230408;779;240;168;627;90;569;660;489;1149;303;134;792;700;405;274;91;62;117;248;
20230409;829;474;222;861;127;571;870;537;1407;593;184;876;957;353;785;197;217;254;577;
20230410;1571;2123;623;2042;687;1181;2055;962;3017;1441;477;1667;2293;762;3050;497;1145;1066;2638;
20230411;2821;664;582;2103;289;1555;2055;1519;3574;1065;412;3239;2485;1568;1227;384;221;505;1077;
20230412;3900;1777;947;4221;554;2197;3459;2289;5748;1825;597;4646;3844;1951;2602;679;707;957;2475;
20230413;1718;338;286;1249;145;967;1253;967;2220;549;167;2016;1479;961;519;223;88;240;461;
20230414;1037;152;195;702;97;514;558;492;1050;224;81;1081;808;541;256;111;38;99;265;
20230415;1027;312;232;871;80;693;924;681;1605;345;132;1098;1020;598;533;153;84;148;331;
20230416;1918;1540;472;1870;388;1045;2487;1502;3989;996;507;2356;2112;1229;2210;384;627;618;2164;
20230417;3819;1315;810;3055;444;2191;3153;2237;5390;1413;452;4537;3582;2065;2142;587;454;810;1874;
20230418;3534;1090;808;2834;390;2015;2940;2249;5189;1285;419;4487;3389;2000;1666;491;307;639;1607;
20230419;2511;586;553;2595;267;1401;2033;1656;3689;827;264;3332;2461;1522;948;321;173;367;917;
20230420;4670;1839;920;3699;603;2389;3637;2639;6276;1827;579;5055;4253;2175;2672;750;749;969;2457;
20230421;5421;2344;1127;4287;778;2666;4144;2807;6951;2119;741;4916;4865;2142;3625;895;1058;1352;3199;
20230422;5733;3716;1028;4826;1150;2248;4039;2356;6395;2175;931;3330;5180;1429;5809;1122;1978;2306;5105;
20230423;4386;3248;1013;4163;1158;2039;2941;1742;4683;1584;750;2751;4341;1243;4121;1051;1743;1948;4146;
20230424;2918;729;694;2308;370;1620;2149;1539;3688;1018;306;3478;2721;1651;1196;356;186;495;1134;
20230425;4330;1336;877;3472;474;2164;3472;2236;5708;1521;503;4876;4025;2185;1904;547;374;808;1871;
20230426;4636;1472;899;4797;513;2463;3654;2561;6215;1727;543;5355;4338;2190;2237;573;458;853;2201;
20230427;5043;1784;980;3988;688;2604;3991;2702;6693;1885;646;5437;4663;2323;2617;769;696;1018;2519;
20230428;3970;1223;844;3139;449;1954;2781;1957;4738;1402;541;3947;3578;1742;1755;598;444;614;1708;
20230429;1806;633;288;1524;202;1233;1419;1007;2426;682;351;1592;1663;844;986;236;276;293;747;
20230430;3890;3153;783;3698;741;1643;3162;1605;4767;1813;649;2248;4008;997;4446;719;1499;1465;3495;
20230501;2893;3833;998;5155;1147;1877;4135;2425;6560;2154;929;3271;5076;1362;5703;1113;1972;2156;4735;
20230502;3908;1154;948;3750;453;2339;3598;2309;5907;1587;391;4938;4045;2201;1987;643;363;716;1807;
20230503;4567;1789;1054;4393;548;2753;4291;2870;7161;1857;547;5909;4743;2464;2464;736;508;927;2323;
20230504;5342;2883;1239;5567;921;3211;5485;3284;8769;2596;793;6610;6011;2685;4167;1094;1231;1518;3867;
20230505;5116;3212;1257;5622;968;3081;5421;3076;8497;2613;902;5674;6093;2583;5113;1177;1566;2002;4309;
20230506;2775;1250;626;2868;492;1890;3091;1739;4830;1354;619;2711;3057;1301;2076;484;508;832;1397;
20230507;3298;4018;1002;4692;1049;2139;3777;1911;5688;2221;720;2998;4625;1237;5034;1042;1831;1996;4345;
20230508;4873;1890;1167;4749;754;2925;4749;2907;7656;2163;675;5899;5130;2392;3080;868;712;1094;2678;
20230509;5354;2250;1218;5224;821;3218;5289;3358;8647;2467;803;6578;5650;2722;3655;1056;882;1321;3438;
20230510;4971;2218;1154;4980;751;2987;4884;3238;8122;2201;800;6351;5388;2651;3052;970;722;1176;2923;
20230511;4481;1919;976;4375;636;2689;4611;2964;7575;2004;787;6061;4727;2388;2628;935;647;1074;2581;
20230512;1591;330;295;1296;106;958;1105;864;1969;446;170;1830;1398;867;490;220;81;214;403;
20230513;1918;1036;392;1736;222;1298;1533;1165;2698;706;314;1816;1849;913;1041;271;275;386;993;
20230514;877;213;138;782;48;573;504;401;905;225;87;728;764;441;269;113;55;104;190;
20230515;3693;1703;863;3723;567;2227;3541;2401;5942;1606;528;4872;4019;2088;2490;699;605;853;2257;
20230516;2212;715;500;2121;250;1325;1851;1463;3314;869;251;3223;2289;1439;983;344;203;388;1010;
20230517;1544;331;257;1289;127;929;1127;956;2083;464;166;2192;1386;933;446;178;95;181;452;
20230518;1839;1469;347;2165;289;1198;1641;1155;2796;751;306;1865;2123;793;1479;364;491;497;1472;
20230519;3669;1963;830;3428;517;2219;3780;2155;5935;1557;580;3750;3721;1453;2433;752;868;974;2417;
20230520;2863;3209;869;4150;948;1943;3786;2116;5902;1868;754;2989;4439;1175;4883;1082;1637;1842;3988;
20230521;3363;4689;1292;6805;1492;2199;4428;2295;6723;2256;895;3138;6752;1269;8647;1714;3148;3520;6454;
20230522;5230;2624;1404;5887;974;3147;5238;3377;8615;2670;807;6404;6378;2630;4923;1377;1359;2042;4032;
20230523;4335;1765;1108;4499;623;2609;4426;2864;7290;1925;604;5905;4872;2275;2913;859;725;1157;2617;
20230524;5095;2489;1348;5477;805;3073;5435;3424;8859;2437;808;6646;5921;2572;3818;1145;882;1457;3437;
20230525;5228;2705;1380;5599;879;3155;5524;3599;9123;2714;939;6957;6071;2729;4367;1231;1193;1795;3890;
20230526;5081;2498;1254;4937;778;3059;4935;2825;7760;2178;807;5491;5357;2173;3580;1035;1018;1622;3207;
20230527;3229;3017;935;4482;909;2184;3733;2134;5867;1769;910;3083;4814;1201;4764;1112;1447;2012;3507;
20230528;3005;4154;1141;6098;1309;1982;4038;1901;5939;2037;797;2671;6044;1119;7147;1450;2644;3081;5144;
20230529;3504;4495;1260;5587;1373;2265;3881;2145;6026;2346;893;3113;6097;1256;7577;1526;2802;3201;5493;
20230530;5597;2331;1310;5679;882;3368;5191;3381;8572;2521;911;6445;6094;2665;3928;1119;864;1446;3280;
20230531;5904;2982;1464;6972;854;3555;6133;3971;10104;2632;989;7272;6874;2887;4921;1313;1332;1932;4388;
20230601;5928;3196;1607;8456;918;3535;6336;3907;10243;2816;981;7208;7164;2991;5477;1319;1459;2260;4418;
20230602;5309;2901;1468;8189;896;3169;5859;3580;9439;2475;1064;6358;6989;2564;5305;1292;1337;2246;4238;
20230603;4135;3397;1108;8710;901;2513;4863;2843;7706;2064;1005;3702;6043;1560;6078;1255;1868;2655;4375;
20230604;3418;3017;846;5231;883;1962;3358;1911;5269;1729;746;2895;4213;1220;3562;843;1073;1496;3275;
20230605;3638;1167;759;2665;456;2163;3240;2199;5439;1358;491;4439;3501;1814;1737;575;325;656;1442;
20230606;3183;1230;834;2446;343;1895;3050;1924;4974;1246;358;4335;3643;1832;1596;521;386;684;1579;
20230607;3595;1401;636;2318;367;2146;3022;2023;5045;1258;448;4183;3307;1757;1509;599;294;689;1727;
20230608;2659;2193;618;3212;524;1535;2305;1278;3583;1260;374;2156;2576;856;2179;611;752;842;2244;
20230609;3282;1518;748;3164;449;1958;3274;1949;5223;1419;454;3479;3506;1312;2063;674;509;806;1710;
20230610;2324;1604;588;2699;389;1418;2131;1228;3359;1139;345;1874;2962;774;1887;448;579;711;1789;
20230611;2848;2822;722;4838;601;1636;2667;1518;4185;1621;453;2248;3152;973;3309;739;1095;1145;2961;
20230612;5486;2453;1351;5946;833;3261;5204;3252;8456;2575;683;6519;5879;2527;3859;1088;1053;1447;3377;
20230613;6122;3014;1499;7101;999;3640;5795;3677;9472;2894;870;7046;6521;2836;4602;1335;1369;1818;4075;
20230614;5876;2856;1457;6602;855;3500;5726;3713;9439;2662;873;7103;6365;2876;4285;1195;1101;1599;3864;
20230615;5884;2980;1483;7341;922;3504;6248;3727;9975;2756;923;7219;6593;2738;4760;1400;1372;1818;3973;
20230616;5423;2738;1389;6633;794;3231;5528;3393;8921;2396;934;5965;6540;2466;4303;1234;1227;1868;3567;
20230617;3338;2885;1010;5668;727;2039;2637;1580;4217;1878;782;3315;4357;1461;3964;916;1282;1618;3478;
20230618;3546;4652;1189;12958;1170;2033;4480;2443;6923;2199;817;3213;7572;1302;8772;1880;2744;4272;5975;
20230619;5673;2753;1484;8649;969;3383;5714;3592;9306;2728;880;6720;7264;2702;5608;1523;1517;2484;4490;
20230620;5899;2966;1456;10149;979;3506;6030;3985;10015;2745;870;7206;8298;2833;6567;1509;1508;2674;4772;
20230621;5403;2600;1477;7843;746;3222;5495;3481;8976;2329;757;6516;7256;2656;5078;1353;1157;2387;3910;
20230622;5342;2647;1357;8902;813;3181;5433;3419;8852;2323;809;6572;7509;2605;5770;1538;1352;2894;4198;
20230623;3272;1536;922;3264;410;1956;3211;1922;5133;1361;460;4084;3894;1695;2123;805;422;611;1812;
20230624;2808;1813;688;3173;339;1708;2548;1572;4120;1088;450;2451;3145;1148;2221;822;540;784;1891;
20230625;3470;4937;1208;12415;1149;1993;4149;2279;6428;2148;765;3219;6659;1215;8410;1882;2547;1831;6101;
20230626;5454;3170;1614;9077;953;3246;5489;3510;8999;2661;806;6515;7493;2696;5881;1538;1656;2427;4520;
20230627;4847;2089;1128;4842;648;2892;4384;3075;7459;2127;624;5723;5015;2410;3147;846;669;1109;2711;
20230628;4934;2329;1207;5294;624;2941;5141;3298;8439;2234;750;6140;5316;2516;3441;937;755;1467;3060;
20230629;5473;3525;1455;9129;948;3262;5805;3832;9637;2690;855;6921;6657;2819;5914;1506;1622;2513;4717;
20230630;4576;2568;1318;7500;777;2728;4418;2878;7296;2060;748;5070;5378;2159;4860;1191;1190;2065;3619;
20230701;3224;1855;737;2849;462;1940;2791;1624;4415;1376;595;2612;2999;1187;2651;594;732;1004;2115;
20230702;3405;3885;983;7069;1087;1931;3720;2139;5859;2063;773;2874;5569;1041;6444;1244;1858;2517;4693;
20230703;5264;2817;1356;6662;950;3041;4952;3177;8129;2498;803;5930;5494;2310;4740;1105;1189;1753;3741;
20230704;5752;3335;1551;9027;948;3331;5303;3733;9036;2682;906;6299;5978;2608;6373;1422;1595;2419;4673;
20230705;4760;2269;1143;4853;643;2752;3969;2848;6817;1977;703;5471;3930;2157;3472;900;794;1301;2939;
20230706;4952;2967;1224;6319;803;2870;5017;3263;8280;2316;624;5857;4455;2371;4490;1144;1073;1869;3709;
20230707;4775;2993;1286;8575;792;2762;4668;3160;7828;2037;740;5055;5173;2061;6056;1472;1625;2403;4064;
20230708;3209;3374;1044;6962;697;1943;3490;2499;5989;1604;742;3090;4704;1140;6512;1287;1821;2859;4214;
20230709;2962;4071;1062;8980;791;1684;3088;2471;5559;1675;639;2720;5413;1006;8171;1605;2358;3585;5404;
20230710;4751;2239;1197;7447;690;2752;4405;3147;7552;2044;701;5288;4394;2091;5301;1259;1139;2038;3783;
20230711;5151;2897;1373;9405;786;2979;4844;3769;8613;2264;796;5871;5139;2355;6645;1535;1396;2794;4669;
20230712;4806;2518;1286;6723;643;2781;4413;3077;7490;1976;698;5731;4342;2267;4788;1153;976;2130;3639;
20230713;3672;1719;922;3454;508;2119;3557;2493;6050;1510;538;4457;2991;1729;2476;643;555;996;1813;
20230714;4708;2832;1206;8082;720;2736;4464;3257;7721;2164;783;4726;4572;1841;5743;1268;1501;2216;3845;
20230715;2999;3009;869;6898;621;1801;3238;2320;5558;1447;743;2811;4424;1016;6458;1205;1666;2819;4056;
20230716;2922;3172;955;7907;660;1659;2954;2443;5397;1414;651;2513;4758;975;7227;1357;1797;3158;4569;
20230717;4760;2427;1214;7307;835;2760;4383;3087;7470;1863;662;5186;4328;2055;5178;1213;1087;2133;3592;
20230718;4996;2805;1383;9093;885;2887;4944;3569;8513;2131;750;5943;5097;2278;6455;1285;1382;2501;4236;
20230719;5043;2822;1348;7781;831;2917;4931;3486;8417;2113;684;5704;4534;2319;5549;1184;1201;2277;3822;
20230720;4829;3013;1239;7276;944;2801;4874;3336;8210;2126;785;5693;4449;2243;5179;1216;1147;1915;4003;
20230721;4065;2045;1000;3930;707;2370;3775;2516;6291;1588;624;4107;3114;1622;2824;794;687;1178;2394;
20230722;3225;3192;1035;5464;910;1949;3164;2184;5348;1635;833;2841;3653;1036;5098;1081;1463;2107;3802;
20230723;3159;4144;1034;8382;943;1785;3330;2412;5742;1511;621;2594;4919;993;7641;1590;2244;3315;5300;
20230724;4186;2231;1224;6746;893;2425;4006;2798;6804;1858;555;4796;3947;1803;4787;1035;1127;1806;3409;
20230725;3439;1364;760;3336;667;2000;2598;1962;4560;1383;424;3422;2482;1402;2398;583;468;829;2029;
20230726;3554;1600;768;2990;638;2062;3297;2350;5647;1345;484;4264;2763;1699;2152;602;382;694;1680;
20230727;4690;3335;1240;6089;1104;2727;4575;3243;7818;2402;818;5742;3859;2204;4339;1084;1351;1570;3691;
20230728;4083;2451;1100;5675;955;2362;4060;2789;6849;1948;775;4836;3629;1857;4026;928;947;1536;3019;
20230729;3007;3075;978;5645;833;1798;3192;2229;5421;1584;775;3277;3521;1190;5278;1010;1505;2052;3771;
20230730;2230;1922;590;2902;723;1260;2181;1638;3819;1238;396;2231;2103;776;2673;566;848;822;1837;
20230731;4843;3120;1371;7601;1126;2813;4262;3224;7486;2485;746;5010;4274;2086;5398;1248;1471;1543;4108;
20230801;2351;842;549;1819;432;1362;1762;1482;3244;923;282;2662;1666;1158;1332;377;248;308;1079;
20230802;4707;3133;1400;7244;1266;2732;4436;3201;7637;2449;700;5432;4550;2136;5255;1207;1424;1707;4297;
20230803;4083;1829;934;3501;818;2352;3358;2622;5980;1791;508;4399;3113;1731;2557;863;569;1000;2175;
20230804;2885;1352;654;2211;566;1664;2434;1924;4358;1178;315;3057;2037;1261;1614;568;330;599;1440;
20230805;1090;390;257;534;142;694;966;734;1700;330;135;1001;844;376;501;222;104;189;300;
20230806;1601;968;406;1178;334;909;1434;939;2373;702;167;1432;1512;557;1222;367;318;367;931;
20230807;2358;724;493;1511;341;1347;1766;1412;3178;831;264;2701;1610;1074;1108;372;184;333;860;
20230808;4343;2637;1115;5102;982;2509;3999;2900;6899;2361;631;4916;3700;1878;3718;887;959;1199;3261;
20230809;2993;1221;718;2211;507;1725;2288;1780;4068;1195;363;3338;2220;1276;1616;478;321;500;1364;
20230810;4056;2453;1119;4746;963;2350;3687;2728;6415;2118;545;4541;3344;1746;3453;886;916;1271;3081;
20230811;4189;2880;1186;6714;906;2427;3803;2657;6460;2090;619;3908;3885;1433;4871;977;1450;1946;3759;
20230812;2894;3007;952;6039;683;1844;2967;2094;5061;1637;602;2471;3590;837;5415;1052;1601;2293;3876;
20230813;2793;3616;912;6392;862;1602;3145;2115;5260;1674;640;2380;4146;803;6546;1208;2169;2540;4600;
20230814;3558;2313;1203;6929;749;2070;3376;2537;5913;1721;562;3487;3853;1208;5034;1114;1260;2057;3415;
20230815;3020;3733;1011;7221;845;1728;3103;2519;5622;1678;631;2740;4624;976;7382;1453;1990;3147;4873;
20230816;4200;2316;1213;5459;644;2425;3593;2637;6230;1968;575;4650;3516;1764;3986;898;917;1441;2933;
20230817;4271;2946;1261;6264;877;2474;4158;3021;7179;2197;697;4998;4232;1893;4555;1113;1143;1801;3687;
20230818;4345;2592;1128;6728;808;2503;3834;2772;6606;2009;591;4290;4010;1618;4885;1120;1171;1987;3421;
20230819;2803;3158;830;6462;690;1781;2898;2215;5113;1434;620;2601;3868;947;5820;1187;1693;2388;3930;
20230820;2613;3739;985;6638;730;1496;2744;2202;4946;1559;553;2431;4525;904;6796;1494;2003;3078;4814;
20230821;4278;2378;1316;7948;778;2487;3792;2976;6768;2038;577;4856;4397;1879;5754;1286;1292;2656;4081;
20230822;4276;2732;1364;9113;823;2472;4162;3336;7498;2143;648;5445;4920;2035;6604;1326;1467;2811;4351;
20230823;4384;2793;1212;6409;767;2537;3710;3011;6721;2016;591;5142;4158;1974;4652;1049;1060;2103;3837;
20230824;4295;2897;1194;7910;810;2482;4274;3133;7407;2126;687;5194;4457;1995;5736;1291;1405;2650;4391;
20230825;3760;2433;1226;7877;629;2175;3595;2690;6285;1730;512;4088;4313;1636;5719;1187;1155;2511;3651;
20230826;2689;2781;889;6597;603;1702;2884;2226;5110;1512;493;2596;3558;1011;5974;1033;1418;2269;3565;
20230827;2739;3337;1058;6636;852;1572;2904;2111;5015;1694;495;2538;4239;867;6816;1195;1884;2694;4491;
20230828;4132;2065;1208;4935;736;2393;3701;2708;6409;2065;552;5041;3414;1931;3602;861;813;1351;2731;
20230829;3832;1396;867;3063;511;2208;3051;2470;5521;1503;399;4474;2691;1868;2250;628;387;680;1796;
20230830;4098;2003;1058;4142;628;2357;3588;2642;6230;1875;480;4985;3133;1936;3041;741;544;907;2288;
20230831;4858;2549;1204;5727;810;2807;4214;3168;7382;2232;608;5543;3754;2156;4191;890;906;1353;3256;
20230901;4409;2531;1092;4641;732;2584;3867;2559;6426;2021;618;4773;3412;1882;3664;903;906;1126;2722;
20230902;3449;3382;1096;6690;912;2025;3297;2349;5646;1631;646;2809;4455;1328;6207;1078;1764;2120;4102;
20230903;2787;3014;716;4085;805;1630;2817;1882;4699;1614;445;2501;3558;1028;4022;728;1217;1093;2858;
20230904;4893;2455;1335;5062;937;2862;4316;3032;7348;2348;604;5749;4083;2321;4416;1021;953;1282;3106;
20230905;5080;2840;1466;6253;1137;3158;4942;3646;8588;2765;702;6467;4480;2548;5613;1240;1381;1708;4097;
20230906;4908;3209;1500;6508;1024;3183;5025;3491;8516;2671;740;6537;4587;2545;5810;1250;1331;1788;4250;
20230907;5181;3388;1425;7284;988;3044;5019;3437;8456;2455;664;6392;4504;2352;5670;1624;1295;2451;4356;
20230908;4945;3005;1396;5967;927;2899;4950;3191;8141;2305;631;5643;4274;2151;5609;1247;1229;1982;3947;
20230909;3874;3694;1005;6652;746;2273;3582;2509;6091;1671;649;3481;4141;1224;6533;1239;1141;2315;4111;
20230910;3351;4400;1060;9160;990;1961;3487;2404;5891;1862;519;3114;4820;1193;8707;1457;1428;3052;5306;
20230911;5100;2689;1456;6152;936;2993;4529;3310;7839;2487;588;5974;4574;2423;5786;1332;1283;2009;3978;
20230912;5072;3160;1440;7405;969;3145;5076;3567;8643;2510;664;6572;4722;2620;6305;1377;1390;2286;4535;
20230913;4119;2435;1210;5155;801;2671;4196;3001;7197;2031;530;5833;3670;2265;4341;901;837;1403;3043;
20230914;4272;1867;976;3262;517;2508;4009;2677;6686;1701;513;5269;3051;2116;2504;717;462;957;2121;
20230915;4087;2977;1320;4917;945;2658;5262;3418;8680;2164;664;5662;3858;2253;4284;982;1075;1439;3426;
20230916;3701;3131;886;5256;800;2178;3267;2370;5637;1760;625;3224;3312;1276;4508;885;1265;1656;3195;
20230917;3404;4961;1153;7413;1060;1996;3409;2559;5968;2088;620;3125;4363;1177;7498;1318;2203;2752;5294;
20230918;5115;2603;1266;4695;830;2991;4414;3133;7547;2310;618;6053;3958;2382;4400;994;772;1423;3231;
20230919;3713;1525;875;3497;605;2290;3722;2879;6601;1576;476;5045;2903;2014;2399;620;412;804;1854;
20230920;4711;3422;1378;5867;950;3053;4965;3574;8539;2461;691;6701;4203;2559;5190;1125;1221;1666;4068;
20230921;4832;2903;1335;5078;868;2831;4708;3464;8172;2278;598;6274;3848;2439;4503;952;830;1500;3329;
20230922;4319;2691;1259;4598;750;2533;4061;2896;6957;2023;579;5359;3477;2094;4033;910;976;1295;3003;
20230923;2478;1001;468;1946;259;1451;1996;1478;3474;862;354;2285;1710;1006;1499;332;324;445;967;
20230924;2311;2110;501;2387;503;1355;2025;1388;3413;1230;299;2270;2031;798;1908;487;453;506;1681;
20230925;4678;2254;1218;4234;771;2732;4078;2911;6989;2086;514;5841;3290;2288;3471;866;701;1134;2686;
20230926;5059;3143;1365;5436;915;3117;4801;2721;7522;2445;636;6765;4114;2604;4738;1101;1117;1470;3855;
20230927;4615;3313;1376;5757;899;2995;5120;2773;7893;2454;729;6671;4281;2662;4982;1220;1295;1519;3885;
20230928;5167;3214;1300;5764;885;3029;4952;2899;7851;2415;596;6475;4273;2570;5004;1094;1144;1690;3845;
20230929;4903;3473;1310;5650;940;2872;4754;2613;7367;2189;648;5606;3814;2263;4961;1041;1290;1710;3817;
20230930;3053;1982;690;2749;455;1789;2637;1641;4278;1210;458;2767;2384;1172;2327;476;552;721;1775;
20231001;2852;3931;880;6908;966;1839;3234;1825;5059;1881;574;3056;3275;1107;4627;833;1610;1462;3970;
20231002;5191;2654;1384;6335;949;3086;4909;2860;7769;2415;619;6878;3847;2538;4810;1030;1213;1472;3645;
20231003;5339;3004;1425;8271;982;3172;5423;3089;8512;2491;701;7275;4206;2812;5426;1062;1231;1766;4175;
20231004;5008;2114;1241;6058;824;2968;4845;2920;7765;2157;588;7202;3536;2646;3448;926;636;1089;2888;
20231005;4937;2285;1212;3361;799;2938;4576;2757;7333;2118;733;6855;3356;2638;3336;861;724;1087;2720;
20231006;4405;2313;1159;3383;824;2613;4307;2501;6808;2066;737;5940;3179;2298;3355;830;937;1029;2861;
20231007;2808;2285;616;3169;607;1918;2857;1727;4584;1275;592;3215;2094;1223;2614;476;683;752;2068;
20231008;1866;1187;457;1347;280;1196;1478;1026;2504;793;363;1862;1494;755;1135;326;241;388;1004;
20231009;2695;937;720;1549;398;1600;2325;1492;3817;1167;349;4066;1949;1615;1556;437;272;504;1240;
20231010;3571;1347;943;2326;487;2113;3536;2154;5690;1418;378;5508;2664;1945;2311;652;388;725;1919;
20231011;4709;2597;1239;3768;780;2789;5126;3064;8190;2218;624;6938;3459;2624;3734;926;984;1247;3192;
20231012;4721;2558;1130;4120;772;2800;4895;3503;8398;2135;592;6682;3427;2486;3705;956;942;1243;3033;
20231013;4365;2413;1102;4225;811;2610;4377;3116;7493;1924;557;5609;3225;2071;3871;796;1018;1255;3030;
20231014;2669;3071;702;3509;655;1825;3082;2086;5168;1598;586;2930;2510;1195;4138;643;1214;1170;3193;
20231015;1912;1160;446;1712;264;1216;1562;1296;2858;833;216;2023;1649;814;1361;329;296;404;1211;
20231016;3932;1314;924;3217;578;2327;3145;2658;5803;1651;439;5399;2765;1606;2370;666;435;734;1955;
20231017;3854;1230;865;2983;540;2290;3627;2315;5942;1556;434;5620;2566;1507;2113;667;348;757;1827;
20231018;3868;1162;882;2859;489;2290;3395;2619;6014;1500;426;5664;2564;1526;2122;548;356;713;1722;
20231019;3775;1162;937;2937;550;2240;3713;2839;6552;1626;403;5459;2614;1539;2190;683;417;797;1758;
20231020;3534;1150;773;2688;527;2094;3477;2630;6107;1425;445;4802;2383;1396;1930;542;339;642;1639;
20231021;2838;2541;799;3420;725;1939;3124;2193;5317;1656;529;2993;2548;1160;3611;619;1196;1094;2771;
20231022;2034;1214;445;1966;439;1296;2136;1495;3631;1016;329;2305;1713;807;1713;384;452;556;1365;
20231023;4204;1534;968;3491;691;2495;4093;3072;7165;1890;456;5755;2791;1573;2734;680;684;932;2349;
20231024;3339;886;755;2462;425;1982;3224;2627;5851;1281;360;4969;2218;1345;1854;514;274;548;1530;
20231025;3748;1069;909;2834;474;2224;3881;2822;6703;1422;417;5401;2524;1505;2093;587;392;711;1796;
20231026;1861;1478;441;2072;433;1200;2281;1627;3908;1013;353;2458;1605;807;1979;374;756;583;1595;
20231027;1444;214;288;841;121;856;1154;932;2086;378;146;1620;829;505;399;163;64;174;309;
20231028;1976;1398;539;2142;386;1350;2110;1589;3699;974;339;2196;1608;781;1919;407;559;575;1513;
20231029;1708;1286;473;1914;313;1103;1870;1356;3226;1068;271;1907;1519;622;1824;339;682;540;1387;
20231030;3145;1089;720;2526;473;1865;3142;2317;5459;1298;381;4282;2030;881;1888;526;468;639;1597;
20231031;1780;396;391;1454;205;1065;1812;1533;3345;689;247;2970;1399;749;792;267;110;288;649;
20231101;1674;2330;650;2852;688;1289;2064;1329;3393;1368;382;2193;2033;741;3059;593;1194;993;2868;
20231102;2327;946;635;2391;478;1567;2818;1860;4678;1212;400;4012;1972;1075;1608;431;336;582;1414;
20231103;1016;179;247;785;108;652;1053;696;1749;407;118;1685;753;470;384;165;32;181;282;
20231104;1729;1546;506;2081;443;1389;1869;1373;3242;1043;340;2187;1593;788;1935;391;661;642;1915;
20231105;1291;794;357;1652;269;966;1391;1050;2441;807;231;1798;1354;569;1471;331;388;453;1057;
20231106;2948;1348;889;3044;569;1891;3540;2338;5878;1713;350;5309;2498;1361;2450;613;552;785;2162;
20231107;2864;976;839;2700;458;1830;3097;2047;5144;1412;351;5009;2278;1314;1932;558;305;662;1674;
20231108;2963;1232;850;2913;475;1884;3449;2276;5725;1502;404;5415;2539;1354;2102;630;384;791;1861;
20231109;2803;991;789;2629;473;1784;3441;2278;5719;1469;381;5183;2222;1282;1843;551;345;701;1685;
20231110;1868;454;432;1406;231;1193;1743;1153;2896;653;230;2946;1367;861;692;333;104;310;642;
20231111;1427;670;365;1189;202;1148;1434;1040;2474;537;235;1910;1043;650;789;207;147;277;729;
20231112;1497;1469;448;2121;376;1117;1631;1228;2859;1113;278;1968;1673;660;2121;426;626;602;2086;
20231113;1761;511;512;1474;266;1123;1668;1128;2796;730;182;2938;1308;807;943;304;118;300;895;
20231114;2426;719;685;1830;335;1541;2360;1594;3954;1017;259;4110;1799;1105;1291;382;183;455;1127;
20231115;2015;600;521;1780;338;1276;2400;1474;3874;984;262;3833;1657;917;1198;357;192;426;992;
20231116;2652;1282;809;2606;561;1686;3354;1914;5268;1395;354;5197;2212;1212;2067;573;368;669;1864;
20231117;1677;351;366;1255;229;1070;1536;1054;2590;536;177;2534;1053;768;703;270;109;267;589;
20231118;1411;578;324;985;170;1108;1351;825;2176;589;195;1828;888;635;647;196;154;252;660;
20231119;834;267;210;671;102;619;721;563;1284;360;133;1157;743;367;370;129;70;127;301;
20231120;2502;1117;754;2408;388;1587;2844;1657;4501;1248;320;4540;2008;1142;1831;490;294;599;1578;
20231121;2739;951;747;2380;439;1738;3079;1865;4944;1299;325;4855;2167;1249;1896;596;323;582;1507;
20231122;2437;774;646;1973;299;1553;2547;1610;4157;1010;278;4480;1749;1116;1398;509;190;483;1180;
20231123;2618;816;639;2033;348;1661;2622;1641;4263;1143;307;4216;1820;1194;1456;408;206;493;1346;
20231124;1571;329;376;1074;186;1005;1354;965;2319;533;156;2449;1121;721;616;249;91;251;475;
20231125;823;235;200;560;86;666;745;544;1289;329;112;1291;636;377;375;133;51;109;308;
20231126;908;385;214;791;120;681;806;536;1342;426;112;1231;757;402;574;189;106;198;446;
20231127;1837;559;557;1497;237;1163;1744;1128;2872;710;183;3064;1413;836;1097;387;170;349;865;
20231128;1730;426;408;1344;226;1101;1526;962;2488;644;187;2852;1161;792;825;304;113;281;657;
20231129;1951;572;530;1580;227;1248;2066;1181;3247;758;220;3367;1458;896;1015;373;135;360;892;
20231130;2103;464;498;1480;229;1341;2008;1186;3194;777;227;3399;1467;961;963;375;112;373;795;
20231201;1235;253;517;780;137;820;990;643;1633;449;126;1858;797;588;439;196;49;173;381;
20231202;237;54;763;249;33;174;236;155;391;121;52;326;186;122;100;42;3;34;64;
20231203;302;116;123;341;39;223;254;143;397;156;44;383;279;146;220;70;8;55;112;
20231204;731;204;267;588;65;487;713;528;1241;289;91;1251;693;347;398;135;29;121;229;
20231205;1092;253;319;761;75;728;983;631;1614;404;118;1825;897;522;514;187;22;137;295;
20231206;786;171;201;577;68;525;670;484;1154;330;93;1276;667;376;371;150;19;115;206;
20231207;1386;315;300;932;100;929;1396;811;2207;469;158;2284;1018;663;489;212;31;170;418;
20231208;700;184;151;554;46;520;861;496;1357;375;88;1227;672;340;323;118;42;117;233;
20231209;476;83;164;332;55;345;449;268;717;205;60;765;381;241;131;99;6;53;115;
20231210;700;222;204;605;50;519;704;424;1128;401;84;888;656;338;381;157;73;148;279;
20231211;1708;451;411;1260;153;1133;1736;1089;2825;733;184;2913;1235;815;787;306;99;253;673;
20231212;1845;611;463;1567;219;1241;2073;1290;3363;933;211;3561;1551;886;1065;424;181;323;920;
20231213;1824;409;454;1230;174;1219;1851;1090;2941;714;177;3091;1291;872;730;296;92;279;601;
20231214;1837;494;788;1376;207;1228;2009;1124;3133;825;216;3468;1425;879;904;333;122;340;846;
20231215;1549;312;307;1065;159;1037;1396;890;2286;559;131;2494;1056;741;553;240;78;224;551;
20231216;1318;508;256;958;152;989;1174;614;1788;537;219;1666;854;678;717;188;198;282;692;
20231217;1146;807;331;1301;206;847;1116;628;1744;748;163;1458;1031;553;1178;288;349;384;1198;
20231218;2343;867;549;1844;348;1573;2319;1270;3589;1183;260;3811;1603;1124;1429;452;283;475;1308;
20231219;2561;781;545;1828;296;1714;2352;1293;3645;1040;267;4000;1668;1227;1286;447;193;446;1253;
20231220;2045;414;426;1327;219;1371;1684;1036;2720;699;179;3057;1208;980;816;295;89;321;738;
20231221;1823;336;365;1045;194;1218;1384;820;2204;636;145;2546;1054;872;613;234;84;238;524;
20231222;1565;286;312;917;118;1054;1099;655;1754;554;164;2004;1022;752;470;198;60;193;398;
20231223;356;43;71;234;38;266;257;190;447;131;46;483;289;188;86;62;6;39;78;
20231224;333;264;116;373;36;245;370;189;559;159;66;488;341;161;252;69;79;83;238;
20231225;298;354;182;619;113;218;520;224;744;286;83;504;503;144;534;103;168;123;399;
20231226;457;474;208;773;129;334;629;349;978;415;70;729;645;220;619;151;238;161;572;
20231227;981;713;376;1257;264;655;1079;612;1691;732;107;1438;1081;470;1140;275;339;341;989;
20231228;1028;411;344;968;152;690;1015;578;1593;598;125;1483;948;494;696;222;170;226;668;
20231229;1115;641;346;1227;229;751;1260;634;1894;730;142;1689;1075;536;1013;273;291;361;909;
20231230;953;787;374;1052;220;714;1108;570;1678;653;187;1210;956;492;960;233;306;299;1025;
20231231;686;395;180;737;111;501;779;357;1136;343;128;856;740;329;618;141;156;171;477;
20220101;704;797;270;941;197;629;984;508;1492;423;195;539;1148;328;1071;156;352;215;894;
20220102;915;1020;311;1223;300;820;1157;632;1789;550;248;827;1367;470;1688;223;637;250;1353;
20220103;1455;865;395;1120;262;911;1775;865;2640;612;247;1522;1750;810;1117;228;272;198;1073;
20220104;1400;479;312;984;228;875;1808;913;2721;592;199;1595;1584;813;736;184;157;136;691;
20220105;1313;342;295;794;182;821;1323;843;2166;549;196;1463;1334;779;482;217;89;104;497;
20220106;826;696;203;757;146;737;848;548;1396;504;235;772;1049;462;781;182;190;123;732;
20220107;1342;591;308;972;163;837;1281;824;2105;564;260;1397;1554;698;701;161;190;172;824;
20220108;845;472;179;676;116;695;747;562;1309;435;254;895;1061;544;453;159;121;105;561;
20220109;705;289;174;494;85;634;674;469;1143;423;214;744;896;388;392;136;83;93;389;
20220110;1979;455;412;1195;205;1242;1490;1093;2583;826;240;2137;1882;1109;669;236;90;143;704;
20220111;2137;532;466;1319;254;1338;1755;1228;2983;895;362;2344;2090;1287;837;205;131;202;821;
20220112;1979;475;409;1157;181;1234;1633;1235;2868;832;429;2256;1922;1260;713;213;141;233;783;
20220113;2225;557;430;1307;218;1389;1696;1281;2977;933;354;2400;2120;1218;869;213;202;164;811;
20220114;2091;888;491;1542;270;1307;1838;1286;3124;878;400;2249;2278;1308;1244;240;305;216;1180;
20220115;1262;828;235;1079;251;1030;1183;852;2035;652;436;1180;1636;737;1035;219;361;190;1009;
20220116;1040;814;270;1052;186;928;1031;648;1679;623;294;969;1437;562;1141;161;347;250;1019;
20220117;1493;326;285;713;137;938;986;815;1801;628;221;1584;1320;944;430;163;74;92;444;
20220118;2297;667;443;1352;300;1433;1949;1360;3309;963;284;2581;2156;1317;963;216;186;234;931;
20220119;2352;741;488;1435;270;1466;1923;1430;3353;990;370;2595;2219;1348;1070;214;239;250;1101;
20220120;1838;419;341;941;186;1150;1861;1105;2966;772;259;1944;1661;1046;579;160;112;120;590;
20220121;1489;354;312;820;125;935;1366;887;2253;620;200;1587;1499;967;468;142;85;107;404;
20220122;738;231;146;481;63;607;1762;616;2378;381;139;726;890;514;291;112;52;75;240;
20220123;489;99;112;256;36;442;572;345;917;300;77;480;589;281;143;97;30;35;134;
20220124;1505;405;318;806;114;938;1082;881;1963;635;161;1684;1502;938;467;182;67;117;506;
20220125;2028;527;419;1183;189;1266;1594;1234;2828;851;220;2242;1992;1207;772;188;135;157;808;
20220126;2145;571;405;1263;199;1338;1656;1278;2934;902;249;2346;2053;1269;830;204;134;167;797;
20220127;2233;691;404;1301;266;1392;1807;1309;3116;944;305;2511;2090;1364;978;230;232;178;955;
20220128;1795;448;356;951;180;1120;1456;1063;2519;755;278;1954;1681;1141;616;201;115;104;625;
20220129;805;342;209;429;112;660;817;547;1364;413;215;770;816;482;357;133;107;73;400;
20220130;804;394;139;450;80;718;932;452;1384;488;167;737;843;415;408;127;83;75;363;
20220131;1874;493;386;1082;234;1171;1416;1064;2480;791;261;2074;1851;1114;698;183;121;133;678;
20220201;2186;551;467;1210;227;1522;1827;1261;3088;1047;279;2405;2043;1306;818;171;149;163;769;
20220202;1878;414;366;899;185;1311;1436;1050;2486;898;169;1943;1674;1044;547;167;106;113;588;
20220203;2367;794;481;1483;294;1645;1896;1487;3383;1132;313;2531;2359;1291;1077;239;297;229;1113;
20220204;2064;746;454;1425;245;1437;1801;1247;3048;988;322;2211;2191;1170;1020;240;249;159;1055;
20220205;1052;697;265;863;164;847;1102;801;1903;584;239;1067;1318;618;877;184;208;143;860;
20220206;991;825;281;979;214;755;1066;704;1770;582;268;859;1331;476;1132;184;315;165;980;
20220207;1288;229;215;643;121;892;1020;740;1760;615;176;1294;1215;701;363;143;65;81;354;
20220208;1819;444;296;1129;158;1265;1440;1111;2551;867;241;1972;1861;1033;694;181;150;151;718;
20220209;2314;1078;504;1766;350;1608;2134;1425;3559;1110;368;2493;2472;1250;1645;300;613;336;1489;
20220210;2335;1253;552;1949;402;1629;2138;1476;3614;1120;431;2403;2686;1227;1925;337;660;382;1799;
20220211;1533;319;282;789;149;1066;1457;892;2349;734;209;1531;1457;822;430;131;79;117;482;
20220212;1259;913;346;1197;224;1017;1446;908;2354;695;339;1213;1567;666;1250;245;477;246;1143;
20220213;1089;1334;383;1509;448;826;1233;746;1979;636;405;1032;1821;542;1673;267;502;358;1774;
20220214;2372;847;555;1621;331;1652;1957;1449;3406;1135;384;2472;2499;1326;1244;264;299;254;1254;
20220215;2243;710;528;1537;315;1553;1933;1383;3316;1074;421;2592;2388;1370;1153;250;255;241;1087;
20220216;2535;1025;632;1873;385;1757;2367;1710;4077;1216;350;2845;2872;1578;1629;306;441;344;1600;
20220217;2087;415;427;1035;218;1448;1594;1165;2759;1000;229;2140;1880;1241;697;173;105;148;622;
20220218;2101;749;562;1365;321;1465;2001;1265;3266;1006;302;2123;2190;1196;1029;211;301;197;1031;
20220219;1324;731;333;972;159;1066;1383;898;2281;735;322;1233;1485;702;922;207;214;166;833;
20220220;1343;962;368;1104;244;1017;1259;760;2019;786;332;1082;1582;547;1196;199;311;187;1089;
20220221;2187;537;489;1224;271;1518;1653;1331;2984;1047;338;2209;2034;1236;818;231;161;183;791;
20220222;2461;602;539;1312;265;1711;1932;1456;3388;1180;389;2553;2250;1368;878;205;150;184;864;
20220223;2649;813;544;1466;319;1842;2056;1580;3636;1271;365;2606;2349;1457;1102;238;229;237;1106;
20220224;2846;1304;667;2057;424;1983;2662;1950;4612;1368;467;2971;3056;1643;1792;293;528;359;1897;
20220225;2236;635;525;1319;245;1553;1794;1361;3155;1069;410;2269;2176;1194;965;213;180;183;846;
20220226;1348;688;274;827;188;1087;1413;1065;2478;747;404;1149;1332;773;736;170;181;152;744;
20220227;1340;1455;450;1536;317;1015;1945;925;2870;779;501;1210;1971;722;1870;187;522;342;1720;
20220228;2449;581;512;1367;278;1707;1858;1468;3326;1174;453;2477;2230;1328;936;208;135;189;943;
20220301;2735;911;567;1752;361;2022;2420;1721;4141;1216;396;2938;2674;1520;1239;222;292;260;1275;
20220302;2870;844;591;1765;399;2124;2438;1844;4282;1273;538;3077;2792;1548;1316;249;304;280;1341;
20220303;2921;829;648;1676;390;2163;2615;1749;4364;1295;614;3087;2704;1507;1244;262;325;272;1330;
20220304;2283;586;484;1268;286;1691;1920;1496;3416;1014;504;2270;2096;1314;777;230;144;182;862;
20220305;1398;651;321;806;168;1520;1370;950;2320;886;346;1162;1256;655;750;173;172;111;737;
20220306;1097;798;302;930;185;1079;1109;804;1913;686;443;954;1363;536;874;180;290;180;977;
20220307;2367;523;452;1255;244;1756;1852;1380;3232;1051;476;2582;2141;1263;826;201;117;164;838;
20220308;2934;884;578;1695;352;2170;2674;1847;4521;1304;625;3128;2709;1592;1343;258;257;244;1286;
20220309;2974;958;638;1858;384;2202;2590;1925;4515;1319;588;3213;2861;1636;1539;295;349;316;1424;
20220310;3042;903;652;1782;366;2255;2564;1795;4359;1354;575;3124;2745;1574;1314;282;281;301;1356;
20220311;2400;689;552;1444;287;1767;1998;1437;3435;1068;635;2396;2281;1313;966;287;220;229;1040;
20220312;1451;755;300;1010;201;1542;1518;1032;2550;920;694;1321;1549;693;903;227;184;206;914;
20220313;1428;1222;393;1538;299;1397;1618;955;2573;892;647;1224;1816;672;1608;238;414;311;1596;
20220314;3113;1229;694;2101;452;2305;2825;1910;4735;1380;564;3101;3057;1590;1768;323;521;392;1907;
20220315;3142;1079;708;2093;433;2314;2773;1975;4748;1396;515;3455;3205;1684;1497;270;315;354;1568;
20220316;2864;733;542;1613;320;2104;2289;1809;4098;1273;345;3009;2669;1643;1028;260;179;221;997;
20220317;3144;1159;701;2080;441;2315;2678;1938;4616;1398;494;3305;3210;1739;1613;317;419;371;1592;
20220318;2709;1101;680;1798;391;2002;2559;1820;4379;1202;476;2767;2802;1507;1544;285;407;372;1540;
20220319;1846;1469;532;1777;374;1947;2162;1201;3363;1175;577;1605;2540;946;2003;312;639;388;1960;
20220320;1515;1474;449;1578;328;1489;1553;992;2545;948;495;1255;1982;718;1873;245;466;422;1769;
20220321;3194;1048;713;2002;415;2363;2619;1849;4468;1417;590;3208;3120;1630;1686;350;354;325;1504;
20220322;3559;1474;853;2660;560;2624;3308;2270;5578;1584;658;3785;3756;1863;2108;351;657;422;2255;
20220323;3938;1768;835;3251;671;2713;3762;2493;6255;1751;754;4096;4228;2067;2686;438;799;580;2728;
20220324;3851;1823;982;3454;763;2510;4139;2697;6836;1832;806;4148;4457;2062;2983;476;1015;683;2723;
20220325;3462;1815;963;3089;730;2353;4001;2497;6498;1634;764;3647;4129;1935;2782;485;836;567;2801;
20220326;2415;2600;808;3613;930;1798;3435;1887;5322;1736;806;2225;3879;1128;4132;511;1527;923;3536;
20220327;2145;2626;792;3509;840;1645;4368;1717;6085;1536;789;2207;3492;1113;3778;464;1407;842;3378;
20220328;3955;2049;1038;3548;791;2446;4143;2683;6826;1959;760;4102;4360;2087;3249;504;1117;679;3082;
20220329;4134;1824;1072;3305;716;2497;4376;2854;7230;1824;685;4502;4374;2088;2854;410;736;566;2652;
20220330;3972;1426;862;2675;556;2278;3710;2589;6299;1558;638;4204;3747;2138;2029;393;469;333;2006;
20220331;1860;276;346;888;198;923;1283;1083;2366;528;240;1817;1529;1104;455;155;68;115;522;
20220401;2105;447;468;1211;238;1219;1833;1377;3210;662;243;2149;2000;1197;632;217;115;166;711;
20220402;965;348;207;596;108;740;984;794;1778;334;214;986;1048;644;347;145;96;83;408;
20220403;1133;451;256;795;127;720;1065;1321;2386;479;236;1172;1285;670;519;139;120;98;535;
20220404;2958;918;641;1962;378;1787;2673;1870;4543;1111;447;3261;2897;1702;1325;275;292;279;1407;
20220405;2522;540;484;1278;260;1375;2034;1525;3559;754;244;2709;2113;1490;809;236;127;147;743;
20220406;4026;1924;952;3200;722;2391;3931;2517;6448;1787;590;4359;4239;2089;2881;397;756;633;2863;
20220407;3466;1233;699;2246;477;1981;3380;2216;5596;1351;456;3663;3333;1869;1589;349;397;386;1625;
20220408;2670;821;665;1609;371;1709;2317;1777;4094;990;373;2787;2595;1514;1106;234;244;270;1072;
20220409;1165;449;204;675;148;972;1247;866;2113;448;247;1120;1236;717;424;179;96;124;498;
20220410;1207;1049;330;1313;269;926;1439;776;2215;789;272;1097;1608;658;1121;211;345;251;1298;
20220411;2863;1220;725;2344;492;1911;2718;1758;4476;1390;468;2923;3058;1518;1882;402;616;366;1723;
20220412;3368;1895;866;3091;712;2210;3605;2218;5823;1691;615;3515;3867;1661;2840;382;829;591;2683;
20220413;3477;1924;959;3437;776;2330;3767;2360;6127;1840;682;3674;4254;1721;3188;477;897;706;2905;
20220414;3403;2220;983;3871;757;2161;3657;2248;5905;1842;688;3342;4296;1531;3573;518;1213;651;3306;
20220415;1688;606;432;1250;281;1090;1537;1069;2606;781;269;1485;1763;768;969;247;228;172;852;
20220416;1122;659;303;905;121;795;1271;735;2006;619;253;922;1177;601;632;173;160;117;704;
20220417;1313;1306;415;1962;349;823;1682;776;2458;1064;357;951;1850;477;1954;261;665;330;1611;
20220418;1335;953;329;1293;335;928;1373;701;2074;728;347;937;1615;524;1202;225;404;216;1205;
20220419;1959;428;446;1010;227;973;1307;1112;2419;650;222;1843;1731;1083;676;177;111;121;688;
20220420;3689;1526;881;2732;560;2054;3347;2298;5645;1615;467;3674;3824;1838;2080;374;594;427;2196;
20220421;4037;2255;1057;3634;775;2532;4001;2736;6737;2033;625;4086;4632;2116;3150;436;933;662;3210;
20220422;1830;407;415;1050;193;1010;1340;1081;2421;581;212;1745;1746;1083;574;166;102;143;631;
20220423;2071;1328;472;1805;377;1360;2228;1367;3595;959;367;1662;2341;979;1500;281;488;290;1559;
20220424;1761;1378;459;1955;625;1128;1934;1228;3162;842;401;1438;2255;780;1708;232;636;365;1804;
20220425;3335;1038;680;2340;449;1896;3045;2144;5189;1293;417;3481;3315;1787;1683;324;373;331;1439;
20220426;3792;1470;880;2813;566;2112;3414;2487;5901;1580;448;3979;3955;2135;2119;398;544;475;2139;
20220427;3085;724;525;1744;302;1663;2633;1857;4490;944;366;3065;2826;1672;960;271;188;245;1134;
20220428;4268;2126;960;3607;721;2544;4241;2916;7157;1939;603;4529;4579;2340;2791;499;765;576;2940;
20220429;4159;2344;1054;3741;804;2734;4164;2773;6937;1987;708;4193;4564;2126;3158;555;1055;680;3275;
20220430;2757;3172;800;4471;775;1985;3945;2252;6197;1870;733;2578;4487;1355;5013;592;1639;979;4144;
20220501;1624;1568;517;1994;370;1185;2350;1231;3581;1028;407;1509;2447;815;1889;279;524;324;1833;
20220502;4428;2043;1010;3821;843;2717;4505;2993;7498;2122;620;4819;4813;2305;3325;519;930;648;2945;
20220503;5339;2645;1198;4856;895;3103;5604;3413;9017;2506;771;5541;5956;2638;4347;604;1145;874;3967;
20220504;4612;1819;1029;3462;713;2694;4468;3152;7620;1843;647;4867;4732;2325;2839;484;699;524;2527;
20220505;4798;2311;1219;4175;741;2947;5032;3519;8551;2141;731;5180;5417;2400;3362;493;945;697;3055;
20220506;3437;1255;861;2389;517;2103;3387;2210;5597;1300;472;3506;3343;1744;1674;356;405;395;1534;
20220507;1886;1081;489;1813;326;1515;2338;1581;3919;861;413;1713;2418;1026;1614;261;435;297;1247;
20220508;2332;2568;704;3042;792;1548;3306;1686;4992;1476;530;1906;3269;1054;3246;401;1064;642;2974;
20220509;5055;2405;1266;4750;1011;3067;5213;3250;8463;2300;770;5254;5748;2513;3965;605;1076;768;3635;
20220510;5909;3170;1466;6065;1177;3579;6462;3952;10414;2821;875;6107;6852;2852;5169;669;1444;1091;4735;
20220511;5909;3228;1539;7529;1214;3448;6324;4138;10462;2966;978;6192;7793;2881;6101;724;1593;1437;5052;
20220512;5486;3002;1458;7618;1030;3387;6169;4134;10303;2592;887;5873;7731;2754;6028;654;1387;1501;4557;
20220513;3486;1441;776;2908;460;2147;4079;2432;6511;1348;559;3618;3904;1764;2009;426;513;452;1741;
20220514;3488;3607;1102;6658;1052;2433;4401;2593;6994;2058;879;2834;5934;1496;6648;623;2004;1438;4945;
20220515;3178;4831;1334;9053;1430;2170;4851;2588;7439;2340;880;2755;7388;1362;9175;795;2978;2219;6623;
20220516;5646;2776;1474;6580;1049;3406;5730;3640;9370;2597;806;5505;7181;2745;5433;775;1339;1211;4333;
20220517;3204;846;638;1995;352;1855;2883;1861;4744;1124;397;3416;3056;1726;1255;293;197;250;1233;
20220518;5903;3134;1389;5752;1100;3553;6036;3997;10033;2801;871;5955;6953;2790;4995;652;1312;1017;4463;
20220519;5773;2952;1370;6598;1108;3433;6275;3938;10213;2595;889;6060;7269;2811;5223;746;1300;1132;4414;
20220520;5174;2971;1449;7902;940;3054;6139;3630;9769;2326;885;5124;7664;2453;6141;725;1363;1471;4474;
20220521;3012;2611;792;5773;698;2206;4183;2458;6641;1675;760;2858;5324;1391;4769;602;1102;1247;3504;
20220522;3141;4319;1086;7309;1268;2155;4425;2212;6637;2357;869;2731;6182;1259;7125;710;2413;1646;5286;
20220523;5277;2365;1392;5108;945;3270;5347;3542;8889;2492;721;5526;6057;2544;3890;591;910;744;3385;
20220524;4333;1456;945;3258;608;2438;4176;2823;6999;1698;546;4528;4482;2248;2406;485;541;514;2198;
20220525;3588;1024;702;2365;398;1960;3264;2259;5523;1153;420;3660;3359;1726;1462;379;305;275;1359;
20220526;3047;4038;1093;6827;1250;1969;4215;2238;6453;2071;865;2559;5765;1278;6356;676;2143;1400;5027;
20220527;3540;2444;1023;5399;812;2361;4458;2602;7060;2016;676;3441;5346;1525;4029;567;1076;973;3224;
20220528;2434;1787;591;2511;339;1591;2679;1603;4282;1169;512;1998;2751;936;2055;364;605;368;1957;
20220529;1767;1741;507;1838;416;1131;2054;1165;3219;953;338;1388;2180;760;1821;299;588;248;1792;
20220530;5032;2011;1217;4267;821;2946;4732;3213;7945;2213;697;5307;5272;2350;3184;522;846;646;2889;
20220531;5756;2882;1330;5619;1036;3479;5955;3911;9866;2702;861;6216;6667;2822;4693;633;1256;916;4265;
20220601;5750;2710;1443;5773;955;3363;5912;3812;9724;2654;830;6016;6865;2755;4744;660;1135;933;4228;
20220602;5664;2897;1367;5472;962;3539;5954;3660;9614;2509;780;5968;6401;2649;4545;644;1163;922;3924;
20220603;4862;2630;1287;6881;917;3005;5585;3414;8999;2288;767;4935;6842;2215;5431;621;1362;1340;4090;
20220604;2949;2540;884;6012;780;2049;3705;2136;5841;1608;661;2356;5026;1215;5037;518;1498;1332;3498;
20220605;2785;4358;985;8594;965;1582;4064;2035;6099;1770;738;2150;6529;962;7301;600;2370;1778;5358;
20220606;2640;2926;945;5269;1023;1842;3822;1986;5808;1849;756;2420;4864;1135;5059;612;1567;1098;3877;
20220607;3487;1331;852;2619;492;2005;2859;1927;4786;1402;356;3400;3734;1839;2070;354;436;331;1826;
20220608;4922;2323;1138;3978;683;2873;4713;3223;7936;2055;669;5197;5178;2399;3094;479;709;593;2974;
20220609;3295;1073;609;2190;357;1793;3015;2058;5073;1021;409;3512;3185;1666;1325;319;186;216;1328;
20220610;2287;781;559;1678;227;1425;2289;1535;3824;809;298;2301;2542;1199;1213;280;242;208;900;
20220611;3358;3416;931;5231;893;2033;3528;1973;5501;1943;792;3095;4962;1559;4769;640;1655;998;4249;
20220612;3223;4243;1133;9753;1188;2002;4520;2468;6988;2037;789;2745;7608;1351;8588;772;2713;2109;5982;
20220613;4488;1627;1104;4006;702;2574;4390;2833;7223;1811;534;4767;5023;2272;2916;466;598;520;2393;
20220614;5680;2883;1356;5729;979;3516;6122;3674;9796;2726;855;5950;6737;2640;4580;648;1238;800;3901;
20220615;5524;2746;1466;6459;943;3485;5955;3796;9751;2646;820;5794;6936;2672;5186;604;1367;1186;4102;
20220616;2825;3518;917;6502;974;2031;3564;2017;5581;2012;655;2520;5385;1060;6273;600;1981;1399;4773;
20220617;4007;2647;1130;5926;775;2791;5269;2788;8057;1996;733;3930;5919;1737;4191;633;1153;952;3192;
20220618;3336;3286;1023;7999;807;2138;4389;2388;6777;1638;682;2758;6525;1172;6811;638;1835;1816;4596;
20220619;2975;3538;1006;10042;864;1753;3965;2305;6270;1592;698;2521;7396;1087;8187;692;1944;2161;5238;
20220620;5032;2371;1291;5537;834;3002;5046;3188;8234;2157;692;5093;6172;2368;4437;611;1020;1051;3303;
20220621;5876;3092;1487;6854;963;3367;6223;3921;10144;2668;848;6197;7199;2764;5294;644;1253;1150;4419;
20220622;5374;2879;1423;5547;890;3243;5597;3691;9288;2478;738;5682;6432;2649;4219;654;1072;904;3802;
20220623;5663;3163;1393;6754;972;3393;6121;3715;9836;2472;770;5912;7383;2632;5587;642;1466;1214;4108;
20220624;4932;2678;1343;6103;825;2954;5142;3098;8240;2154;754;4768;6322;2207;4851;732;972;682;3586;
20220625;2466;1759;676;3134;463;1696;2740;1503;4243;1079;464;2043;3344;1016;2413;442;616;365;1853;
20220626;3144;4883;1093;9770;954;1840;4229;2210;6439;1973;688;2501;7727;1147;9608;959;2595;1152;6598;
20220627;5171;2675;1438;7732;913;2900;5206;3541;8747;2371;717;5305;7582;2448;6341;685;1267;1437;4338;
20220628;5434;2643;1451;6802;923;3154;2082;3583;5665;2475;805;5712;7020;2580;5257;582;1235;1102;4044;
20220629;5236;2544;1462;7160;797;2981;1877;3617;5494;2215;735;5232;7203;2472;5432;618;1262;1161;3951;
20220630;5018;2838;1377;7155;871;3085;2933;3524;6457;2294;790;5489;7497;2478;5770;656;1259;1275;4135;
20220701;4144;2035;1177;5878;663;2528;3453;2866;6319;1822;669;4023;6027;1930;4591;552;1017;1142;3093;
20220702;3090;3168;1010;6507;848;2050;3176;2147;5323;1785;697;2649;5588;1206;5954;544;1454;1223;3808;
20220703;2969;4159;1118;9226;946;1858;3132;2135;5267;1748;768;2513;7213;1069;8407;698;2393;1891;5503;
20220704;4288;2112;1235;4667;734;2546;3161;2599;5760;1904;537;4091;5267;1932;3673;451;891;630;2888;
20220705;3947;1400;885;3236;546;2217;2960;2413;5373;1548;530;3866;4279;1896;2146;409;456;392;1830;
20220706;4889;2725;1167;5227;832;2940;3987;3037;7024;2259;683;4787;6056;2205;3972;491;1118;747;3309;
20220707;4344;2308;1094;3967;633;2658;3482;2718;6200;1779;561;4457;4864;2095;3000;436;725;537;2666;
20220708;3521;1556;781;2937;483;2133;2729;2117;4846;1356;552;3399;3702;1604;1876;335;448;382;1735;
20220709;2392;2708;689;3444;642;1721;2250;1640;3890;1521;545;1964;3342;974;2973;386;1027;546;2734;
20220710;2064;1948;583;2562;461;1311;1915;1336;3251;1213;500;1556;2784;772;2380;327;728;435;1926;
20220711;4465;2061;1020;3775;678;2498;3148;2655;5803;1953;583;4544;4632;1857;2789;448;708;486;2463;
20220712;5133;2680;1332;4795;889;2918;4797;3058;7855;2216;749;5602;5642;2147;3809;513;1110;690;3280;
20220713;5146;3013;1350;6825;883;2824;5325;3321;8646;2302;745;5576;6838;2273;5599;563;1488;1164;4092;
20220714;4733;2998;1298;7063;814;2605;5088;3179;8267;1986;750;5340;6822;2008;5708;596;1298;1208;4123;
20220715;4204;2282;1097;5297;622;2464;4609;2457;7066;1802;702;4432;5449;1657;4179;539;944;869;2973;
20220716;3075;2928;993;5627;698;1890;3469;2121;5590;1559;641;2722;4820;1088;4895;509;1492;973;3608;
20220717;2983;4113;1112;8158;982;1675;3771;2073;5844;1800;748;2673;6296;995;7154;673;2468;1584;5008;
20220718;4770;2674;1482;5885;790;2700;4599;2752;7351;2148;705;4961;6159;1821;5151;593;1422;1022;3750;
20220719;5027;2930;1464;7631;790;2893;5261;3093;8354;2209;761;5364;7162;2071;6293;653;1593;1282;4305;
20220720;4702;2666;1283;8064;718;2654;4796;3017;7813;1898;688;5102;7422;1963;6424;647;1321;1484;4180;
20220721;4465;2556;1264;6886;656;2637;3639;2834;6473;2039;648;5041;6692;1861;5397;616;1192;1190;3800;
20220722;3846;2240;1125;6717;620;2187;4025;2524;6549;1678;579;3996;6136;1450;5403;599;1205;1176;3385;
20220723;2544;2466;843;5373;525;1590;3007;1869;4876;1184;560;2377;4380;882;4291;519;1219;1019;2925;
20220724;2867;3679;1109;7833;773;1597;3219;1825;5044;1589;629;2429;5979;859;6795;556;2079;1371;4421;
20220725;4506;2405;1250;6969;704;2436;3367;2709;6076;1781;632;4467;6580;1746;5783;594;1351;1356;3611;
20220726;2921;831;533;1936;323;1524;1810;1522;3332;843;414;2959;2800;1174;1248;238;214;237;909;
20220727;4741;2486;1193;4578;743;2396;3356;2706;6062;1711;729;4680;5324;1886;3757;469;1083;625;3127;
20220728;5138;3318;1259;6035;894;2598;3921;3171;7092;1941;805;5549;6231;1969;5019;566;1507;1061;3969;
20220729;3688;1994;853;3567;517;1982;2577;2171;4748;1305;505;3886;4130;1466;2855;401;847;506;2309;
20220730;1946;824;483;1531;260;1229;1415;1085;2500;586;312;1930;1949;724;1186;266;317;227;868;
20220731;2793;3681;1099;5216;955;1633;2643;1799;4442;1533;593;2565;4396;996;5164;479;1512;1010;3887;
20220801;4295;2133;1032;4529;810;2488;2942;2517;5459;1766;589;4625;5256;1797;3814;542;943;767;2920;
20220802;5105;2957;1243;6393;880;2838;5178;3160;8338;2126;782;5286;6683;2025;5418;598;1461;1145;4280;
20220803;5111;3115;1147;7387;973;2771;5260;3216;8476;1964;707;5193;7228;2114;6608;669;1695;1348;4573;
20220804;4612;3005;1081;7537;785;2425;4766;2991;7757;1858;655;4994;7180;1822;6104;630;1399;1409;4095;
20220805;4008;2330;838;7458;639;2144;4333;2648;6981;1438;618;4105;6546;1426;5969;600;1275;2542;3736;
20220806;2496;1666;601;2736;428;1452;2792;1522;4314;938;490;2107;2818;775;2150;330;502;766;1619;
20220807;2668;3405;943;4251;815;1432;3150;1636;4786;1491;542;2080;3782;807;4360;419;1471;1463;3640;
20220808;3373;1437;703;3135;463;1899;3012;1848;4860;1203;381;3472;3670;1467;2237;325;443;842;1957;
20220809;4758;3061;1260;6168;969;2864;5074;3002;8076;2155;740;5291;6469;1926;5316;580;1428;1725;4007;
20220810;4729;3262;1220;6216;877;2824;4959;3019;7978;2089;745;5024;6489;1925;5439;635;1424;1742;4089;
20220811;4470;2984;1144;5558;847;2713;4826;2913;7739;1958;689;4832;5918;1929;4648;621;1273;1417;3520;
20220812;3779;2845;966;5423;779;2407;4492;2457;6949;1655;598;3938;5368;1565;4692;564;1297;1680;3491;
20220813;2599;2406;860;3925;677;1658;3294;1628;4922;1353;592;2482;3563;866;3448;506;1038;1324;2619;
20220814;2417;2620;845;4177;802;1437;3123;1566;4689;1353;546;2110;3734;762;4325;522;1516;1424;2975;
20220815;2763;3786;896;7464;895;1687;3961;2006;5967;1531;635;2435;6140;956;7242;592;2328;2625;4836;
20220816;4535;2470;1003;5815;792;2538;4880;3041;7921;1718;634;4859;6315;1963;5089;590;1127;1963;3673;
20220817;4668;3101;1037;7762;829;2582;5051;3176;8227;1777;715;5151;7397;1983;6408;632;1495;2402;4303;
20220818;4291;2637;969;6842;697;2332;4732;2986;7718;1659;596;4868;6521;1775;5527;509;1240;2154;3704;
20220819;3418;1899;867;3524;587;2065;3564;2217;5781;1483;505;3691;4077;1406;2772;378;739;904;2336;
20220820;2232;2212;853;2651;456;1668;3204;1528;4732;1352;489;2324;2968;788;2632;400;825;888;2195;
20220821;1720;1117;423;1547;375;993;1861;918;2779;691;265;1369;1903;501;1321;271;385;405;868;
20220822;2054;400;325;1167;183;1174;1811;1120;2931;557;258;2094;1868;910;680;223;137;284;637;
20220823;2819;987;566;1969;359;1580;2574;1593;4167;972;398;2960;2809;1214;1493;275;386;518;1226;
20220824;4507;2598;1248;4801;836;2586;4762;2942;7704;2139;662;5042;5527;2037;4050;670;1182;1129;3477;
20220825;3959;2564;1195;4973;767;2640;4597;2855;7452;2043;725;4840;5386;1881;4315;794;1120;1434;3435;
20220826;3770;2682;1138;6220;821;2369;4372;2719;7091;1953;642;4309;6148;1656;5198;1019;1390;1989;3776;
20220827;2604;2653;957;5062;746;1833;3786;1825;5611;1520;576;2398;4547;1065;4824;796;1471;1774;3614;
20220828;2089;1884;779;2884;804;1337;2545;1274;3819;1249;432;1838;3158;750;2748;525;1073;951;2223;
20220829;4589;2587;1309;5382;823;2810;4425;2743;7168;2241;614;4742;5786;1968;4703;957;1266;1615;3589;
20220830;5110;3081;1529;6687;1089;3146;5339;3313;8652;2620;853;5781;7267;2246;6091;1169;1611;2216;4614;
20220831;4181;2052;1097;4026;763;2526;4305;2686;6991;1880;540;4981;5117;2077;3213;699;771;1037;2643;
20220901;4611;2576;1315;4543;829;2916;4601;3099;7700;2217;721;5424;5597;2053;3861;971;891;1177;3117;
20220902;4200;2505;1200;4571;857;2625;4282;2888;7170;2019;653;4770;5367;1915;3961;949;1134;1320;3287;
20220903;2934;3334;1065;4543;862;2031;3324;2268;5592;1777;792;2894;4569;1175;4563;975;1554;1708;3869;
20220904;2596;2460;952;3140;831;1626;2494;1669;4163;1501;515;2283;3771;921;3183;675;978;1027;2644;
20220905;5035;2489;1343;4939;961;2899;4495;3042;7537;2265;646;5443;5940;2257;4197;1052;1058;1340;3566;
20220906;5602;2959;1452;5664;1095;3298;6690;3572;10262;2605;772;6120;6656;2571;4863;1257;1331;1652;4026;
20220907;5599;3071;1893;5980;983;3143;6746;3453;10199;2632;806;6158;6796;2548;5227;1302;1394;1834;4335;
20220908;4239;1871;971;3377;600;2455;3780;2563;6343;1636;436;4729;4369;1957;2508;700;545;898;2215;
20220909;3841;2030;1008;3345;625;2296;3665;2464;6129;1692;459;4435;4247;1823;2737;727;677;946;2436;
20220910;2762;2021;908;2651;558;1881;2777;1857;4634;1516;558;2918;3187;1071;2699;536;599;894;2091;
20220911;1837;1308;518;1728;396;1107;1600;1085;2685;812;327;1894;2120;627;1640;399;440;547;1270;
20220912;4579;2169;1321;4193;856;2786;4302;2896;7198;2226;603;5279;5240;2297;3332;854;755;1114;2880;
20220913;5190;2718;1391;5233;1054;2950;6209;3316;9525;2505;716;6007;6235;2504;4505;1058;1181;1420;3763;
20220914;4391;1791;1252;3325;661;2409;5058;2558;7616;1732;510;4779;4376;2008;2568;763;563;848;2344;
20220915;3871;1379;1099;2747;560;2182;4607;2344;6951;1520;416;4462;3783;1838;2058;613;350;727;1664;
20220916;3679;1409;798;2745;497;2041;3275;2207;5482;1346;436;4287;3607;1820;1941;585;388;710;1628;
20220917;2171;1108;508;1637;319;1328;1891;1271;3162;846;311;2143;2192;802;1310;326;295;394;1146;
20220918;1630;1269;490;1429;320;1094;1370;930;2300;785;269;1446;1902;649;1024;330;301;425;1006;
20220919;3153;690;585;1900;356;1640;2440;1654;4094;991;278;3460;2662;1556;1061;391;172;439;1098;
20220920;3429;731;583;2077;365;1688;3513;1878;5391;1049;329;3801;3102;1666;1323;470;218;489;1102;
20220921;4292;1596;1201;3159;572;2307;4873;2481;7354;1663;500;4981;4223;2099;2433;733;552;851;2305;
20220922;4177;1597;985;3270;574;2305;3699;2494;6193;1664;491;4631;4323;1980;2520;725;572;747;2177;
20220923;3982;2085;1060;3226;617;2177;3624;2450;6074;1785;585;4292;4312;1909;2702;784;773;924;2580;
20220924;2372;1997;784;2315;502;1651;2189;1475;3664;1306;512;2419;2771;1053;2253;556;848;838;2140;
20220925;1759;1290;513;1722;434;1157;1598;1063;2661;814;323;1738;2151;733;1363;397;474;492;1533;
20220926;3547;1348;874;2858;519;2074;3151;2135;5286;1470;441;4344;3769;1931;2000;615;548;746;1887;
20220927;3186;733;587;2136;395;1771;3493;1867;5360;1052;310;3834;3062;1753;1208;468;217;446;1148;
20220928;4309;1857;1301;3337;651;2495;5044;2588;7632;1791;526;5093;4466;2281;2504;746;648;855;2458;
20220929;3606;1222;749;2567;525;2181;3151;2133;5284;1263;463;4312;3502;1831;1738;644;371;681;1719;
20220930;2811;877;633;1815;333;1695;2573;1737;4310;1071;384;3249;2717;1604;1076;429;228;525;1255;
20221001;2046;1310;564;1913;337;1532;2776;1483;4259;1007;393;2286;2302;1069;1459;400;500;511;1716;
20221002;1509;1298;452;1500;306;1101;2096;1163;3259;854;302;1675;1825;704;1263;338;398;451;1313;
20221003;4146;1144;766;2714;498;2279;3796;2336;6132;1435;391;4882;3710;2065;1719;528;315;688;1602;
20221004;4526;1587;895;3066;614;2575;4482;2774;7256;1680;530;5381;4218;2210;2185;683;463;820;2112;
20221005;4766;1929;1048;3539;687;2705;4985;3032;8017;1968;564;5811;4654;2337;2629;846;761;1039;2656;
20221006;4796;2112;1148;3907;734;2757;5080;3105;8185;2158;652;5887;5064;2349;3282;964;1045;1227;2786;
20221007;4151;2044;966;3343;693;2362;4377;2685;7062;1814;621;5100;4300;2069;2688;804;803;1084;2707;
20221008;2587;2156;841;2719;609;1781;3491;1856;5347;1504;566;2886;3072;1203;2392;566;892;883;2375;
20221009;2140;2563;882;3071;661;1601;2690;1471;4161;1651;580;2295;3245;959;3077;665;1068;1136;2937;
20221010;4247;1393;914;3114;605;2592;4449;2725;7174;1707;531;5271;4239;2182;2170;777;486;834;2038;
20221011;4705;1776;1031;3395;718;2737;5042;3069;8111;1932;588;5893;4785;2334;2549;839;704;967;2501;
20221012;4534;1394;910;3265;651;2642;4943;3040;7983;1716;486;5827;4585;1406;2225;815;563;843;2110;
20221013;4567;1596;888;3188;576;2586;4522;2783;7305;1661;519;5481;4352;2199;2101;670;473;755;1979;
20221014;3032;812;546;1920;373;1730;2728;1694;4422;1031;336;3495;2826;1436;1234;531;240;512;1088;
20221015;1450;376;230;786;130;1010;1730;921;2651;416;178;1478;1301;686;420;185;88;201;441;
20221016;2053;2250;700;2486;524;1466;2572;1409;3981;1310;436;1834;2749;774;2721;615;1025;998;2813;
20221017;4726;1815;1091;3616;743;2733;4790;2930;7720;2046;568;5670;4720;2304;2833;897;786;1018;2709;
20221018;5145;2144;1166;4030;778;2816;5535;3389;8924;2186;678;6273;5336;2665;3309;1017;1007;1246;3198;
20221019;4793;1657;1061;3383;669;2676;5156;3194;8350;1983;530;5940;4851;2543;2379;832;621;946;2446;
20221020;4716;1444;897;3102;654;2621;4885;2994;7879;1666;561;5777;4462;2297;2182;728;517;828;2095;
20221021;3715;1148;732;2363;495;2122;4133;2521;6654;1379;449;4320;3531;1891;1603;570;327;635;1546;
20221022;1692;465;299;1045;220;1141;2224;1179;3403;529;247;1708;1623;822;601;233;137;286;540;
20221023;2081;2075;712;2307;667;1457;2494;1375;3869;1334;409;2057;2691;890;2393;517;874;890;2309;
20221024;3762;1152;826;2516;546;2188;4057;2485;6542;1546;405;4726;3610;1933;1852;596;471;695;1694;
20221025;4300;1629;929;3182;656;2610;4870;2962;7832;1743;558;5255;4367;2127;2365;770;732;886;2380;
20221026;1837;914;452;1370;362;1177;2270;1404;3674;847;324;2133;1983;829;1053;323;393;443;1183;
20221027;3611;1518;867;2659;591;2182;4133;2539;6672;1624;453;4529;3731;1803;2147;689;740;788;2151;
20221028;2723;732;605;1772;357;1647;2953;1817;4770;1138;319;3376;2627;1317;1042;418;267;499;1031;
20221029;1656;810;407;1240;239;1341;2494;1325;3819;724;324;1826;1789;803;891;315;279;367;962;
20221030;1614;1138;416;1451;331;1118;2045;1129;3174;776;293;1636;1895;665;1267;355;492;473;1331;
20221031;2593;806;562;1800;399;1699;2599;1740;4339;1069;263;3153;2568;1340;1095;404;309;433;1146;
20221101;1645;1117;494;1565;351;1118;2168;1115;3283;810;307;1720;1946;809;1375;378;476;501;1320;
20221102;4023;1545;1178;2964;606;2378;3281;2522;5803;1704;498;4637;4055;2032;2405;704;661;867;2244;
20221103;4368;1403;1240;3137;587;2472;3793;2919;6712;1800;499;5463;4288;2290;2140;678;488;827;2133;
20221104;1956;349;420;944;193;1069;1393;1075;2468;608;214;2212;1580;1081;579;279;81;245;536;
20221105;1846;683;386;1175;251;1385;1830;1139;2969;682;311;2038;1830;886;802;282;235;368;832;
20221106;1885;1857;562;2252;551;1384;2380;1215;3595;1342;389;1942;2612;815;2383;524;878;893;2311;
20221107;3816;1155;745;2429;485;2066;3201;2467;5668;1386;395;4709;3544;1978;1580;628;362;691;1620;
20221108;4065;950;815;2542;443;2191;3275;2542;5817;1377;395;5203;3748;2203;1509;490;281;655;1543;
20221109;3919;839;813;2369;449;2174;3280;2531;5811;1365;402;4989;3674;2119;1525;530;288;562;1544;
20221110;3889;963;794;2379;408;2103;3337;2575;5912;1317;386;4785;3473;2128;1607;512;258;583;1492;
20221111;3567;1128;815;2448;470;2098;2898;2238;5136;1328;436;4210;3419;1876;1700;562;400;654;1741;
20221112;2059;1477;539;1871;402;1774;2535;1587;4122;1105;454;2220;2437;1142;1975;522;640;681;2076;
20221113;1677;1131;422;1423;360;1075;2458;1261;3719;855;298;1660;2011;780;1495;351;457;597;1541;
20221114;3808;1001;765;2437;452;2126;2952;2270;5222;1348;351;4546;3458;1920;1650;545;321;574;1518;
20221115;3568;812;612;2233;362;1863;2977;2287;5264;1227;318;4526;3295;1885;1409;470;254;508;1368;
20221116;3347;631;612;1752;303;1677;2820;2178;4998;1042;295;4090;2781;1851;1137;383;164;485;1092;
20221117;3541;810;669;2122;383;1902;3010;2325;5335;1209;364;4653;3251;1859;1418;469;238;545;1308;
20221118;2327;431;430;1174;244;1255;1832;1418;3250;726;182;2839;1952;1252;714;289;101;314;710;
20221119;1228;289;251;600;95;800;1316;823;2139;338;124;1418;1057;609;288;137;61;186;342;
20221120;1247;586;292;854;154;878;1831;937;2768;525;171;1393;1308;613;815;207;205;224;777;
20221121;3232;798;640;1789;320;1775;2695;2085;4780;1131;286;4132;2714;1733;1269;439;204;467;1234;
20221122;3216;599;593;1753;290;1742;2706;2082;4788;1014;251;4076;2809;1765;1141;416;164;425;1056;
20221123;2548;423;444;1258;236;1404;2197;1708;3905;678;227;3311;2063;1418;715;313;98;294;748;
20221124;2584;420;484;1290;261;1362;2094;1615;3709;791;203;3202;2089;1389;824;278;105;331;771;
20221125;3048;996;642;1920;346;1749;2670;2065;4735;1181;324;3799;2740;1695;1437;484;392;603;1499;
20221126;1574;473;386;948;136;1082;1754;1093;2847;560;250;1816;1430;855;570;188;134;243;579;
20221127;1533;1076;382;1274;220;932;2069;1070;3139;836;211;1551;1765;720;1455;321;426;452;1348;
20221128;3080;776;587;1925;458;1716;2734;2112;4846;1181;268;3824;2839;1705;1177;467;182;508;1331;
20221129;3307;688;572;1798;336;1701;2799;2163;4962;1131;263;4149;2865;1732;1155;423;170;443;1143;
20221130;3186;679;616;1738;315;1749;2805;2169;4974;1034;252;3990;2803;1716;1107;418;187;434;1151;
20221201;3214;657;552;1714;342;1749;2834;2177;5011;1107;313;4049;2798;1692;1122;452;198;441;1162;
20221202;2247;402;444;1088;230;1194;1689;1307;2996;698;208;2643;1701;1173;623;283;88;286;658;
20221203;1321;329;252;618;112;904;1540;872;2412;443;159;1467;1070;710;356;140;83;171;418;
20221204;1081;449;258;668;108;752;1166;723;1889;427;135;1236;1110;559;519;145;125;183;532;
20221205;2788;608;489;1461;288;1531;2318;1804;4122;925;262;3507;2372;1518;1000;356;143;368;992;
20221206;2994;532;520;1584;245;1437;2383;1829;4212;851;300;3666;2537;1484;934;377;174;402;899;
20221207;3040;696;591;1615;291;1577;2623;2017;4640;1007;301;3852;2649;1635;1170;430;217;415;1195;
20221208;1377;515;273;925;151;909;1585;981;2566;538;194;1689;1314;721;673;207;159;218;642;
20221209;1493;312;334;784;131;933;1429;1102;2531;500;164;2016;1319;845;428;207;76;201;418;
20221210;1279;340;228;627;117;831;1409;798;2207;386;190;1400;997;652;403;147;101;206;392;
20221211;1015;291;165;573;64;654;957;590;1547;353;139;1066;912;494;348;112;64;149;325;
20221212;1363;350;366;836;126;775;1192;914;2106;409;137;1818;1452;716;530;203;80;243;524;
20221213;1904;368;357;1052;141;924;1496;1359;2855;556;198;2522;1820;976;621;260;100;220;565;
20221214;1999;357;349;962;138;967;1334;1395;2729;530;186;2563;1704;1071;528;248;91;222;509;
20221215;1950;292;343;850;128;969;1371;1141;2512;474;206;2314;1555;973;460;209;61;204;428;
20221216;1786;320;359;828;128;980;1214;1124;2338;512;207;2324;1543;993;451;213;85;209;433;
20221217;935;192;208;448;47;734;852;640;1492;297;176;1251;878;633;307;126;39;112;212;
20221218;811;228;180;474;66;570;645;554;1199;259;135;968;847;425;303;90;62;131;299;
20221219;2009;319;369;995;150;1033;1374;1228;2602;537;223;2443;1577;1045;580;250;90;276;557;
20221220;2056;333;358;970;156;1081;1424;1287;2711;604;201;2491;1690;1110;564;219;85;270;535;
20221221;1975;330;386;985;171;1103;1480;1255;2735;632;189;2450;1672;1143;582;254;103;253;581;
20221222;1772;349;390;895;166;1002;1374;1048;2422;566;208;2274;1532;995;535;219;65;232;513;
20221223;1363;329;303;796;153;796;1097;766;1863;503;163;1620;1351;766;490;207;123;204;464;
20221224;536;415;244;487;97;403;654;381;1035;370;135;600;700;295;552;133;170;158;463;
20221225;496;452;198;557;132;348;591;378;969;405;107;506;658;237;716;132;252;181;710;
20221226;560;421;193;554;100;412;596;360;956;333;118;604;689;274;491;133;153;161;471;
20221227;1091;569;386;925;243;832;1015;672;1687;630;153;1307;1272;521;865;230;235;267;824;
20221228;1245;468;368;882;178;779;1047;734;1781;526;164;1372;1161;560;678;226;190;234;658;
20221229;1102;333;301;688;148;754;948;698;1646;480;164;1224;1085;494;520;164;117;180;508;
20221230;1159;444;294;819;143;798;1046;715;1761;570;192;1400;1214;556;575;209;159;244;722;
20221231;782;479;257;582;128;531;861;477;1338;442;156;929;813;429;633;146;238;202;580;
20210101;412;273;118;462;76;436;417;308;725;253;139;482;602;188;;;;;;
20210102;648;728;208;859;165;571;723;445;1168;528;283;783;1075;363;;;;;;
20210103;707;686;236;958;137;531;884;438;1322;512;281;771;1121;285;;;;;;
20210104;1006;397;283;792;142;746;898;614;1512;481;220;1291;1231;585;;;;;;
20210105;1198;601;342;1076;183;923;1197;775;1972;620;310;1521;1598;668;;;;;;
20210106;565;360;177;628;55;492;543;376;919;351;210;610;891;283;;;;;;
20210107;1432;679;366;1282;198;970;1247;974;2221;749;354;1852;1834;825;;;;;;
20210108;1595;936;413;1377;252;1153;1453;997;2450;791;449;1957;1957;896;;;;;;
20210109;864;943;255;961;150;764;908;624;1532;608;364;1031;1169;499;;;;;;
20210110;663;792;214;814;151;709;742;462;1204;481;293;796;1140;353;;;;;;
20210111;1673;614;374;1226;233;1215;1518;1042;2560;723;463;2205;2002;1006;;;;;;
20210112;1503;398;294;928;188;966;1209;923;2132;609;338;1978;1625;935;;;;;;
20210113;1517;502;267;1007;171;986;1212;1015;2227;646;365;1977;1700;912;;;;;;
20210114;1320;415;260;880;135;880;1027;818;1845;480;270;1772;1409;816;;;;;;
20210115;1315;436;351;987;109;918;1085;869;1954;483;333;1656;1584;802;;;;;;
20210116;502;276;139;431;49;433;532;381;913;266;205;604;717;320;;;;;;
20210117;440;346;122;393;46;417;374;313;687;222;117;475;711;218;;;;;;
20210118;1044;330;254;699;117;705;850;683;1533;417;268;1480;1248;727;;;;;;
20210119;1556;530;352;1045;145;933;1256;925;2181;624;357;1909;1751;934;;;;;;
20210120;1963;1209;474;1841;245;1494;1772;1267;3039;1124;517;2532;2549;1127;;;;;;
20210121;1759;763;429;1429;211;1336;1701;1117;2818;808;472;2435;2102;1074;;;;;;
20210122;1822;1179;516;2069;297;1386;1931;1242;3173;1067;592;2356;2476;1116;;;;;;
20210123;757;419;187;814;126;729;691;551;1242;405;327;898;1146;444;;;;;;
20210124;889;1134;272;1369;206;1000;997;600;1597;704;320;823;1563;435;;;;;;
20210125;1836;814;402;1417;253;1395;1685;1117;2802;856;460;2420;2128;1156;;;;;;
20210126;1650;554;324;1184;125;1258;1365;1039;2404;673;421;2187;1809;1059;;;;;;
20210127;1566;562;346;1216;119;1191;1373;1074;2447;673;394;2042;1879;1042;;;;;;
20210128;1468;487;316;1089;138;1115;1116;850;1966;589;305;1900;2025;832;;;;;;
20210129;1119;294;247;859;92;853;966;716;1682;434;269;1460;1576;690;;;;;;
20210130;796;734;185;881;166;767;881;533;1414;554;332;917;1131;502;;;;;;
20210131;800;739;243;1057;126;902;953;635;1588;469;313;893;1217;465;;;;;;
20210201;1686;683;394;1276;197;1168;1436;1035;2471;704;496;2122;1856;855;;;;;;
20210202;1667;654;371;1315;239;1220;1460;1108;2568;820;457;2198;1850;900;;;;;;
20210203;1587;614;380;1260;208;1200;1421;1087;2508;753;378;2112;1821;896;;;;;;
20210204;1890;1246;469;1836;297;1476;1962;1209;3171;1094;658;2479;2331;1099;;;;;;
20210205;1928;1318;581;2015;326;1454;1924;1102;3026;1105;614;2326;2468;1018;;;;;;
20210206;755;670;234;819;102;696;816;491;1307;456;331;855;1142;521;;;;;;
20210207;450;225;105;394;62;457;455;316;771;262;144;527;738;295;;;;;;
20210208;1588;454;322;1093;164;1177;1427;1013;2440;658;318;2163;1724;1009;;;;;;
20210209;1742;497;371;1282;206;1333;1569;1118;2687;724;412;2346;1831;1015;;;;;;
20210210;1400;381;298;956;134;997;1161;880;2041;586;321;1906;1538;939;;;;;;
20210211;1007;202;187;631;97;633;807;597;1404;360;340;1241;1058;624;;;;;;
20210212;1108;313;233;792;90;910;993;635;1628;462;493;1445;1254;722;;;;;;
20210213;634;370;151;581;112;596;702;499;1201;345;404;844;802;421;;;;;;
20210214;685;592;150;838;114;730;715;407;1122;428;519;711;1095;359;;;;;;
20210215;1540;625;353;1183;197;1268;1436;1017;2453;670;538;2199;1794;955;;;;;;
20210216;1042;292;203;740;105;860;853;757;1610;449;279;1434;1541;679;;;;;;
20210217;1438;453;310;1002;132;1181;1266;1004;2270;641;332;1916;2034;910;;;;;;
20210218;2283;1252;532;2096;358;1875;2328;1486;3814;1175;665;2963;2787;1296;;;;;;
20210219;1871;840;442;1520;259;1534;1818;1289;3107;912;530;2448;2194;1198;;;;;;
20210220;1050;1021;267;1090;189;866;1260;795;2055;666;491;1300;1486;744;;;;;;
20210221;862;762;250;958;159;715;848;643;1491;568;378;998;1266;399;;;;;;
20210222;1982;758;463;1574;271;1630;1871;1338;3209;938;536;2689;2297;1258;;;;;;
20210223;2522;1793;666;2726;502;2381;2772;1739;4511;1521;920;3355;3284;1567;;;;;;
20210224;2763;1891;678;3035;575;2940;3094;1976;5070;1664;978;3660;3668;1649;;;;;;
20210225;2818;1583;705;2679;581;2311;3181;1966;5147;1666;1056;3688;3454;1590;;;;;;
20210226;2834;2512;819;3819;728;2334;3646;2076;5722;1871;1292;3815;4211;1656;;;;;;
20210227;1232;1052;277;1234;272;1015;1594;851;2445;816;588;1444;1627;823;;;;;;
20210228;1480;2267;527;2453;611;1222;2094;1128;3222;1399;875;1600;2583;724;;;;;;
20210301;2437;1114;572;2176;409;1835;2562;1658;4220;1277;828;3115;3026;1559;;;;;;
20210302;2769;1214;691;2336;423;2085;2740;1737;4477;1408;918;3420;3086;1602;;;;;;
20210303;2908;1570;633;2616;497;2188;2986;1958;4944;1627;970;3655;3343;1681;;;;;;
20210304;2844;1521;729;2617;477;2270;2889;1862;4751;1560;885;3628;3420;1605;;;;;;
20210305;1149;229;232;695;100;848;907;644;1551;387;247;1383;1098;719;;;;;;
20210306;1436;1355;436;2047;340;1472;1835;1079;2914;998;894;1965;2286;914;;;;;;
20210307;1477;2348;555;2989;561;1354;2289;1109;3398;1430;922;1762;2872;702;;;;;;
20210308;2422;867;514;1806;334;1814;2374;1638;4012;1143;730;3322;2627;1500;;;;;;
20210309;2350;917;580;1914;317;1730;2148;1647;3795;1048;850;3074;2575;1438;;;;;;
20210310;2481;972;566;1981;329;1769;2295;1668;3963;1133;838;3260;2757;1489;;;;;;
20210311;2408;800;459;1808;292;1765;2138;1612;3750;1042;801;3019;2597;1385;;;;;;
20210312;2558;1452;560;2383;430;1895;2807;1655;4462;1253;885;3197;2999;1510;;;;;;
20210313;1679;2810;543;2800;567;1624;2368;1291;3659;1635;1090;2085;2992;1022;;;;;;
20210314;761;512;171;741;123;629;791;566;1357;410;287;843;1039;388;;;;;;
20210315;2409;1097;579;1954;340;1732;2274;1438;3712;1097;593;3088;2759;1459;;;;;;
20210316;2136;616;436;1560;244;1486;1801;1272;3073;881;450;2841;2224;1275;;;;;;
20210317;2395;824;488;1723;264;1596;2236;1555;3791;979;695;2997;2478;1426;;;;;;
20210318;2385;847;499;1739;284;1773;2375;1545;3920;1043;733;3089;2606;1379;;;;;;
20210319;1685;441;312;1209;170;1154;1748;1220;2968;581;477;2232;1752;1069;;;;;;
20210320;1051;607;232;910;118;905;1260;851;2111;530;407;1343;1337;563;;;;;;
20210321;648;463;142;602;121;598;589;436;1025;284;203;726;824;381;;;;;;
20210322;2061;682;418;1427;237;1468;1841;1316;3157;784;394;2627;2121;1323;;;;;;
20210323;2241;764;498;1747;258;1543;2131;1506;3637;960;526;2959;2435;1371;;;;;;
20210324;2496;1038;540;1953;327;1837;2399;1669;4068;1191;642;3280;2763;1563;;;;;;
20210325;3250;1975;828;3209;611;2479;3491;2123;5614;1786;1054;3986;3988;1844;;;;;;
20210326;3319;2776;941;4057;801;2536;4082;2428;6510;2194;1371;4185;4617;1825;;;;;;
20210327;2069;2528;616;3007;765;1687;2954;1501;4455;1741;1180;2394;3259;1180;;;;;;
20210328;1938;3280;684;3497;1052;1490;2922;1438;4360;1982;1113;2098;3398;891;;;;;;
20210329;2774;1812;833;2842;757;2112;3109;1858;4967;1755;981;3543;3568;1457;;;;;;
20210330;3585;3195;1154;4832;1167;2675;4769;2567;7336;2486;1540;4683;5381;1794;;;;;;
20210331;3746;3427;1186;5350;1195;2959;4870;2756;7626;2614;1570;4755;5768;1833;;;;;;
20210401;2882;3504;1165;4775;1290;2443;3644;2065;5709;2505;1282;3542;4921;1404;;;;;;
20210402;1915;1985;760;2494;830;1714;2226;1266;3492;1581;747;2291;2838;909;;;;;;
20210403;838;869;363;956;292;792;886;500;1386;606;497;920;1364;496;;;;;;
20210404;908;1368;389;1435;416;943;1318;596;1914;900;532;983;1599;414;;;;;;
20210405;2030;4959;1071;5142;1801;1775;3328;1416;4744;2764;1379;2326;4318;794;;;;;;
20210406;1519;574;366;1111;185;1054;1260;867;2127;641;588;1990;1644;890;;;;;;
20210407;1548;522;368;1089;181;1081;1276;1004;2280;707;542;2078;1732;922;;;;;;
20210408;1785;599;317;1196;206;1268;1526;1056;2582;757;546;2247;1883;1036;;;;;;
20210409;2732;2668;938;3428;821;2095;3181;2070;5251;1990;1351;3381;3983;1436;;;;;;
20210410;2845;4975;1155;5899;1668;2213;4067;2133;6200;3051;1848;2929;5149;1278;;;;;;
20210411;2386;4877;1023;5329;1792;2095;3843;1845;5688;2981;1554;2662;4864;1073;;;;;;
20210412;2169;1258;659;1943;439;1584;2011;1310;3321;1134;690;2706;2592;1273;;;;;;
20210413;1037;206;193;666;81;647;723;613;1336;328;179;1333;1040;614;;;;;;
20210414;1866;672;361;1240;196;1317;1584;1167;2751;783;412;2318;1932;1113;;;;;;
20210415;2186;891;434;1616;325;2480;1963;1366;3329;975;575;2784;2353;1258;;;;;;
20210416;2119;1014;511;1613;356;1578;1979;1228;3207;1029;673;2672;2387;1176;;;;;;
20210417;1303;1830;450;1720;456;1233;1693;1019;2712;1190;782;1550;2026;833;;;;;;
20210418;1202;1433;371;1383;445;1140;1442;825;2267;947;597;1241;1757;648;;;;;;
20210419;1811;612;420;1267;235;1314;1567;1146;2713;827;537;2356;1956;1153;;;;;;
20210420;2326;1108;611;2047;414;1699;2262;1624;3886;1222;675;3085;2739;1418;;;;;;
20210421;3525;3155;1087;4182;935;2561;4082;2384;6466;2444;1238;4554;4787;1870;;;;;;
20210422;2475;1157;631;2323;385;1824;2355;1639;3994;1288;710;3266;3112;1473;;;;;;
20210423;3069;2488;930;3686;876;2390;3526;2085;5611;1995;1273;3893;4381;1670;;;;;;
20210424;2756;4856;1403;6176;1669;2306;4387;2265;6652;2966;1704;2973;5628;1345;;;;;;
20210425;2401;4284;1003;5019;1561;2090;3651;1664;5315;2627;1405;2548;4837;1196;;;;;;
20210426;3091;1799;834;3045;681;2484;3311;2038;5349;1894;1091;4006;3891;1884;;;;;;
20210427;3201;1811;838;2928;667;2448;3214;2126;5340;1782;901;4137;3900;1781;;;;;;
20210428;3497;2100;929;3556;737;2719;3695;2440;6135;2111;1177;4487;4408;1963;;;;;;
20210429;3502;2587;1037;3926;872;2640;3874;2376;6250;2221;1196;4441;4750;1930;;;;;;
20210430;2928;2237;891;3310;690;2188;3292;1931;5223;1830;1138;3539;3967;1541;;;;;;
20210501;2859;5444;1309;6917;1846;2408;4911;2234;7145;3091;1757;2991;5918;1326;;;;;;
20210502;806;445;177;773;151;784;770;502;1272;404;320;794;1027;477;;;;;;
20210503;3160;1382;845;2803;550;2414;3314;1963;5277;1689;840;4224;3762;1881;;;;;;
20210504;4246;3463;1206;5262;981;3218;5034;3002;8036;2798;1414;5426;5683;2299;;;;;;
20210505;2607;977;641;2148;358;1893;2608;1647;4255;1210;557;3522;3034;1612;;;;;;
20210506;3349;1612;835;3031;524;2617;3418;2323;5741;1737;952;4450;3893;1919;;;;;;
20210507;2444;853;502;1926;324;1777;2225;1616;3841;1107;574;2887;2798;1401;;;;;;
20210508;2670;4158;983;5349;1228;2503;4288;2355;6643;2621;1613;3204;5081;1471;;;;;;
20210509;2551;4523;1109;6872;1563;2053;4177;1958;6135;2796;1454;2748;5713;1175;;;;;;
20210510;4270;3395;1341;7549;1177;3246;5578;3228;8806;2934;1499;5573;7343;2316;;;;;;
20210511;4680;3351;1430;7403;1063;3369;5822;3659;9481;2873;1667;5925;7414;2496;;;;;;
20210512;2126;606;524;1562;262;1489;1834;1247;3081;834;437;2617;2271;1205;;;;;;
20210513;694;250;127;486;98;589;673;481;1154;271;192;818;1043;397;;;;;;
20210514;2168;1358;526;1900;414;1710;2587;1437;4024;1126;751;2777;2542;1126;;;;;;
20210515;2031;2411;558;2610;715;1904;2924;1591;4515;1609;1081;2424;2901;1069;;;;;;
20210516;2452;3962;938;4773;1216;2000;3944;1879;5823;2561;1346;2674;4418;1021;;;;;;
20210517;1759;450;324;1274;207;1231;1458;1044;2502;634;339;2156;1880;1060;;;;;;
20210518;3293;1482;729;2815;493;2345;3068;2089;5157;1631;835;4087;3680;1843;;;;;;
20210519;2897;931;682;2367;407;1941;2723;1906;4629;1164;655;3680;3329;1675;;;;;;
20210520;3220;1062;646;2391;379;2302;3033;2088;5121;1329;795;4205;3422;1735;;;;;;
20210521;3847;2783;1022;4215;838;2843;4310;2655;6965;1984;1318;4761;4896;1998;;;;;;
20210522;1554;1010;364;1675;313;1434;1996;1230;3226;830;752;1893;2180;852;;;;;;
20210523;1090;878;289;1278;230;866;1355;745;2100;613;470;1201;1565;535;;;;;;
20210524;1312;2051;427;1825;470;1037;1536;874;2410;1097;542;1441;1954;675;;;;;;
20210525;2526;714;501;1932;335;1808;2363;1705;4068;1016;617;3283;2703;1501;;;;;;
20210526;4632;3100;1157;5349;877;3244;5378;3277;8655;2654;1501;5988;6065;2417;;;;;;
20210527;3173;979;731;2618;414;2264;3036;2131;5167;1328;673;4149;3527;1868;;;;;;
20210528;3886;2105;906;3607;614;2772;4103;2570;6673;1784;1177;4785;4458;1965;;;;;;
20210529;2779;2690;750;3661;831;2303;3911;2131;6042;1814;1373;3255;4097;1383;;;;;;
20210530;2122;1897;565;2647;636;1537;3076;1703;4779;1371;865;2370;3164;1089;;;;;;
20210531;3930;1968;1032;3945;725;2896;4570;2723;7293;1918;1182;5224;4820;2130;;;;;;
20210601;4699;2899;1308;5282;906;3401;5538;3355;8893;2568;1568;6092;6281;2356;;;;;;
20210602;4694;2659;1376;5819;873;3637;5599;3280;8879;2441;1553;6194;6371;2499;;;;;;
20210603;3342;5519;1289;9638;1633;2580;5452;2788;8240;2832;1885;3939;7668;1464;;;;;;
20210604;3752;3350;1206;7633;955;2930;5312;2964;8276;2277;1648;4998;6938;1748;;;;;;
20210605;2897;3393;886;6768;947;2310;4771;2454;7225;1943;1610;3331;5735;1271;;;;;;
20210606;2357;2484;785;4036;870;1742;3396;1843;5239;1545;1119;2613;3981;1005;;;;;;
20210607;4727;2957;1386;6959;977;3529;5597;3376;8973;2752;1621;6369;7223;2582;;;;;;
20210608;5075;3287;1447;8014;1113;3849;6167;3921;10088;2960;1673;6845;8095;2693;;;;;;
20210609;5241;2905;1417;7448;988;3720;6169;3751;9920;2885;1659;6733;7684;2672;;;;;;
20210610;4958;2842;1483;7244;999;3641;5991;3700;9691;2705;1675;6657;7468;2559;;;;;;
20210611;4094;1834;1113;4498;670;2981;4626;2836;7462;1878;1265;5135;5162;2054;;;;;;
20210612;2888;2991;832;5813;757;2386;4187;2398;6585;1827;1392;3450;5422;1496;;;;;;
20210613;2650;3322;827;5858;1001;2194;4091;2074;6165;2003;1261;2982;5223;1205;;;;;;
20210614;4693;2666;1334;5626;974;3598;5545;3264;8809;2548;1331;5941;6260;2535;;;;;;
20210615;5231;3116;1550;7212;1070;3875;6175;3798;9973;2820;1715;6793;7622;2798;;;;;;
20210616;5252;3200;1595;8829;960;3838;6293;3949;10242;2900;1712;7040;8740;2737;;;;;;
20210617;5076;2953;1424;8982;880;3693;6027;3944;9971;2653;1594;6613;8585;2582;;;;;;
20210618;4481;2673;1359;9398;900;3290;5783;3378;9161;2233;1540;5519;8437;2307;;;;;;
20210619;2907;3285;912;9014;701;2066;4592;2473;7065;1660;1408;3805;7253;1545;;;;;;
20210620;2656;3861;1089;11044;807;1776;4355;2395;6750;1613;1255;2949;8119;1071;;;;;;
20210621;4396;2105;1273;5976;714;3094;4940;3196;8136;2135;1307;5789;6349;2354;;;;;;
20210622;4776;2785;1387;7947;930;3347;5694;3715;9409;2536;1442;6207;7731;2520;;;;;;
20210623;4923;2813;1366;7558;934;3501;5860;3630;9490;2516;1474;6625;7678;2628;;;;;;
20210624;4394;2203;1211;5745;690;3038;4904;3126;8030;2146;1275;5840;6195;2440;;;;;;
20210625;4061;2084;1171;4816;667;2721;4405;2810;7215;1920;1162;5096;5395;2054;;;;;;
20210626;3103;3416;889;6740;899;2350;4433;2432;6865;1914;1418;3372;6056;1491;;;;;;
20210627;2905;4316;1160;9956;1014;2129;4447;2424;6871;1984;1368;3182;7756;1307;;;;;;
20210628;4542;2655;1378;7854;967;3340;5256;2559;7815;2415;1354;6125;7636;2424;;;;;;
20210629;4844;2873;1424;9055;845;3402;5888;2807;8695;2376;1431;6414;8652;2551;;;;;;
20210630;4318;2013;1130;4809;598;2946;4549;2107;6656;1789;1070;5548;5548;2370;;;;;;
20210701;4563;2160;1117;4814;744;3300;4906;2299;7205;2118;1233;6028;5660;2406;;;;;;
20210702;3681;1465;1013;3408;558;2551;4114;2191;6305;1526;979;4562;4357;1892;;;;;;
20210703;2887;3253;933;5557;886;2230;4069;1704;5773;1779;1266;3140;4984;1314;;;;;;
20210704;2672;3857;1178;7165;1077;2103;3960;1922;5882;2131;1207;2857;6146;1133;;;;;;
20210705;4241;2234;1251;5372;849;3162;4940;3134;8074;2295;1294;5716;5974;2199;;;;;;
20210706;4899;3037;1314;8427;951;3317;5454;2872;8326;2406;1414;6107;8034;2437;;;;;;
20210707;4558;2639;1286;7644;822;3231;5633;2567;8200;2359;1349;6046;7550;2340;;;;;;
20210708;4205;2411;1216;8624;700;2957;5153;2765;7918;1983;1148;5395;7881;2114;;;;;;
20210709;3630;1538;914;3916;649;2528;4039;2100;6139;1687;985;4282;4623;1682;;;;;;
20210710;2729;3302;906;7276;854;2075;4036;2054;6090;1862;1257;3037;6055;1150;;;;;;
20210711;1918;2117;718;2914;697;1512;2683;1353;4036;1290;802;2010;3004;806;;;;;;
20210712;4000;2709;1248;6792;834;3013;4910;2875;7785;2209;1207;5313;6653;2046;;;;;;
20210713;3823;2548;1268;7822;761;2868;5135;2840;7975;2104;1280;5527;7568;2061;;;;;;
20210714;2939;1379;687;3230;476;2007;3411;1808;5219;1475;947;3898;3937;1603;;;;;;
20210715;3820;2629;1203;5696;836;2822;4288;2503;6791;2309;1290;5370;6068;1972;;;;;;
20210716;3743;3029;1103;6278;827;2760;3999;2312;6311;2024;1275;4767;6254;1836;;;;;;
20210717;1267;595;338;1192;137;994;1551;719;2270;450;483;1386;1629;570;;;;;;
20210718;1540;1589;472;2139;466;1078;1288;726;2014;1003;567;1637;2258;620;;;;;;
20210719;4162;2521;1095;5544;764;2811;3165;1911;5076;2031;1122;5155;5903;1911;;;;;;
20210720;4112;2579;967;4799;777;2946;3245;1939;5184;2197;1166;5433;5531;2099;;;;;;
20210721;4161;2813;1254;5872;912;3039;3878;2301;6179;2366;1210;5735;6152;2133;;;;;;
20210722;4249;2667;1148;6125;860;2968;3440;2086;5526;2255;1294;5365;6256;1982;;;;;;
20210723;3779;2423;1162;5841;770;2507;3692;2141;5833;2129;1138;4426;5880;1656;;;;;;
20210724;2648;3078;933;6705;652;1868;4557;2023;6580;1600;1051;2707;5328;984;;;;;;
20210725;2287;2916;852;5315;828;1558;2789;1557;4346;1528;906;2249;4450;830;;;;;;
20210726;4091;2081;1042;5588;695;2675;4638;2626;7264;1952;998;4756;5656;1810;;;;;;
20210727;4519;2764;1193;6729;876;2933;5689;3182;8871;2419;1274;5473;6526;2028;;;;;;
20210728;4012;2135;1080;5017;694;2483;4785;2690;7475;1854;921;4831;5348;1754;;;;;;
20210729;4384;2917;1227;6879;766;2881;5402;3031;8433;2258;1193;5271;6780;1882;;;;;;
20210730;3725;2620;1197;6301;703;2466;4604;2583;7187;1847;1048;4501;5923;1723;;;;;;
20210731;2409;2092;746;4337;647;1806;4405;1930;6335;1396;861;2586;3988;1042;;;;;;
20210801;1084;775;307;1095;183;798;1330;652;1982;459;340;1107;1415;445;;;;;;
20210802;3975;2469;1116;4900;819;2689;4325;2633;6958;1993;1097;4693;5354;1824;;;;;;
20210803;4459;2891;1199;5654;927;2704;4952;3026;7978;2358;1132;5304;5980;1942;;;;;;
20210804;4022;2152;1004;4087;727;2457;4386;2668;7054;1891;958;4807;4814;1704;;;;;;
20210805;1881;553;301;1206;222;1154;1582;1116;2698;665;349;2020;1853;852;;;;;;
20210806;3307;2031;862;3615;548;2236;3690;2216;5906;1659;854;3723;4020;1370;;;;;;
20210807;2788;3341;880;6613;813;1772;4016;2091;6107;1698;1056;2687;5342;1036;;;;;;
20210808;2254;2072;584;2869;604;1343;2802;1492;4294;1279;710;3965;2973;705;;;;;;
20210809;4310;2655;1238;5464;891;2723;4764;2863;7627;2257;1036;3940;5759;1875;;;;;;
20210810;4620;2958;1374;7404;880;2749;5169;3294;8463;2423;1208;2874;7165;1987;;;;;;
20210811;4776;2837;1238;6334;866;2773;5301;3374;8675;2281;1098;2516;6458;1894;;;;;;
20210812;4620;2862;1288;6815;822;2736;5398;3290;8688;2265;1156;3174;6776;1867;;;;;;
20210813;3947;2599;1263;6347;833;2335;4930;2717;7647;1850;1009;4562;6112;1614;;;;;;
20210814;2583;2891;925;6890;649;1838;4160;2138;6298;1339;793;3140;5396;1002;;;;;;
20210815;2396;3173;976;6589;754;1446;3449;1977;5426;1378;774;2857;5302;865;;;;;;
20210816;2921;1425;744;2981;467;1785;2871;1905;4776;1357;549;5716;4039;1349;;;;;;
20210817;3627;1876;761;3463;477;2238;4306;2479;6785;1615;801;6107;4344;1687;;;;;;
20210818;4070;2187;1017;4123;665;2646;4483;2805;7288;2033;917;6046;4867;1929;;;;;;
20210819;4266;2395;1067;4369;777;2569;4856;2920;7776;2014;949;5395;5206;1860;;;;;;
20210820;3975;2654;1093;5070;839;2488;5069;2560;7629;1928;939;4282;5384;1679;;;;;;
20210821;2851;3246;967;6357;822;1912;4196;1854;6050;1769;912;3037;5301;1041;;;;;;
20210822;2640;3467;960;5976;939;1553;3566;1657;5223;1732;788;2010;4847;814;;;;;;
20210823;3075;1468;691;2680;480;1821;3392;1460;4852;1455;629;5313;3862;1337;;;;;;
20210824;3338;1044;634;2497;436;1945;3411;1377;4788;1348;575;5527;3589;1582;;;;;;
20210825;4188;2890;1094;4578;781;2715;4740;1992;6732;2200;959;3898;5393;1975;;;;;;
20210826;3091;961;616;2268;311;1746;2777;1338;4115;1153;560;5370;3199;1459;;;;;;
20210827;2983;1260;696;2731;511;1987;3269;1273;4542;1255;704;4767;3473;1428;;;;;;
20210828;2139;1877;547;2545;372;1614;2835;1102;3937;1119;656;1386;2916;930;;;;;;
20210829;1969;1778;484;2554;502;1195;2397;862;3259;1066;526;1637;2651;787;;;;;;
20210830;3899;2170;959;3608;707;2625;3953;1841;5794;2012;832;5155;4656;1861;;;;;;
20210831;3257;1044;684;2560;470;2026;3140;1703;4843;1253;531;5433;3580;1576;;;;;;
20210901;4153;2290;881;3762;677;2724;4414;2814;7228;1904;923;5735;4768;2082;;;;;;
20210902;4569;2670;1038;4493;812;3050;5022;2637;7659;2145;935;5365;5523;2136;;;;;;
20210903;4209;2709;1183;4913;838;2978;5391;2184;7575;2087;986;4426;5637;1981;;;;;;
20210904;2803;3390;877;5183;865;2205;4415;1626;6041;1756;1000;2707;5061;1324;;;;;;
20210905;2593;3990;1146;5712;1110;1854;4360;1509;5869;2006;1013;2249;5470;1170;;;;;;
20210906;4526;2364;1301;4964;883;3126;5117;2180;7297;2244;975;4454;5911;2234;;;;;;
20210907;4896;2296;1310;4747;849;3340;4967;2531;7498;2378;971;3193;5953;2529;;;;;;
20210908;5033;2668;1220;5253;846;3366;5486;3325;8811;2515;1074;2885;6579;2561;;;;;;
20210909;4783;2726;1271;5387;888;3271;5480;2518;7998;2385;1113;5672;6374;2479;;;;;;
20210910;4306;2719;1242;5536;879;3075;5112;2807;7919;2114;1068;6079;6089;2226;;;;;;
20210911;3080;3049;990;5332;819;2426;4575;2543;7118;1856;991;6016;4991;1326;;;;;;
20210912;2724;3778;1033;5767;1168;2042;3714;2476;6190;1443;959;5420;5189;1229;;;;;;
20210913;4867;2322;1307;5247;905;3286;5378;3280;8658;2346;1005;4305;6224;2458;;;;;;
20210914;5168;2783;1433;6070;970;3500;5919;3555;9474;2614;1082;3036;7074;2748;;;;;;
20210915;5159;2790;1403;6150;917;3245;6021;3623;9644;2515;1059;2090;7026;2591;;;;;;
20210916;4493;2269;1219;4319;726;3075;4885;3120;8005;2204;951;5266;5543;2417;;;;;;
20210917;3507;1493;872;3073;442;2564;4099;2487;6586;1365;732;5479;4228;2007;;;;;;
20210918;1919;1316;442;1912;318;1572;2513;1350;3863;905;552;3911;2428;905;;;;;;
20210919;2247;2383;570;2737;637;1580;2817;1479;4296;1452;689;5356;2908;897;;;;;;
20210920;4085;1486;961;3226;570;2630;4049;2634;6683;1610;725;4770;4448;2187;;;;;;
20210921;4515;1570;1011;3559;600;2757;4518;3068;7586;1841;774;1469;4812;2412;;;;;;
20210922;2584;778;515;1731;296;1572;2362;1569;3931;812;423;1631;2552;1416;;;;;;
20210923;4513;2486;1138;4164;757;3021;4829;3003;7832;2124;897;5113;5389;2351;;;;;;
20210924;3697;1558;866;2967;483;2430;4413;2512;6925;1354;753;3940;4241;2028;;;;;;
20210925;3132;3822;1001;4907;964;2183;4274;2419;6693;2002;1013;2874;4816;1393;;;;;;
20210926;2716;3701;960;5644;1050;1932;3787;1975;5762;3845;979;2516;4794;1122;;;;;;
20210927;2929;720;583;1975;333;1895;2632;1815;4447;1467;455;3174;3055;1691;;;;;;
20210928;4280;1888;948;3361;650;2695;4516;2883;7399;2365;801;4712;4743;2374;;;;;;
20210929;4359;1475;912;3086;532;2674;4035;2790;6825;1607;682;4665;4491;2399;;;;;;
20210930;4486;1662;1014;3350;578;2746;4343;2944;7287;1760;735;4829;4840;2353;;;;;;
20211001;4112;2111;1112;3591;664;2663;4252;2929;7181;1664;854;4332;4778;2236;;;;;;
20211002;2548;2389;915;2893;588;2067;3588;2232;5820;1455;832;2600;3538;1306;;;;;;
20211003;2577;3180;1006;3912;999;1837;3444;1986;5430;1410;831;2330;3883;1112;;;;;;
20211004;4867;2293;1261;4576;842;3330;5224;3427;8651;2080;1000;5345;5780;2527;;;;;;
20211005;5124;2272;1173;4733;823;3265;5328;3724;9052;2042;999;5838;6023;2742;;;;;;
20211006;2963;661;579;1736;323;1854;2550;1976;4526;1158;411;3405;2870;1716;;;;;;
20211007;2104;489;402;1223;168;1350;2173;1573;3746;845;336;2320;2080;1308;;;;;;
20211008;3401;1573;860;2872;504;2458;3986;2415;6401;1543;647;3977;4025;1974;;;;;;
20211009;2581;1967;705;2562;499;1869;3123;1737;4860;1135;635;2277;2953;1240;;;;;;
20211010;1834;1464;591;1885;362;1322;2233;1328;3561;1015;428;1802;2129;817;;;;;;
20211011;3598;1402;937;3128;556;2589;3678;2705;6383;1621;642;4662;4458;2235;;;;;;
20211012;3400;1137;877;2809;489;2445;3612;2692;6304;1527;640;4601;4160;2303;;;;;;
20211013;2968;897;732;2317;409;2135;3363;2080;5443;1336;462;4016;3570;1967;;;;;;
20211014;3248;1200;815;2633;406;2337;3598;1947;5545;1462;586;4225;3972;2069;;;;;;
20211015;3329;1661;914;2993;527;2401;3962;2419;6381;1505;705;3937;4089;1996;;;;;;
20211016;2553;1729;545;2300;491;1844;2884;1750;4634;1111;650;2119;2928;1106;;;;;;
20211017;2089;2295;684;2851;612;1510;2753;1432;4185;1159;631;1906;3082;971;;;;;;
20211018;3604;1282;888;2895;601;2586;3960;2680;6640;1615;599;4336;4212;2212;;;;;;
20211019;3699;1553;865;3069;611;2655;4588;2943;7531;1657;681;4799;4400;2419;;;;;;
20211020;3968;2046;998;3665;661;2857;4691;3161;7852;1790;820;5163;5067;2504;;;;;;
20211021;3460;1101;831;2688;433;2490;4104;2825;6929;1555;615;4681;4200;2283;;;;;;
20211022;3013;1050;782;2342;422;2164;3547;2383;5930;1345;625;3701;3592;1890;;;;;;
20211023;2033;939;483;1438;276;1466;2274;1353;3627;885;582;1733;2104;873;;;;;;
20211024;1759;1635;526;1903;487;1265;2229;1207;3436;974;524;1563;2268;731;;;;;;
20211025;2505;978;564;1808;377;1792;2982;1866;4848;1117;573;2842;2748;1284;;;;;;
20211026;1666;1295;512;1656;340;1266;2623;1304;3927;967;564;1699;2067;784;;;;;;
20211027;3643;1243;753;2449;434;2240;3812;2581;6393;1397;630;3824;3657;1822;;;;;;
20211028;3455;1091;679;2353;425;2136;3627;2398;6025;1329;658;3846;3502;1705;;;;;;
20211029;2902;1025;643;2121;361;1985;3251;2166;5417;1244;681;3266;3087;1601;;;;;;
20211030;1688;1124;383;1508;286;1422;2179;1285;3464;861;584;1639;1943;937;;;;;;
20211031;1543;1268;464;1525;299;1158;1984;1144;3128;890;484;1358;1933;648;;;;;;
20211101;1555;1449;515;1832;456;1063;1894;1067;2961;858;452;1366;2073;701;;;;;;
20211102;2168;495;419;1254;235;1407;2076;1369;3445;1037;299;2280;2065;1273;;;;;;
20211103;3454;983;767;2304;412;2069;3166;2264;5430;1525;416;3844;3451;1986;;;;;;
20211104;3098;684;584;1748;287;1786;2739;1909;4648;1319;382;3262;2899;1704;;;;;;
20211105;3235;1089;757;2244;429;2116;3047;2132;5179;1566;501;3524;3418;1756;;;;;;
20211106;1970;1473;474;1774;375;1567;2482;1416;3898;1303;562;1758;2370;942;;;;;;
20211107;1702;1609;518;1964;523;1296;2293;1258;3551;1044;428;1743;2372;820;;;;;;
20211108;3467;894;776;2360;425;2073;3377;2244;5621;1533;549;3884;3443;1932;;;;;;
20211109;3870;1226;809;2654;473;2195;3760;2485;6245;1621;571;4335;3897;2154;;;;;;
20211110;3712;1063;706;2364;409;2205;3336;2485;5821;1632;583;4277;3663;2139;;;;;;
20211111;3390;845;658;2111;342;1950;3130;2161;5291;1448;529;3765;3236;1857;;;;;;
20211112;2792;712;626;1817;321;1752;2598;1820;4418;1302;545;3038;2812;1568;;;;;;
20211113;1356;567;289;923;177;1189;1584;998;2582;983;397;1434;1586;851;;;;;;
20211114;1238;697;337;1070;253;842;1417;902;2319;682;348;1350;1548;639;;;;;;
20211115;2866;836;563;1961;379;1733;2775;1881;4656;1280;454;3361;2946;1647;;;;;;
20211116;3302;999;709;2220;390;1969;3214;2173;5387;1452;537;3904;3267;1909;;;;;;
20211117;3283;819;724;2243;379;1905;2892;2106;4998;1418;572;3745;3220;1935;;;;;;
20211118;3133;773;647;2110;351;1860;2966;2074;5040;1381;572;3601;3179;1722;;;;;;
20211119;2782;667;614;1875;299;1752;2780;1857;4637;1303;582;3121;2893;1671;;;;;;
20211120;1964;1132;417;1675;327;1593;1976;1330;3306;1320;726;2010;2352;1092;;;;;;
20211121;1471;1072;318;1398;231;992;1879;1150;3029;801;532;1458;1744;805;;;;;;
20211122;2083;535;517;1517;270;1297;1595;1215;2810;965;376;2193;2153;1298;;;;;;
20211123;2460;988;652;1988;353;1576;2226;1479;3705;1175;472;2645;2650;1422;;;;;;
20211124;2481;884;575;1887;332;1613;1954;1443;3397;1198;431;2727;2690;1459;;;;;;
20211125;2410;847;530;1792;316;1514;1916;1466;3382;1129;564;2582;2618;1402;;;;;;
20211126;767;178;220;552;105;511;475;407;882;381;114;765;847;480;;;;;;
20211127;638;318;176;467;58;569;515;427;942;478;139;599;883;418;;;;;;
20211128;506;214;115;446;61;471;562;354;916;379;99;465;705;261;;;;;;
20211129;1905;539;411;1298;209;1195;1402;1076;2478;879;247;2024;1877;1214;;;;;;
20211130;1681;412;414;1032;202;1008;1073;955;2028;749;229;1849;1624;1067;;;;;;
20211201;1928;563;469;1320;227;1182;1542;1246;2788;945;267;2141;1943;1215;;;;;;
20211202;2171;720;548;1446;258;1280;1571;1213;2784;1064;273;2286;2176;1240;;;;;;
20211203;1916;743;505;1454;314;1329;1522;1093;2615;935;342;2016;2080;1141;;;;;;
20211204;899;487;226;729;153;697;732;555;1287;470;290;842;1080;546;;;;;;
20211205;631;355;170;527;79;496;485;317;802;437;105;579;770;346;;;;;;
20211206;1871;579;403;1191;236;1140;1382;1052;2434;923;248;1993;1832;1142;;;;;;
20211207;2065;728;510;1454;301;1308;1674;1223;2897;1011;264;2383;2153;1299;;;;;;
20211208;990;879;253;965;182;816;882;654;1536;696;285;1026;1393;608;;;;;;
20211209;596;175;165;394;58;386;441;396;837;297;62;671;754;393;;;;;;
20211210;1130;359;273;733;100;725;815;714;1529;554;174;1263;1384;780;;;;;;
20211211;641;388;197;452;49;608;582;461;1043;336;148;624;810;463;;;;;;
20211212;747;469;211;644;66;586;665;442;1107;522;201;669;1057;423;;;;;;
20211213;1984;408;423;1206;193;1209;1623;1269;2892;973;228;2337;2028;1267;;;;;;
20211214;2523;723;527;1550;268;1909;2091;1614;3705;1239;291;2827;2488;1516;;;;;;
20211215;2538;613;533;1609;286;1926;2171;1655;3826;1243;336;2851;2547;1522;;;;;;
20211216;2539;546;484;1484;256;1930;1953;1671;3624;1241;366;2758;2446;1507;;;;;;
20211217;2236;601;454;1398;248;1698;2139;1390;3529;1094;410;2526;2287;1417;;;;;;
20211218;1228;571;262;901;140;1226;1367;921;2288;644;356;1313;1384;898;;;;;;
20211219;1087;467;235;787;140;1083;1107;781;1888;769;289;1216;1288;595;;;;;;
20211220;2143;517;437;1300;241;1626;1815;1356;3171;1048;243;2457;2027;1337;;;;;;
20211221;2193;607;472;1370;257;1660;1972;1512;3484;1077;325;2627;2178;1403;;;;;;
20211222;2007;475;427;1165;220;1524;1743;1333;3076;984;336;2327;1922;1231;;;;;;
20211223;1461;316;319;840;169;1113;1175;897;2072;713;272;1582;1366;924;;;;;;
20211224;458;246;235;396;90;348;426;312;738;224;88;452;589;305;;;;;;
20211225;238;91;94;166;38;238;320;117;437;167;32;179;281;112;;;;;;
20211226;371;148;101;310;68;371;480;258;738;262;69;333;429;155;;;;;;
20211227;821;364;234;604;137;623;736;577;1313;399;147;884;945;422;;;;;;
20211228;873;300;231;578;123;659;1131;562;1693;433;154;918;950;515;;;;;;
20211229;801;204;204;518;88;610;737;494;1231;391;117;820;919;460;;;;;;
20211230;944;427;256;715;143;721;924;629;1553;459;181;965;1097;576;;;;;;
20211231;1028;1195;359;1200;261;784;1376;692;2068;503;284;949;1524;503;;;;;;
20200101;418;425;160;494;139;345;712;362;1074;277;138;623;780;185;;;;;;
20200102;856;347;279;669;181;558;1093;629;1722;372;230;1246;1014;531;;;;;;
20200103;785;237;204;452;112;462;798;541;1339;266;177;1129;842;447;;;;;;
20200104;418;200;170;292;75;348;587;339;926;152;124;654;499;281;;;;;;
20200105;428;470;97;437;95;391;641;391;1032;228;161;649;681;269;;;;;;
20200106;587;547;180;592;142;472;692;429;1121;299;216;791;847;397;;;;;;
20200107;1698;460;371;1073;189;972;1571;1083;2654;511;318;2554;1756;1097;;;;;;
20200108;1943;593;451;1254;249;1166;1880;1300;3180;684;383;2871;2002;1184;;;;;;
20200109;1880;467;414;1109;217;1098;1721;1219;2940;594;379;2806;1951;1144;;;;;;
20200110;1667;511;360;1050;215;1002;1565;1167;2732;509;365;2417;1731;1017;;;;;;
20200111;768;509;209;503;134;715;959;649;1608;308;310;1153;921;647;;;;;;
20200112;750;720;212;756;204;565;982;549;1531;527;290;993;1065;470;;;;;;
20200113;1919;522;401;1151;237;1046;1740;1298;3038;582;359;2839;1978;1185;;;;;;
20200114;1829;431;342;1066;163;1001;1618;1179;2797;475;293;2811;1808;1107;;;;;;
20200115;1727;372;327;1039;165;987;1602;1208;2810;505;338;2611;1806;1037;;;;;;
20200116;1817;454;338;988;175;1054;1708;1204;2912;517;321;2790;1782;1082;;;;;;
20200117;1603;394;307;801;155;930;1415;992;2407;421;305;2262;1486;929;;;;;;
20200118;463;174;111;219;74;336;461;377;838;154;133;629;506;313;;;;;;
20200119;393;126;65;240;67;267;404;309;713;101;98;511;502;240;;;;;;
20200120;1592;425;354;931;156;935;1451;1083;2534;420;295;2396;1715;993;;;;;;
20200121;1751;420;310;1020;172;979;1526;1101;2627;492;313;2624;1739;1076;;;;;;
20200122;1787;466;366;1092;215;1057;1689;1164;2853;564;361;2724;1891;1121;;;;;;
20200123;1898;536;354;1114;213;1075;1639;1219;2858;578;402;2664;1912;1148;;;;;;
20200124;1543;405;323;919;171;857;1369;959;2328;449;298;2145;1570;967;;;;;;
20200125;645;271;175;380;107;547;786;532;1318;238;200;915;691;479;;;;;;
20200126;579;249;146;369;105;431;588;422;1010;208;148;785;704;328;;;;;;
20200127;1724;479;331;1017;183;1005;1526;1083;2609;523;308;2502;1653;1001;;;;;;
20200128;1562;326;297;844;142;786;1305;988;2293;407;288;2177;1539;1000;;;;;;
20200129;1571;395;296;924;154;874;1463;1060;2523;453;329;2333;1578;943;;;;;;
20200130;2011;569;391;1143;212;1065;1841;1230;3071;599;381;2775;1964;1141;;;;;;
20200131;1666;503;366;1067;206;1007;1689;1157;2846;517;334;2362;1794;1010;;;;;;
20200201;1085;1478;351;1465;369;928;1781;983;2764;915;491;1557;1794;641;;;;;;
20200202;789;762;278;751;178;538;981;547;1528;417;237;920;1073;400;;;;;;
20200203;768;126;145;386;76;404;619;459;1078;176;141;1087;1148;481;;;;;;
20200204;1097;210;171;532;95;541;933;687;1620;263;181;1533;1002;598;;;;;;
20200205;1251;252;178;636;110;736;1204;763;1967;323;262;1846;1190;703;;;;;;
20200206;1384;416;243;864;155;853;1322;918;2240;431;322;2100;1423;763;;;;;;
20200207;1217;397;270;791;123;766;1267;846;2113;391;286;1774;1275;715;;;;;;
20200208;654;627;225;616;157;694;1014;609;1623;456;321;970;930;439;;;;;;
20200209;635;883;196;767;188;576;908;507;1415;460;255;852;1045;387;;;;;;
20200210;1406;343;299;866;152;787;1182;914;2096;452;279;2006;1444;907;;;;;;
20200211;1519;391;307;814;126;840;1345;952;2297;459;276;2203;1410;959;;;;;;
20200212;1614;438;344;907;175;955;1480;1159;2639;540;310;2439;1708;1014;;;;;;
20200213;1888;710;426;1219;244;1163;1920;1278;3198;623;359;2671;2085;1133;;;;;;
20200214;1555;431;377;959;159;820;1404;928;2332;486;294;2127;1821;914;;;;;;
20200215;1014;1160;321;1104;328;802;1483;803;2286;692;439;1295;1474;552;;;;;;
20200216;969;1371;367;1279;336;722;1338;752;2090;783;350;1151;1502;431;;;;;;
20200217;2142;873;537;1586;335;1255;1738;1730;3468;945;469;2989;2440;1323;;;;;;
20200218;2240;736;462;1455;234;1262;1764;1562;3326;826;441;3253;2357;1301;;;;;;
20200219;1961;497;446;1242;238;1112;1426;1551;2977;617;387;2847;2143;1224;;;;;;
20200220;2147;786;491;1463;268;1303;1607;1748;3355;828;492;3137;2367;1292;;;;;;
20200221;1540;361;303;816;176;1002;1161;1112;2273;521;331;2151;1535;964;;;;;;
20200222;1157;1240;355;1176;440;907;1455;924;2379;762;512;1511;1495;675;;;;;;
20200223;762;596;162;584;197;549;908;510;1418;324;245;995;888;420;;;;;;
20200224;2110;659;422;1461;244;1229;1990;1410;3400;679;403;2895;2256;1255;;;;;;
20200225;2408;955;541;1629;335;1374;2340;1667;4007;847;520;3367;2689;1333;;;;;;
20200226;2041;473;397;1223;196;1224;1938;1357;3295;685;381;2922;2189;1212;;;;;;
20200227;2199;623;435;1400;263;1278;2046;1484;3530;741;492;2953;2312;1282;;;;;;
20200228;1683;378;291;915;157;989;1548;1098;2646;463;327;2253;1589;1017;;;;;;
20200229;916;766;233;671;206;748;1045;630;1675;408;277;1204;1064;610;;;;;;
20200301;809;742;208;785;252;652;1115;621;1736;519;289;1125;1205;495;;;;;;
20200302;2334;948;487;1721;320;1374;2348;1663;4011;975;554;3344;2736;1356;;;;;;
20200303;1781;529;366;1139;157;996;1560;1162;2722;531;341;2394;1876;1104;;;;;;
20200304;2472;865;487;1635;293;1461;2474;1694;4168;896;511;3551;2671;1460;;;;;;
20200305;2608;953;530;1783;293;1577;2654;1758;4412;1025;573;3793;2786;1438;;;;;;
20200306;1454;307;267;763;133;913;1441;1012;2453;430;308;1998;1413;923;;;;;;
20200307;901;638;255;678;150;802;1121;685;1806;476;300;1207;1224;679;;;;;;
20200308;1101;1381;340;1132;408;887;1454;818;2272;728;400;1528;1556;539;;;;;;
20200309;2508;784;494;1700;328;1527;2456;1719;4175;951;514;3541;2676;1414;;;;;;
20200310;2860;1061;610;1997;363;1665;2816;1961;4777;1045;676;4210;3197;1684;;;;;;
20200311;2655;756;500;1962;255;1568;2551;1710;4261;1021;615;3535;3121;1506;;;;;;
20200312;3272;2098;751;3043;560;2330;3555;2329;5884;1604;994;4375;4340;1717;;;;;;
20200313;2369;749;468;1657;247;1623;2298;1587;3885;1060;682;3060;2829;1385;;;;;;
20200314;1256;1636;425;1547;419;1229;1705;1007;2712;1059;617;1592;2161;758;;;;;;
20200315;961;1988;356;1758;515;1026;1578;690;2268;1192;562;1255;2223;531;;;;;;
20200316;1560;1047;482;1695;306;1375;1978;1057;3035;1146;628;2047;2449;858;;;;;;
20200317;1127;944;407;1203;240;1098;1602;797;2399;939;493;1442;1972;645;;;;;;
20200318;1550;2801;677;2713;623;1467;2511;1190;3701;1926;794;2054;3413;868;;;;;;
20200319;1472;2800;705;2999;653;1512;2639;1179;3818;2152;925;2084;3529;874;;;;;;
20200320;1572;3367;785;3103;733;1699;2812;1280;4092;2469;992;2187;3693;919;;;;;;
20200321;357;260;140;367;61;466;516;246;762;267;213;477;649;271;;;;;;
20200322;518;745;184;612;189;577;792;349;1141;593;288;631;1036;284;;;;;;
20200323;746;412;253;648;118;756;856;454;1310;501;404;1009;1083;469;;;;;;
20200324;910;753;263;924;295;876;1185;629;1814;739;412;1208;1464;528;;;;;;
20200325;707;423;249;637;178;783;846;458;1304;463;335;899;1101;471;;;;;;
20200326;917;841;350;1014;311;996;1240;611;1851;826;428;1258;1549;561;;;;;;
20200327;1441;2433;620;2384;771;1364;2334;1113;3447;1808;872;2018;2929;851;;;;;;
20200328;1430;4756;833;3949;1239;1635;2971;1278;4249;2857;1194;1839;3970;927;;;;;;
20200329;1088;2433;483;1908;832;1082;2161;829;2990;1781;819;1266;2397;538;;;;;;
20200330;883;433;268;805;233;980;983;587;1570;579;383;1195;1375;574;;;;;;
20200331;831;570;292;982;242;1000;1096;612;1708;646;396;1209;1475;603;;;;;;
20200401;1115;1066;431;1262;429;1154;1540;741;2281;1009;542;1467;1993;676;;;;;;
20200402;1263;1870;552;1890;665;1353;2017;995;3012;1427;700;1795;2803;805;;;;;;
20200403;1273;1547;564;1626;608;1342;1912;878;2790;1300;714;1695;2382;788;;;;;;
20200404;1308;3121;728;2607;1008;1460;2582;1043;3625;1964;1058;1687;3341;770;;;;;;
20200405;1646;4704;879;4329;1466;1719;3641;1255;4896;3084;1442;2036;4276;873;;;;;;
20200406;1481;1814;739;2385;824;1651;2327;1212;3539;1757;955;2060;3099;950;;;;;;
20200407;1671;2825;812;3163;1200;1926;2886;1352;4238;2124;990;2378;3871;954;;;;;;
20200408;1831;3173;902;3542;1267;1995;3172;1542;4714;2265;1243;2415;4132;1019;;;;;;
20200409;1966;3699;1017;4325;1417;2198;3590;1705;5295;2464;1342;2576;4758;1123;;;;;;
20200410;1904;3555;1110;3871;1423;2140;3338;1578;4916;2662;1369;2648;4078;1148;;;;;;
20200411;1829;4445;1053;4369;1709;1949;3636;1392;5028;3077;1618;2408;3590;1028;;;;;;
20200412;1908;5372;1218;5740;1812;2141;3995;1829;5824;3475;1718;2341;3917;937;;;;;;
20200413;1217;2938;735;2427;1304;1360;2553;986;3539;1984;994;1601;2231;724;;;;;;
20200414;1120;650;380;1174;375;1336;1533;768;2301;770;456;1637;1898;786;;;;;;
20200415;1903;2076;843;2513;909;1955;2836;1472;4308;1931;1077;2475;3392;1104;;;;;;
20200416;2354;3727;1078;4164;1371;2407;3766;1839;5605;2755;1340;3029;4548;1285;;;;;;
20200417;2371;3788;1124;4274;1374;2459;3984;1889;5873;2643;1658;3115;4652;1388;;;;;;
20200418;2254;5943;1404;5544;1935;2567;4488;1905;6393;3789;1984;2795;5517;1278;;;;;;
20200419;896;1220;468;1377;462;1058;1606;658;2264;1112;593;1192;1879;554;;;;;;
20200420;2091;2418;985;3216;1047;2442;3284;1586;4870;2250;1205;2762;4119;1202;;;;;;
20200421;2331;2968;1040;3634;1229;2575;3603;1811;5414;2512;1355;3105;4392;1353;;;;;;
20200422;2470;3212;1193;4138;1292;2674;4130;1956;6086;2673;1381;3375;4812;1431;;;;;;
20200423;2498;3654;1159;4468;1435;2673;4175;1985;6160;2776;1505;3404;5085;1471;;;;;;
20200424;2518;3971;1208;4651;1320;2637;4308;2103;6411;2830;1576;3336;5172;1431;;;;;;
20200425;2020;3898;919;4136;1330;2194;3544;1592;5136;2730;1583;2462;4321;1154;;;;;;
20200426;2404;6081;1372;6777;2221;2485;4601;1873;6474;4013;2097;2844;6122;1254;;;;;;
20200427;2389;2550;1140;3459;968;2443;3716;1782;5498;2296;1333;3159;4470;1287;;;;;;
20200428;2936;4434;1378;5576;1513;2985;4726;2400;7126;3044;1768;4000;5952;1661;;;;;;
20200429;1769;1050;647;1899;507;1871;2223;1307;3530;1252;773;2363;2781;1158;;;;;;
20200430;2752;3511;1247;4415;1224;2967;4416;2220;6636;2826;1587;3691;5258;1646;;;;;;
20200501;2166;3277;847;3762;1217;2164;4441;1956;6397;2373;1582;2746;4330;1191;;;;;;
20200502;1949;3664;1003;3800;1196;2550;3618;1947;5565;2484;1620;2628;4624;1382;;;;;;
20200503;1507;2893;722;2755;872;1586;2483;1194;3677;1914;1058;1786;3183;783;;;;;;
20200504;2865;2528;1234;3751;1067;3078;3814;2304;6118;2411;1424;3727;4887;1619;;;;;;
20200505;2679;1914;984;3035;589;2761;3480;2035;5515;1850;1060;3605;4220;1583;;;;;;
20200506;2615;1753;769;2873;641;2705;3396;2017;5413;1933;1149;3527;4022;1495;;;;;;
20200507;3290;3106;1153;4557;1060;3322;4741;2564;7305;2677;1727;4378;6108;1871;;;;;;
20200508;3416;3984;1506;5785;1305;3485;5239;2901;8140;2978;1829;4347;6651;1878;;;;;;
20200509;2662;4774;1315;5992;1457;2785;4455;2337;6792;2898;1943;3239;5913;1435;;;;;;
20200510;2192;4833;1097;5644;1500;2286;3642;1778;5420;2717;1496;2426;5379;1010;;;;;;
20200511;2727;1842;912;3120;768;2683;3355;2096;5451;2051;1198;3533;4345;1617;;;;;;
20200512;2392;1556;738;2609;608;2417;3106;1820;4926;1732;1093;3313;3760;1547;;;;;;
20200513;2498;1583;770;2659;613;2581;3190;2020;5210;1781;1059;3655;3779;1505;;;;;;
20200514;2558;1794;722;2667;634;2716;3217;1986;5203;1874;1120;3573;3951;1673;;;;;;
20200515;1111;360;267;861;176;1218;1210;816;2026;623;434;1595;1481;816;;;;;;
20200516;2458;3715;1018;4091;1176;2797;3978;1992;5970;2578;1644;2952;4747;1284;;;;;;
20200517;2798;6045;1261;6429;1770;2743;4659;2290;6949;3562;2007;3081;6448;1274;;;;;;
20200518;3989;3633;1642;6437;1267;4035;5865;3297;9162;3202;2140;5578;7437;2337;;;;;;
20200519;4360;3491;1552;6612;1254;4059;6004;3460;9464;3267;2035;5902;7877;2362;;;;;;
20200520;4089;2704;1350;5210;998;4000;5549;3307;8856;2843;2318;5567;6719;2300;;;;;;
20200521;2748;6326;1396;7256;1811;2944;4577;2630;7207;3398;2051;3290;6682;1305;;;;;;
20200522;3152;3494;1312;5138;1241;3520;4196;2930;7126;2677;1931;4084;5958;1753;;;;;;
20200523;1222;1332;461;1632;495;1691;1836;1148;2984;1082;782;1557;2350;805;;;;;;
20200524;1454;2297;467;2077;595;1567;1879;1118;2997;1554;885;1605;2708;750;;;;;;
20200525;1860;705;539;1477;242;1608;1844;1275;3119;783;568;2418;2645;1196;;;;;;
20200526;1702;719;505;1546;319;1665;1785;1202;2987;1005;618;2322;2754;1199;;;;;;
20200527;3958;3603;1308;5078;1093;3824;5466;3050;8516;2781;1753;5442;6491;2247;;;;;;
20200528;2361;1048;638;2151;381;2216;2459;1827;4286;1261;848;3124;3345;1583;;;;;;
20200529;2431;1362;754;2465;528;2532;2818;2069;4887;1484;1014;3416;3697;1597;;;;;;
20200530;1792;2925;961;2738;781;2111;2972;1479;4451;1788;1186;2279;3518;1059;;;;;;
20200531;471;306;192;440;94;600;549;309;858;273;192;546;1230;293;;;;;;
20200601;2633;5049;1484;5461;1679;2552;4264;1998;6262;3012;1867;2902;5407;1178;;;;;;
20200602;3662;2304;1123;4114;859;3432;4398;2815;7213;2354;1586;4954;5669;2089;;;;;;
20200603;3329;1663;854;3326;556;3050;3803;2554;6357;1794;1237;4590;5024;2007;;;;;;
20200604;4315;3193;1284;5320;1009;3777;5729;3844;9573;2694;1864;5869;6766;2465;;;;;;
20200605;1800;761;436;1694;324;1910;2253;1356;3609;910;789;2547;2581;1241;;;;;;
20200606;3071;5126;1441;7616;1470;2956;5145;2736;7881;2832;1989;3695;7226;1578;;;;;;
20200607;2502;4325;1314;6083;1564;2227;4097;2110;6207;2675;1627;2921;5861;1210;;;;;;
20200608;3182;1544;866;3147;527;2960;3679;2342;6021;1813;1154;4420;4469;2015;;;;;;
20200609;3459;1876;950;3298;712;3252;4290;2557;6847;1994;1444;4765;4941;2036;;;;;;
20200610;2381;720;565;1787;405;2281;2670;1774;4444;1185;894;3286;3060;1546;;;;;;
20200611;2719;4839;1406;5326;1732;2797;4581;2251;6832;2869;1871;3174;6144;1312;;;;;;
20200612;3290;3541;1157;6089;1089;3402;5374;3051;8425;2422;1844;4432;7059;1918;;;;;;
20200613;2684;5059;1111;8619;1077;2587;4915;2805;7720;2176;1805;3298;8193;1304;;;;;;
20200614;1169;1562;487;1796;363;1226;1787;997;2784;988;552;1326;2434;581;;;;;;
20200615;2697;1454;763;2613;547;2546;3288;1861;5149;1609;1036;3688;4201;1682;;;;;;
20200616;3917;2163;1118;3771;747;3374;5084;2847;7931;2346;1613;5445;5785;2273;;;;;;
20200617;3829;2091;1084;3647;769;3416;4846;2803;7649;2277;1582;5414;5658;2403;;;;;;
20200618;3315;1457;811;2669;469;3003;4096;2384;6480;1695;1326;4538;4329;1943;;;;;;
20200619;3365;1953;872;3327;719;3000;4356;2300;6656;1834;1388;4400;5024;1964;;;;;;
20200620;795;499;192;631;154;792;990;531;1521;386;338;1021;1207;550;;;;;;
20200621;526;266;123;419;84;542;610;296;906;254;191;597;887;316;;;;;;
20200622;3663;2576;906;3773;737;3280;4999;2485;7484;1893;1415;4949;5651;2064;;;;;;
20200623;4851;3870;1457;6207;1167;4125;6675;3308;9983;3064;2223;6537;8273;2624;;;;;;
20200624;4566;2625;1183;4346;990;3969;5713;2920;8633;2488;1908;6153;6470;2523;;;;;;
20200625;4352;2418;1158;3971;915;3628;5325;2783;8108;2430;1623;5635;6103;2425;;;;;;
20200626;3738;2697;1049;4588;856;3186;5314;2739;8053;2195;1529;4928;6379;2096;;;;;;
20200627;2819;4331;1089;7671;1009;2473;5311;2429;7740;2146;1767;3429;8076;1466;;;;;;
20200628;2820;5723;1115;9512;1246;2326;5035;2295;7330;2270;1604;3104;9251;1180;;;;;;
20200629;2707;1020;670;2159;453;2197;3299;1690;4989;1398;864;3765;4087;1644;;;;;;
20200630;4986;3798;1465;6700;1141;4129;6823;3566;10389;3080;2118;6757;8782;2624;;;;;;
20200701;4629;3014;1047;6389;1001;3556;5841;3536;9377;2466;1699;6352;8617;2561;;;;;;
20200702;4412;2795;1011;5341;906;3649;5754;3411;9165;2414;1681;6142;7390;2478;;;;;;
20200703;3086;2066;717;3385;701;2782;4095;2359;6454;1714;1336;3994;5048;1788;;;;;;
20200704;3007;4425;932;6660;1101;2434;4588;2539;7127;2231;1720;3320;7203;1397;;;;;;
20200705;2911;5306;897;9296;1221;2212;4558;2431;6989;2148;1471;3023;9031;1175;;;;;;
20200706;3980;2543;1003;5263;826;3179;4927;2989;7916;2263;1431;5493;7075;2026;;;;;;
20200707;4518;2724;1140;4822;874;3696;5626;3413;9039;2687;1704;6112;6972;2224;;;;;;
20200708;4738;3384;1183;6310;1085;3848;6164;3794;9958;2826;1791;6457;8138;2454;;;;;;
20200709;4431;3286;1104;6288;1094;3737;6157;3618;9775;2632;1758;6231;8162;2318;;;;;;
20200710;3920;3463;935;8734;804;2975;5237;3166;8403;2242;1563;4858;9417;1908;;;;;;
20200711;984;688;231;1023;240;1050;1212;696;1908;541;452;1157;1642;546;;;;;;
20200712;2574;4941;1039;4803;1466;2019;4078;1845;5923;2480;1441;2561;5283;982;;;;;;
20200713;4257;2945;1131;4828;995;3430;5263;3130;8393;2537;1569;5510;6512;2044;;;;;;
20200714;4619;3610;1224;6183;1173;3750;6068;3677;9745;2884;1676;6358;7873;2373;;;;;;
20200715;4457;3268;1126;5679;997;3593;5836;3396;9232;2694;1636;6006;7462;2208;;;;;;
20200716;3019;1264;554;2555;493;2378;3494;2129;5623;1326;829;4302;4206;1760;;;;;;
20200717;2901;1599;625;2691;584;2435;3469;2116;5585;1489;1000;3698;4102;1535;;;;;;
20200718;1046;686;224;910;251;1070;1407;782;2189;545;429;1189;1691;550;;;;;;
20200719;1976;2460;657;2619;905;1686;2901;1371;4272;1573;851;2046;3350;799;;;;;;
20200720;4113;3346;1168;5810;1042;3338;5126;3257;8383;2636;1619;5596;7184;2048;;;;;;
20200721;4241;3281;1095;6367;1176;3301;5403;3263;8666;2576;1548;5682;7769;2118;;;;;;
20200722;4472;3354;1114;5747;947;3478;5917;3300;9217;2660;1564;5998;7405;2099;;;;;;
20200723;4406;3559;1086;6333;1032;3641;5789;3352;9141;2590;1694;5839;6838;2161;;;;;;
20200724;2953;1966;638;2963;612;2433;3629;2039;5668;1524;1045;3814;3203;1484;;;;;;
20200725;2334;3189;784;4181;903;2241;3921;1951;5872;1881;1240;2703;4912;1112;;;;;;
20200726;2361;4068;783;5229;973;1961;3449;1817;5266;1868;1126;2401;5548;990;;;;;;
20200727;4261;3396;1153;6559;1096;3257;5326;3251;8577;2585;1497;5464;7082;2068;;;;;;
20200728;3842;3191;950;8477;921;2909;4991;3157;8148;2246;1473;5432;9147;1947;;;;;;
20200729;4137;2723;982;4963;830;3473;5378;3145;8523;2343;1525;5548;5359;1969;;;;;;
20200730;4137;3556;1065;7113;941;3415;5500;3383;8883;2539;1546;5763;7684;2060;;;;;;
20200731;3472;3132;890;6473;806;2937;4706;2907;7613;2126;1337;4606;6991;1665;;;;;;
20200801;2284;3958;1051;6889;763;2039;3808;2174;5982;1501;1128;2668;6902;1072;;;;;;
20200802;2119;3905;1050;5652;1075;1760;3619;1744;5363;1879;1129;2317;5798;829;;;;;;
20200803;1481;657;394;1231;240;1306;1657;1028;2685;743;421;1963;1253;862;;;;;;
20200804;2717;984;675;2250;414;2050;3140;1930;5070;1222;798;3758;2291;1456;;;;;;
20200805;2466;1203;703;2287;341;1892;2736;1849;4585;1118;672;3508;2333;1437;;;;;;
20200806;3973;3516;1282;5129;1046;3358;5181;3149;8330;2457;1517;5354;5178;1931;;;;;;
20200807;3671;3314;1278;5916;885;2887;4744;2842;7586;2217;1337;4432;5906;1598;;;;;;
20200808;2365;3541;893;6035;773;2293;3878;2141;6019;1407;1140;2675;6166;1025;;;;;;
20200809;2226;4393;1122;6821;960;2087;3731;2016;5747;1635;1122;2430;6997;950;;;;;;
20200810;3819;2744;1388;6053;814;3280;4664;2994;7658;2167;1327;4852;6152;1861;;;;;;
20200811;3829;2736;1170;4813;809;3446;4714;3020;7734;2395;1408;4972;4814;1919;;;;;;
20200812;4186;3498;1286;6589;921;3311;5280;3375;8655;2358;1467;5425;6708;2020;;;;;;
20200813;3408;2673;1092;4358;696;2855;4340;2367;6707;1936;1129;4612;4390;1639;;;;;;
20200814;3148;2439;963;3410;674;2828;4826;1700;6526;1751;1140;3935;3405;1504;;;;;;
20200815;2160;3008;882;3487;995;2083;3425;1557;4982;1708;986;2300;3569;885;;;;;;
20200816;2083;3602;971;3907;1056;1871;3295;1691;4986;1800;1004;2264;4012;817;;;;;;
20200817;3300;1978;1011;3101;727;2919;3832;2429;6261;1779;1077;4360;3164;1580;;;;;;
20200818;3474;1785;962;3231;661;2883;4123;2511;6634;1829;1121;4528;3286;1754;;;;;;
20200819;4091;3224;1213;4762;942;3604;5115;3301;8416;2513;1465;5598;4850;2154;;;;;;
20200820;4136;3634;1315;6341;994;3527;5290;3405;8695;2492;1529;5454;6400;1974;;;;;;
20200821;3703;3494;1246;6832;848;3027;4719;3088;7807;2138;1425;4641;6827;1626;;;;;;
20200822;1906;3266;701;4546;648;1795;2879;1671;4550;1259;905;2280;4645;934;;;;;;
20200823;2539;4490;1070;5068;1262;2160;3755;1950;5705;2081;1356;2725;5209;989;;;;;;
20200824;4042;2668;1184;4175;919;3267;4648;2947;7595;2463;1412;5389;4267;1933;;;;;;
20200825;4631;3599;1430;5639;1154;3770;5962;3486;9448;2766;1600;6248;5753;2133;;;;;;
20200826;4583;3211;1237;6072;934;3429;5480;3487;8967;2456;1589;5889;6191;2206;;;;;;
20200827;4407;3164;1254;5005;946;3529;5462;3496;8958;2610;1564;5705;5061;2133;;;;;;
20200828;3938;3238;1155;5532;963;3252;5105;3066;8171;2362;1415;5003;5539;1872;;;;;;
20200829;2151;3100;773;3119;829;2264;3596;1942;5538;1676;1128;2663;3199;1178;;;;;;
20200830;2043;2839;714;2815;813;1597;2968;1394;4362;1566;850;2036;2890;821;;;;;;
20200831;3306;1638;840;2796;585;2539;3883;2253;6136;1727;1015;4452;2852;1805;;;;;;
20200901;1486;571;293;973;217;1218;1591;1062;2653;575;462;1877;1360;834;;;;;;
20200902;4348;3069;1183;4189;1052;3595;5407;3247;8654;2509;1516;5915;5848;2346;;;;;;
20200903;4547;2946;1188;4427;856;3616;5392;3343;8735;2424;1541;6143;6205;2297;;;;;;
20200904;3999;2919;1226;4298;919;3183;5112;2861;7973;2398;1439;5193;5742;2057;;;;;;
20200905;3061;5091;1112;7037;1002;2398;4801;2675;7476;2333;1688;3671;7040;1398;;;;;;
20200906;1077;614;296;970;220;915;1250;743;1993;506;373;1275;1417;544;;;;;;
20200907;3507;1779;853;2787;618;2707;3927;2548;6475;1706;1088;4852;4349;1919;;;;;;
20200908;3671;3364;1353;4933;1128;3834;6124;3771;9895;2830;1731;6990;6790;2602;;;;;;
20200909;3724;3404;1448;5529;1029;3880;6178;3970;10148;2935;1756;7013;7409;2760;;;;;;
20200910;3570;2927;1436;4768;931;3724;5754;3595;9349;2743;1628;6636;6604;2624;;;;;;
20200911;3495;3066;1311;4676;990;3614;5736;3374;9110;2749;1646;5913;6241;2256;;;;;;
20200912;2552;4406;1076;5477;1050;2603;4715;2589;7304;2232;1521;3394;5898;1562;;;;;;
20200913;2840;5120;1232;6452;1162;2326;4468;2348;6816;2225;1447;2993;6516;1184;;;;;;
20200914;3588;3004;1379;5373;962;3736;5917;3533;9450;2709;1665;6379;7116;2546;;;;;;
20200915;3879;3435;1529;6531;1030;4035;6305;4008;10313;3066;1825;7114;8039;2657;;;;;;
20200916;3670;3429;1503;6383;1011;3814;6234;3967;10201;3030;1707;6860;7919;2580;;;;;;
20200917;2973;1555;922;2905;560;3078;4514;2817;7331;1909;1311;5324;4588;2267;;;;;;
20200918;3211;2526;1165;3757;821;3329;5054;3040;8094;2453;1439;5484;5471;2335;;;;;;
20200919;2324;3178;793;2724;770;2394;3576;2013;5589;1745;1188;3022;3611;1298;;;;;;
20200920;2707;4192;938;3879;1250;2207;3688;1849;5537;2371;1207;2849;4585;1101;;;;;;
20200921;3272;2504;1298;4104;855;3412;5084;3200;8284;2445;1474;6202;6082;2467;;;;;;
20200922;4207;3274;1344;5114;1061;3727;5971;3847;9818;2866;1663;6770;6895;2695;;;;;;
20200923;4013;1797;1019;3049;642;2921;4345;2978;7323;2053;1210;5591;4773;2275;;;;;;
20200924;4668;3466;1368;4580;892;3757;5792;3746;9538;2788;1584;6458;6452;2621;;;;;;
20200925;1232;320;287;680;142;1056;1151;920;2071;459;295;1646;1422;846;;;;;;
20200926;1304;777;341;931;198;1229;1760;1073;2833;612;512;1659;1691;892;;;;;;
20200927;2165;3340;745;2793;957;1939;3036;1598;4634;1924;1006;2480;3607;1024;;;;;;
20200928;1607;350;308;945;144;1099;1512;988;2500;521;355;2087;1781;941;;;;;;
20200929;3169;1042;724;2148;403;2387;3223;2248;5471;1425;804;4425;3642;1873;;;;;;
20200930;3430;1290;812;2521;465;2533;3682;2455;6137;1594;948;4917;4169;2032;;;;;;
20201001;3950;1863;999;2920;680;3037;4445;2822;7267;2092;1161;5604;4743;2348;;;;;;
20201002;3577;2025;1019;2902;666;2894;4207;2672;6879;1935;1116;4965;4607;2150;;;;;;
20201003;2089;2055;564;1863;535;1888;3057;1906;4963;1455;1028;2910;2900;1234;;;;;;
20201004;2376;4066;866;3536;1037;2039;3619;1859;5478;2348;1171;2832;4259;1101;;;;;;
20201005;3462;1147;817;2276;507;2575;3581;2460;6041;1560;965;5022;3947;2133;;;;;;
20201006;4508;2516;1156;3589;822;3453;5371;3315;8686;2370;1377;6325;5460;2653;;;;;;
20201007;3471;1040;728;2180;440;2586;3888;2720;6608;1544;952;5159;3887;2100;;;;;;
20201008;4225;1997;981;3052;686;3090;4393;3100;7493;2140;1334;5710;4883;2415;;;;;;
20201009;3912;2991;1081;3385;876;3044;4929;3047;7976;2238;1300;5503;5071;2215;;;;;;
20201010;1915;2675;559;2052;685;1933;2866;1611;4477;1460;972;2471;3093;1119;;;;;;
20201011;1191;924;381;926;268;1023;1414;900;2314;655;422;1347;1666;671;;;;;;
20201012;2464;608;459;1369;253;1644;2345;1732;4077;801;598;3561;2646;1473;;;;;;
20201013;1170;250;200;643;111;717;918;708;1626;380;251;1498;1127;775;;;;;;
20201014;1491;249;252;670;131;886;1238;984;2222;471;329;1972;1368;958;;;;;;
20201015;2943;1136;638;1868;356;2080;2886;1965;4851;1241;723;3969;3184;1835;;;;;;
20201016;1314;231;240;585;122;897;1209;856;2065;409;303;1660;1239;857;;;;;;
20201017;1350;540;285;843;201;1207;1691;1055;2746;572;458;1774;1576;831;;;;;;
20201018;1514;2378;426;1627;394;1346;1961;1110;3071;1151;607;1718;2287;822;;;;;;
20201019;3174;1064;695;2147;491;2326;3146;2321;5467;1490;802;4378;3466;1779;;;;;;
20201020;3542;1564;764;2541;490;2625;3745;2643;6388;1672;968;5023;4056;2169;;;;;;
20201021;3556;1386;792;2458;522;2560;3727;2530;6257;1632;975;4906;3939;2078;;;;;;
20201022;3666;1611;866;2717;564;2712;4148;2671;6819;1812;1107;5080;4323;2226;;;;;;
20201023;3078;1244;714;2009;422;2333;3623;2266;5889;1451;774;4361;3354;1821;;;;;;
20201024;1494;927;311;1158;278;1477;1857;1192;3049;767;588;1848;1863;892;;;;;;
20201025;1376;1881;382;1380;400;1260;1876;1146;3022;1074;491;1637;2002;717;;;;;;
20201026;1798;2491;585;2113;621;1461;2815;1481;4296;1411;746;2169;2731;843;;;;;;
20201027;2269;564;485;1454;224;1585;2229;1629;3858;812;491;3224;2455;1211;;;;;;
20201028;3303;2005;838;2651;679;2470;3720;2521;6241;1812;1079;4726;4079;1907;;;;;;
20201029;2224;551;379;1312;246;1714;2290;1731;4021;908;602;3165;2220;1352;;;;;;
20201030;1386;342;252;787;143;1028;1315;924;2239;561;326;1779;1486;889;;;;;;
20201031;1545;1297;450;1146;370;1400;2087;1265;3352;906;608;1992;2066;984;;;;;;
20201101;1004;1470;358;1099;360;911;1287;859;2146;850;368;1223;1550;636;;;;;;
20201102;2672;1129;661;2128;426;2061;3056;1907;4963;1452;776;3638;3333;1570;;;;;;
20201103;1374;1197;641;1270;417;1571;1454;944;2398;1080;469;1591;1736;964;;;;;;
20201104;2430;878;585;1806;304;1977;2445;1565;4010;1243;627;3319;2731;1563;;;;;;
20201105;2928;1562;793;2553;512;2331;3083;1953;5036;1714;793;3758;3631;1777;;;;;;
20201106;2604;1961;725;2467;535;2290;2908;1872;4780;1659;804;3479;3344;1612;;;;;;
20201107;1684;2850;572;2492;634;1793;2313;1236;3549;1798;852;1961;2859;972;;;;;;
20201108;1115;1545;302;1321;309;1136;1280;753;2033;882;425;1128;1723;590;;;;;;
20201109;2266;734;500;1742;295;1773;2288;1494;3782;1065;549;3034;2617;1493;;;;;;
20201110;2371;875;556;1770;341;1854;2263;1583;3846;1146;519;3230;2621;1565;;;;;;
20201111;2539;1002;573;1856;385;2026;2402;1734;4136;1224;612;3529;2901;1554;;;;;;
20201112;2508;1119;589;1953;389;2036;2537;1705;4242;1346;686;3407;2947;1529;;;;;;
20201113;2471;1267;633;1955;483;2065;2451;1746;4197;1340;718;3311;2898;1509;;;;;;
20201114;1424;1543;442;1507;314;1522;1695;1044;2739;1041;594;1663;1858;922;;;;;;
20201115;981;1120;303;1142;317;1073;1176;708;1884;799;403;1102;1653;523;;;;;;
20201116;2440;768;571;1807;328;2048;2534;1772;4306;1126;620;3373;2781;1558;;;;;;
20201117;2255;1599;611;2125;466;1847;2321;1471;3792;1526;638;2977;2923;1295;;;;;;
20201118;2440;2301;779;2830;764;1961;2704;1736;4440;1808;774;3210;3487;1359;;;;;;
20201119;1894;847;478;1585;316;1507;1706;1322;3028;1097;499;2584;2390;1196;;;;;;
20201120;1864;1126;501;1643;317;1411;1930;1237;3167;1145;558;2455;2399;1154;;;;;;
20201121;1266;2060;415;2021;471;1110;1603;932;2535;1428;673;1355;2202;732;;;;;;
20201122;1180;2205;391;1996;407;992;1587;709;2296;1278;563;1111;2115;550;;;;;;
20201123;1901;730;473;1501;251;1223;1636;1258;2894;923;473;2400;2112;1089;;;;;;
20201124;1907;855;501;1525;295;1341;1817;1296;3113;988;473;2609;2226;1204;;;;;;
20201125;1814;779;431;1337;267;1273;1506;1225;2731;904;402;2494;2056;1179;;;;;;
20201126;1737;764;439;1371;231;1267;1565;1225;2790;922;437;2470;2099;1120;;;;;;
20201127;1685;793;407;1282;262;1166;1499;1057;2556;855;487;2264;1919;1012;;;;;;
20201128;946;890;298;898;198;856;969;649;1618;622;382;1092;1320;629;;;;;;
20201129;883;1530;346;1396;284;829;1267;645;1912;846;418;1049;1724;507;;;;;;
20201130;1764;779;447;1445;318;1178;1600;1205;2805;904;465;2345;2089;1046;;;;;;
20201201;1898;709;434;1335;220;1216;1605;1222;2827;855;434;2539;2024;1096;;;;;;
20201202;1706;672;376;1175;224;1083;1433;1064;2497;821;370;2323;1930;1060;;;;;;
20201203;763;242;155;545;84;462;699;442;1141;305;200;894;916;461;;;;;;
20201204;1181;455;259;782;98;846;968;798;1766;577;253;1621;1442;772;;;;;;
20201205;969;1165;272;1092;226;902;1105;698;1803;766;427;1063;1530;577;;;;;;
20201206;881;1234;289;1089;247;788;1006;622;1628;778;336;967;1496;483;;;;;;
20201207;1526;586;381;1144;223;1278;1570;1220;2790;821;408;2164;1918;1037;;;;;;
20201208;1053;830;270;965;185;910;1175;792;1967;620;326;1310;1618;650;;;;;;
20201209;1778;515;411;1231;200;1284;1677;1256;2933;788;409;2483;2085;1222;;;;;;
20201210;1282;266;297;795;158;840;1084;860;1944;490;257;1746;1357;888;;;;;;
20201211;1781;603;375;1230;223;1352;1814;1322;3136;769;391;2440;2171;1128;;;;;;
20201212;956;676;242;746;164;971;1111;776;1887;609;442;1305;1412;727;;;;;;
20201213;883;1294;250;1101;244;872;1172;705;1877;714;307;1016;1514;543;;;;;;
20201214;2053;846;465;1549;302;1501;2031;1386;3417;1029;490;2825;2299;1294;;;;;;
20201215;2017;655;407;1388;278;1342;1947;1441;3388;944;422;2768;2237;1273;;;;;;
20201216;1946;588;403;1272;271;1365;1877;1372;3249;908;433;2844;1994;1239;;;;;;
20201217;2098;672;426;1443;246;1390;2077;1372;3449;920;495;2901;2334;1340;;;;;;
20201218;1885;734;417;1542;248;1460;1969;1466;3435;937;530;2740;2324;1305;;;;;;
20201219;968;456;233;740;148;936;1078;781;1859;481;384;1261;1172;735;;;;;;
20201220;727;674;178;856;145;604;820;541;1361;521;242;811;1113;413;;;;;;
20201221;1803;644;450;1644;273;1412;1969;1389;3358;874;477;2612;2354;1233;;;;;;
20201222;1370;358;295;1203;163;1086;1256;988;2244;564;309;1983;1708;953;;;;;;
20201223;1626;961;404;1830;263;1384;1768;1319;3087;1029;508;2348;2422;1070;;;;;;
20201224;337;232;183;528;67;325;391;291;682;267;133;501;577;243;;;;;;
20201225;281;383;160;517;78;249;384;235;619;199;107;344;527;164;;;;;;
20201226;557;856;243;832;204;452;759;358;1117;478;200;582;942;246;;;;;;
20201227;490;725;197;715;153;501;598;374;972;421;194;575;871;218;;;;;;
20201228;728;389;196;691;157;555;667;457;1124;383;172;1011;999;417;;;;;;
20201229;1125;1305;450;1455;349;878;1309;774;2083;842;395;1400;1790;535;;;;;;
20201230;998;607;304;962;211;754;985;611;1596;528;265;1172;1339;565;;;;;;
20201231;839;1078;326;1553;279;701;1044;528;1572;758;393;1044;1676;500;;;;;;
20190101;285;231;114;259;48;271;502;218;720;146;106;537;464;170;;;;;;
20190102;574;167;124;414;88;430;667;487;1154;187;151;1001;664;360;;;;;;
20190103;513;149;111;331;50;339;452;372;824;137;97;709;547;269;;;;;;
20190104;383;137;122;293;21;263;413;328;741;93;88;655;442;220;;;;;;
20190105;159;46;56;81;12;150;191;154;345;52;35;264;224;89;;;;;;
20190106;325;238;78;235;36;301;350;284;634;103;99;520;426;195;;;;;;
20190107;1236;314;258;735;101;679;1050;791;1841;329;221;1813;1167;735;;;;;;
20190108;953;226;198;503;75;532;795;604;1399;225;214;1527;928;574;;;;;;
20190109;1085;206;240;630;97;568;796;740;1536;240;203;1645;1044;648;;;;;;
20190110;1263;252;254;714;82;641;1074;906;1980;268;252;1859;1197;756;;;;;;
20190111;1159;318;214;676;106;689;1118;807;1925;309;268;1910;1124;765;;;;;;
20190112;457;151;144;238;48;417;576;381;957;143;202;782;507;272;;;;;;
20190113;408;377;154;375;64;342;527;384;911;193;190;722;633;299;;;;;;
20190114;1259;271;230;639;100;709;1133;845;1978;307;256;1988;1142;777;;;;;;
20190115;1433;300;254;679;98;723;1215;972;2187;329;262;2142;1199;831;;;;;;
20190116;1569;425;275;830;139;875;1498;1044;2542;411;331;2517;1451;978;;;;;;
20190117;1806;637;363;1153;208;1042;1780;1233;3013;558;417;2842;1690;1077;;;;;;
20190118;1295;328;311;724;117;751;1223;917;2140;333;270;2057;1198;794;;;;;;
20190119;611;277;107;353;58;529;785;560;1345;200;206;988;621;442;;;;;;
20190120;473;260;100;343;80;460;591;383;974;156;158;764;618;280;;;;;;
20190121;1512;370;306;882;143;878;1307;933;2240;406;328;2285;1480;856;;;;;;
20190122;1374;312;236;734;110;764;1201;900;2101;310;270;2102;1234;818;;;;;;
20190123;1011;246;225;585;88;619;886;687;1573;251;181;1675;939;652;;;;;;
20190124;1131;224;242;595;88;713;1082;749;1831;284;231;1880;993;731;;;;;;
20190125;1012;258;218;580;93;638;1186;758;1944;298;206;1752;1039;669;;;;;;
20190126;357;90;95;213;21;352;398;269;667;86;107;616;393;247;;;;;;
20190127;415;360;107;355;69;446;649;405;1054;239;185;758;650;272;;;;;;
20190128;723;151;124;381;55;484;694;504;1198;193;166;1203;754;475;;;;;;
20190129;1329;390;257;754;99;811;1268;924;2192;343;260;2187;1275;795;;;;;;
20190130;1321;380;248;760;112;817;1365;994;2359;393;281;2383;1343;861;;;;;;
20190131;1305;308;248;794;105;825;1351;968;2319;361;291;2252;1309;893;;;;;;
20190201;1128;351;233;674;107;823;1173;848;2021;379;276;1890;1165;741;;;;;;
20190202;660;598;160;596;135;570;1074;604;1678;377;259;1184;940;424;;;;;;
20190203;493;300;98;341;72;404;551;386;937;169;156;782;615;248;;;;;;
20190204;1148;285;223;701;112;704;1031;768;1799;327;282;1856;1174;709;;;;;;
20190205;1295;412;278;872;158;852;1246;922;2168;375;391;2055;1321;749;;;;;;
20190206;1198;300;247;780;120;772;1184;895;2079;384;331;2025;1306;726;;;;;;
20190207;1125;319;215;803;138;755;1237;881;2118;337;352;1992;1217;722;;;;;;
20190208;1151;470;285;847;149;781;1322;844;2166;444;390;1858;1278;690;;;;;;
20190209;618;650;176;555;150;585;998;556;1554;342;316;1135;801;413;;;;;;
20190210;494;493;134;450;98;516;782;412;1194;222;227;902;696;299;;;;;;
20190211;1475;334;289;905;141;862;1309;895;2204;376;353;2306;1400;856;;;;;;
20190212;1429;329;256;785;135;807;1256;984;2240;348;319;2242;1273;856;;;;;;
20190213;1494;438;289;998;183;902;1441;1034;2475;403;373;2447;1561;888;;;;;;
20190214;1686;600;348;1121;205;1102;1737;1182;2919;561;487;2760;1742;1008;;;;;;
20190215;1641;771;394;1250;282;1145;1872;1209;3081;702;558;2594;1868;950;;;;;;
20190216;1002;1210;340;1232;367;846;1635;854;2489;635;517;1632;1538;559;;;;;;
20190217;916;1425;345;1571;389;835;1738;801;2539;700;525;1458;1729;519;;;;;;
20190218;1934;725;466;1378;303;1210;2133;1203;3336;725;546;2980;2084;1088;;;;;;
20190219;2119;936;500;1566;315;1348;2475;1376;3851;782;647;3239;2311;1209;;;;;;
20190220;2118;827;430;1495;306;1366;2288;1453;3741;782;652;3285;2261;1142;;;;;;
20190221;2013;732;458;1485;274;1248;2193;1404;3597;698;564;3251;2168;1160;;;;;;
20190222;1292;309;208;728;100;792;1229;805;2034;336;324;1909;1195;682;;;;;;
20190223;631;342;157;475;125;669;987;532;1519;302;319;1185;816;419;;;;;;
20190224;506;428;144;394;103;487;746;392;1138;279;229;864;676;295;;;;;;
20190225;1877;807;460;1570;305;1294;1912;1711;3623;786;610;3126;2179;1140;;;;;;
20190226;2320;755;496;1650;330;1460;1907;2083;3990;847;690;3473;2385;1289;;;;;;
20190227;2442;1093;593;2074;444;1573;2146;2288;4434;1020;769;3804;2808;1329;;;;;;
20190228;2473;1216;542;2074;435;1743;2208;2504;4712;999;828;3950;2815;1441;;;;;;
20190301;1868;732;434;1384;271;1251;1662;1836;3498;687;652;3134;2068;1086;;;;;;
20190302;484;147;159;323;55;460;577;409;986;177;200;829;559;331;;;;;;
20190303;910;1322;307;1164;372;899;1523;834;2357;655;521;1545;1520;534;;;;;;
20190304;2612;1141;647;1892;364;1578;2719;1906;4625;947;818;4090;2743;1508;;;;;;
20190305;2557;759;506;1443;262;1453;2439;1873;4312;783;732;4006;2330;1349;;;;;;
20190306;2705;1104;586;1890;358;1666;2877;2087;4964;938;832;4277;2889;1501;;;;;;
20190307;2628;1145;578;1991;392;1656;2800;2050;4850;943;789;4244;2772;1499;;;;;;
20190308;2121;791;506;1411;312;1466;2346;1760;4106;780;678;3387;2157;1262;;;;;;
20190309;1025;1051;283;990;330;985;1542;942;2484;642;485;1726;1384;605;;;;;;
20190310;617;270;124;439;137;477;689;482;1171;247;296;810;752;335;;;;;;
20190311;2000;497;413;1155;232;1110;1789;1399;3188;607;567;3092;1878;1152;;;;;;
20190312;2082;631;449;1331;257;1234;2029;1554;3583;610;574;3289;2087;1187;;;;;;
20190313;2020;526;399;1232;233;1178;2018;1538;3556;635;573;3325;2004;1244;;;;;;
20190314;2290;763;466;1446;278;1456;2320;1745;4065;688;679;3513;2145;1297;;;;;;
20190315;1752;470;374;1033;219;950;1966;1324;3290;502;511;2802;1645;976;;;;;;
20190316;644;205;148;427;86;559;874;520;1394;182;264;1028;744;434;;;;;;
20190317;1446;3066;588;2789;977;1109;2918;1355;4273;1642;908;2204;2852;755;;;;;;
20190318;1999;529;441;1114;215;1224;1870;1307;3177;636;560;3136;1865;1186;;;;;;
20190319;2401;851;547;1525;298;1374;2459;1834;4293;754;639;3899;2302;1439;;;;;;
20190320;2472;798;546;1597;336;1392;2653;1869;4522;809;604;3955;2425;1436;;;;;;
20190321;2640;1178;578;2031;447;1768;3079;2141;5220;990;750;4231;2916;1553;;;;;;
20190322;2533;1461;704;2313;569;1741;3322;2079;5401;1243;979;4237;3041;1517;;;;;;
20190323;1619;2701;798;3052;916;1511;3251;1778;5029;1405;1002;2925;3131;988;;;;;;
20190324;1773;3025;755;3395;1126;1435;3233;1565;4798;1629;980;2579;3517;945;;;;;;
20190325;1780;457;420;1261;215;1077;1769;1184;2953;541;488;2784;1810;995;;;;;;
20190326;2482;804;522;1595;299;1438;2479;1927;4406;745;678;3880;2435;1494;;;;;;
20190327;2248;627;425;1339;209;1293;2336;1666;4002;601;577;3548;2140;1333;;;;;;
20190328;2312;724;483;1452;319;1475;2450;1825;4275;763;647;3695;2264;1377;;;;;;
20190329;2487;1245;643;1939;480;1684;3105;1963;5068;1027;851;4123;2666;1435;;;;;;
20190330;1801;2279;649;2759;795;1565;3772;2011;5783;1387;1084;3346;3135;1133;;;;;;
20190331;2339;3722;868;4532;1261;2427;5325;2476;7801;1905;1339;4151;4515;1436;;;;;;
20190401;3202;1326;846;2693;584;2666;3613;2464;6077;1334;987;5226;3694;1797;;;;;;
20190402;3397;1626;790;2624;605;2807;3771;2686;6457;1435;1041;5529;3678;1887;;;;;;
20190403;3315;1311;754;2429;600;2777;3873;2533;6406;1252;1026;5431;3561;1904;;;;;;
20190404;3129;1249;631;2136;468;2699;3790;2440;6230;1200;994;5273;3196;1846;;;;;;
20190405;2282;782;484;1580;361;1887;2466;1739;4205;850;613;3643;2346;1344;;;;;;
20190406;1585;1386;475;1836;467;1372;2707;1436;4143;932;743;2724;2205;893;;;;;;
20190407;1758;2714;661;2906;925;1254;2666;1666;4332;1078;1026;2423;2951;878;;;;;;
20190408;3307;1395;852;2846;623;2734;3890;2586;6476;1369;1007;5301;3859;1923;;;;;;
20190409;3794;1961;865;3264;695;3039;4385;2988;7373;1696;1210;5878;4350;2143;;;;;;
20190410;2401;738;522;1658;311;1990;2405;1746;4151;790;727;3796;2400;1451;;;;;;
20190411;2280;576;462;1396;216;1910;2393;1702;4095;706;616;3653;2238;1394;;;;;;
20190412;2177;832;476;1530;277;1778;2397;1692;4089;787;667;3467;2227;1228;;;;;;
20190413;996;673;227;723;196;857;1494;906;2400;480;509;1581;1188;668;;;;;;
20190414;726;522;157;633;161;580;1012;655;1667;348;308;1106;976;423;;;;;;
20190415;2574;1432;636;2362;570;2048;3149;1950;5099;1205;851;3965;3115;1442;;;;;;
20190416;2849;1802;741;2857;702;2276;3809;2244;6053;1475;1063;4430;3713;1565;;;;;;
20190417;2769;1587;693;2686;603;2220;3580;2257;5837;1358;939;4396;3495;1463;;;;;;
20190418;2803;1856;822;3082;697;2213;3644;2244;5888;1408;1019;4471;3608;1375;;;;;;
20190419;2248;2051;764;3059;795;1632;3515;1921;5436;1523;1002;3313;3525;988;;;;;;
20190420;1554;2464;652;2882;769;1290;3174;1508;4682;1411;951;2629;2718;753;;;;;;
20190421;1421;2399;730;3472;868;1020;3186;1382;4568;1503;920;2186;3038;489;;;;;;
20190422;1566;3258;858;4015;1203;1212;3392;1448;4840;1675;930;2469;3580;711;;;;;;
20190423;1762;510;431;1159;215;1321;1639;1218;2857;611;439;2526;1796;966;;;;;;
20190424;3192;1524;672;2636;582;2538;3698;2512;6210;1295;1057;4929;3588;1769;;;;;;
20190425;3896;2611;1060;4369;828;3110;5131;3354;8485;1865;1305;6060;5228;2140;;;;;;
20190426;3433;2344;910;3555;735;2665;4474;2854;7328;1783;1155;5277;4468;1758;;;;;;
20190427;1519;1268;439;1610;345;1271;2366;1409;3775;819;725;2441;2048;901;;;;;;
20190428;1418;1859;428;2041;564;1129;2634;1390;4024;1105;697;2221;2483;735;;;;;;
20190429;1854;378;351;1112;234;1489;1815;1200;3015;471;465;2852;1848;1071;;;;;;
20190430;1076;249;224;554;104;839;869;671;1540;250;213;1537;950;669;;;;;;
20190501;1953;3140;647;3290;872;2108;3739;1775;5514;1607;1071;3058;3694;1105;;;;;;
20190502;3591;2453;876;3679;720;3273;4820;3000;7820;1738;1199;6096;4665;1978;;;;;;
20190503;1399;583;282;891;147;1254;1644;949;2593;496;455;2222;1410;867;;;;;;
20190504;1152;852;268;956;180;1073;1687;1044;2731;492;401;1757;1357;622;;;;;;
20190505;349;112;57;221;41;359;337;274;611;78;106;481;442;225;;;;;;
20190506;2007;635;350;1326;179;1733;2031;1345;3376;507;514;3109;2032;1176;;;;;;
20190507;3279;1403;678;2456;478;2750;3543;2360;5903;1092;855;5021;3472;1758;;;;;;
20190508;3559;2255;819;3124;708;3200;4346;2824;7170;1417;966;5848;4294;2040;;;;;;
20190509;1901;736;377;1265;266;1740;2144;1493;3637;599;533;3066;2025;1217;;;;;;
20190510;3224;2146;750;3038;563;2858;4407;2626;7033;1479;1055;5135;3989;1913;;;;;;
20190511;1449;2041;497;1818;468;1457;2439;1359;3798;971;790;2388;2221;837;;;;;;
20190512;730;641;204;617;117;679;1043;590;1633;294;293;968;998;378;;;;;;
20190513;2046;577;346;1219;257;1762;2119;1402;3521;589;537;3117;2020;1229;;;;;;
20190514;2194;725;418;1374;255;1899;2092;1453;3545;623;532;3349;2141;1338;;;;;;
20190515;1512;368;287;837;148;1394;1442;999;2441;358;334;2412;1449;1023;;;;;;
20190516;1844;723;367;1149;211;1621;2034;1307;3341;511;529;2934;1900;1053;;;;;;
20190517;2901;2081;772;2651;580;2616;3729;2387;6116;1278;952;4817;3457;1625;;;;;;
20190518;1955;2553;574;2421;617;2367;4838;1941;6779;1207;1034;4054;2716;1182;;;;;;
20190519;1834;3487;670;3251;953;1769;3402;1662;5064;1370;959;2658;3302;838;;;;;;
20190520;1721;746;371;1321;256;1575;2203;1380;3583;597;581;2876;2031;996;;;;;;
20190521;2966;1294;647;2223;402;2524;3065;2282;5347;950;759;4550;3079;1685;;;;;;
20190522;1344;285;271;745;145;1122;1061;873;1934;327;311;1961;1186;800;;;;;;
20190523;2470;886;477;1551;283;2073;2738;1677;4415;729;676;3707;2489;1403;;;;;;
20190524;3540;2922;978;3889;747;3117;5041;2852;7893;1873;1251;5822;4613;1884;;;;;;
20190525;2256;3638;851;4028;995;2276;4209;2293;6502;1686;1172;3796;4274;1223;;;;;;
20190526;2200;3494;991;3706;879;2195;3636;1921;5557;1681;1063;3241;3767;1073;;;;;;
20190527;2688;1255;707;2177;408;2354;3018;1990;5008;1013;627;4298;2920;1515;;;;;;
20190528;1931;672;408;1289;214;1658;2218;1342;3560;530;433;3010;1962;1074;;;;;;
20190529;1379;342;302;828;117;1129;1288;929;2217;347;314;1987;1343;781;;;;;;
20190530;1186;1306;264;1322;258;1397;2416;1192;3608;646;581;2043;1716;729;;;;;;
20190531;2601;2506;728;3072;545;2371;4642;2484;7126;1442;961;4539;3735;1315;;;;;;
20190601;2070;3415;821;3791;772;2127;3862;1942;5804;1478;1081;3399;3943;1024;;;;;;
20190602;2417;4773;1148;6291;1285;2249;4590;2274;6864;1987;1242;3341;5580;1045;;;;;;
20190603;4346;2680;1109;5212;886;3708;5469;3364;8833;2039;1373;6673;6047;2222;;;;;;
20190604;4755;3175;1289;5823;964;4131;5941;3631;9572;2055;1367;7490;6443;2423;;;;;;
20190605;4460;2892;1193;5211;942;3967;5904;3300;9204;2005;1416;7182;6210;2310;;;;;;
20190606;3788;1674;859;3106;542;3249;4520;2864;7384;1382;1001;5737;4336;2052;;;;;;
20190607;3758;2515;946;4356;785;3298;5309;3199;8508;1686;1165;5920;4895;1976;;;;;;
20190608;2186;2797;697;3997;590;1862;4201;2196;6397;1313;947;3571;3780;1002;;;;;;
20190609;2076;3947;1037;6613;974;1867;4104;2137;6241;1684;1026;3103;5205;782;;;;;;
20190610;2127;4055;964;7361;893;1829;3935;2144;6079;1463;994;3037;5803;921;;;;;;
20190611;3928;2662;1186;5427;780;3492;4983;3150;8133;1822;1149;6379;5856;1989;;;;;;
20190612;4414;2620;1228;6013;862;3909;5661;3804;9465;2111;1391;7032;6449;2336;;;;;;
20190613;4401;2682;1196;5543;818;3851;5679;3767;9446;1941;1267;6891;6056;2331;;;;;;
20190614;4006;2677;1155;6006;795;3563;5758;3525;9283;1703;1254;6406;6297;2108;;;;;;
20190615;2251;2969;785;5525;512;1960;3512;1917;5429;1206;998;3911;4941;1210;;;;;;
20190616;2026;2992;803;4371;793;1688;3611;1919;5530;1406;925;2991;4141;999;;;;;;
20190617;4052;2667;1275;4667;824;3812;5220;3421;8641;1983;1201;6914;5731;2237;;;;;;
20190618;4555;3073;1279;5436;856;3886;6112;3816;9928;1929;1295;7045;6297;2268;;;;;;
20190619;4068;2528;1120;4678;764;3613;5002;3374;8376;1780;1194;6579;5345;2089;;;;;;
20190620;1818;4380;875;6258;744;1711;3501;1877;5378;1826;948;2855;5254;995;;;;;;
20190621;3008;2708;908;4552;618;2694;4430;2686;7116;1666;1135;4931;4813;1530;;;;;;
20190622;1625;2305;555;2494;450;1455;2680;1455;4135;947;739;2639;2815;846;;;;;;
20190623;1160;1091;316;1407;414;865;1691;904;2595;711;469;1562;1696;555;;;;;;
20190624;4225;2848;1236;4952;908;3766;5342;3264;8606;1985;1135;6788;5810;2130;;;;;;
20190625;4422;3244;1297;6054;892;3960;5560;3611;9171;1991;1248;7138;6642;2347;;;;;;
20190626;4133;2703;1206;6507;844;3651;5214;3475;8689;1833;1344;6525;6836;2195;;;;;;
20190627;3900;2527;1292;5820;728;3542;5144;3187;8331;1668;1115;6371;6135;2106;;;;;;
20190628;3626;2910;1369;5440;773;3253;5266;3073;8339;1597;1198;5951;5905;1830;;;;;;
20190629;2018;3547;892;5418;692;2366;3807;2133;5940;1418;1205;3725;4685;1088;;;;;;
20190630;1782;3557;868;7208;685;1499;3311;1990;5301;1207;852;2778;5603;864;;;;;;
20190701;2980;1867;883;4725;547;2486;3792;2665;6457;1520;1003;5120;5051;1606;;;;;;
20190702;3682;2546;1073;4137;705;3020;5012;3112;8124;1947;1218;6504;5039;1905;;;;;;
20190703;3986;3106;1270;5727;935;3499;5594;3464;9058;2456;1422;6975;6392;2102;;;;;;
20190704;3897;2945;1205;5506;806;3151;5397;3353;8750;2081;1258;6792;6162;1963;;;;;;
20190705;3404;2834;1118;4499;811;2693;4741;2927;7668;1862;1229;5721;5203;1639;;;;;;
20190706;2018;3826;798;5827;608;1791;3742;1936;5678;1275;905;3208;4880;899;;;;;;
20190707;1400;2297;536;2258;649;1242;2646;1342;3988;1049;658;2109;2716;611;;;;;;
20190708;3405;2266;922;3738;600;2728;4536;2822;7358;1784;1026;5776;4729;1707;;;;;;
20190709;3691;2693;1040;4233;792;3027;4904;3139;8043;2069;1123;6320;5243;1842;;;;;;
20190710;3658;2732;973;4061;800;3002;4896;3022;7918;2062;1086;6100;5035;1825;;;;;;
20190711;3560;2815;1023;4228;790;2944;4788;2956;7744;1973;1764;6100;4962;1817;;;;;;
20190712;1618;1070;456;1437;271;1402;2404;1457;3861;740;661;2738;2141;964;;;;;;
20190713;686;642;195;616;154;692;1223;662;1885;349;337;1174;1032;420;;;;;;
20190714;1373;2701;417;2322;655;1283;2481;1344;3825;1196;1133;1990;2374;565;;;;;;
20190715;3565;2458;1030;4171;894;2857;4749;2901;7650;2116;1892;5778;4957;1663;;;;;;
20190716;3887;2738;1170;4821;868;2667;5126;3441;8567;2069;1846;6280;5543;1739;;;;;;
20190717;3870;2919;1128;5107;934;2597;5530;3332;8862;2093;1870;6374;5830;1800;;;;;;
20190718;3774;2616;1087;5044;785;2471;5177;3159;8336;1950;1742;6111;5750;1755;;;;;;
20190719;3127;2506;992;4783;647;2037;4941;2669;7610;1701;1517;5306;5046;1470;;;;;;
20190720;1781;3201;690;5222;657;1483;3705;1939;5644;1255;1230;2984;4339;870;;;;;;
20190721;1684;3134;755;3369;731;1323;3285;1660;4945;1296;1228;2445;3302;709;;;;;;
20190722;3895;2461;1147;4956;868;2374;4829;2997;7826;1913;1708;5849;5393;1657;;;;;;
20190723;4105;3113;1122;6358;866;2366;5335;3376;8711;2005;1788;6252;6397;1771;;;;;;
20190724;3978;2788;1180;6365;864;2435;5240;3331;8571;1952;1746;6007;6399;1781;;;;;;
20190725;3871;2728;1048;6076;652;2120;5003;3316;8319;1849;1653;5995;6201;1669;;;;;;
20190726;3385;2684;970;5950;633;1836;4712;2807;7519;1575;1405;5358;5745;1421;;;;;;
20190727;1322;1292;401;1471;268;935;2230;1128;3358;636;626;2247;1807;530;;;;;;
20190728;1768;2305;495;2387;620;1015;2993;1482;4475;996;945;2431;2715;643;;;;;;
20190729;3306;1785;921;3555;622;2032;4238;2663;6901;1562;1398;5173;4253;1429;;;;;;
20190730;3800;2812;1029;4803;867;2313;4912;3163;8075;1901;1699;5844;5484;1643;;;;;;
20190731;3570;2355;971;4226;782;2148;4577;2727;7304;1543;1377;5508;4947;1520;;;;;;
20190801;3844;2930;1165;5487;804;2182;4988;2970;7958;1656;1421;5851;5659;1553;;;;;;
20190802;3006;2168;909;3452;601;1881;4174;2300;6474;1414;1156;4865;4166;1299;;;;;;
20190803;1535;1737;578;2324;418;1093;2578;1292;3870;851;648;2380;2277;656;;;;;;
20190804;2207;4189;949;5467;1242;1321;4119;1978;6097;1742;904;3151;4603;779;;;;;;
20190805;3677;2549;1044;4638;854;2296;4742;3031;7773;1951;1350;5490;5135;1527;;;;;;
20190806;2948;1924;796;3451;557;1858;3894;2479;6373;1497;1112;4598;4010;1328;;;;;;
20190807;3642;2594;1075;4314;757;2214;4600;2799;7399;1910;1396;5516;5097;1593;;;;;;
20190808;3620;2770;1004;4662;848;2248;4830;3146;7976;1846;1351;5635;5189;1575;;;;;;
20190809;3315;2905;998;5414;758;2102;4667;2909;7576;1692;1247;4870;5366;1386;;;;;;
20190810;1756;3110;726;4578;574;1233;3244;1846;5090;1113;757;2861;3967;714;;;;;;
20190811;1948;3363;904;4947;833;1213;3603;1864;5467;1370;819;2594;4282;659;;;;;;
20190812;3057;2281;920;4457;612;1978;4223;2710;6933;1638;1201;4857;4840;1376;;;;;;
20190813;3160;2013;860;3512;566;1986;4209;2604;6813;1588;1193;5107;4303;1415;;;;;;
20190814;3014;1947;821;3127;568;2059;4190;2528;6718;1408;1143;4820;3978;1359;;;;;;
20190815;2027;3996;788;4878;955;1543;3773;1841;5614;1597;854;2936;4177;849;;;;;;
20190816;2075;1564;728;2496;475;1436;3502;1861;5363;1020;832;3229;3166;861;;;;;;
20190817;1967;2977;744;3524;750;1391;3643;1799;5442;1198;771;2779;3426;730;;;;;;
20190818;1846;3314;760;6060;781;1182;3443;1809;5252;1237;744;2523;5070;664;;;;;;
20190819;3409;2325;1055;4993;714;2032;4286;2914;7200;1806;1378;5272;5272;1577;;;;;;
20190820;3450;2430;1034;4508;801;2150;4701;2932;7633;1744;1379;5575;5289;1602;;;;;;
20190821;3115;1571;735;2926;589;2009;3951;2565;6516;1407;1188;5025;3978;1533;;;;;;
20190822;3320;2401;971;3555;697;2087;4438;2920;7358;1621;1373;5329;4438;1650;;;;;;
20190823;3216;2406;1022;4139;708;1982;4440;2697;7137;1668;1286;5049;4595;1439;;;;;;
20190824;2002;3012;810;4681;738;1358;3782;1929;5711;1425;884;3005;4283;882;;;;;;
20190825;1746;3047;747;3805;772;1176;3147;1617;4764;1274;771;2393;3555;721;;;;;;
20190826;3612;2109;934;4032;810;2324;4706;2925;7631;1786;1357;5611;5023;1660;;;;;;
20190827;3837;2624;1037;5143;838;2540;5171;3413;8584;1934;1467;6303;5849;1765;;;;;;
20190828;3805;2754;1015;5472;922;2554;5037;3291;8328;1933;1051;6125;6087;1902;;;;;;
20190829;3604;2137;1000;4762;803;2318;4672;3080;7752;1782;883;5890;5493;1848;;;;;;
20190830;3342;2233;927;4507;743;2218;4504;2710;7214;1718;804;5316;5078;1584;;;;;;
20190831;2181;3176;851;5792;674;1572;3743;2077;5820;1387;833;3175;5301;974;;;;;;
20190901;1823;3251;849;5107;769;1245;3511;1828;5339;1326;1132;2626;4918;920;;;;;;
20190902;1371;451;385;1023;214;872;1525;1002;2527;469;403;2131;2647;798;;;;;;
20190903;3820;2096;1089;3755;803;2413;4761;2891;7652;1770;1515;6154;4869;1990;;;;;;
20190904;4154;2679;1140;4581;937;2561;5122;3212;8334;1963;1677;6650;5534;2097;;;;;;
20190905;4144;2542;1152;4541;829;2496;5098;3288;8386;1955;1670;6338;5542;1965;;;;;;
20190906;2734;1342;662;2261;394;1710;3445;2201;5646;1148;984;4579;3196;1422;;;;;;
20190907;655;463;189;563;100;505;836;503;1339;237;203;958;1493;400;;;;;;
20190908;1653;2505;483;2493;665;1050;2721;1394;4115;1224;1045;2578;3111;720;;;;;;
20190909;2514;806;536;1772;314;1511;2733;1874;4607;938;797;3884;3763;1283;;;;;;
20190910;3676;1939;915;3334;690;2191;4669;2881;7550;1701;1456;5954;4524;1941;;;;;;
20190911;3898;2356;1130;3678;601;2414;4880;3029;7909;1906;1629;6355;5021;1955;;;;;;
20190912;3805;2295;1067;3414;737;2434;4963;3118;8081;1837;1566;6433;4898;1941;;;;;;
20190913;3534;2549;1087;3690;682;2180;4727;2848;7575;1673;1429;6006;4810;1918;;;;;;
20190914;2169;2263;636;2837;597;1512;3205;1854;5059;1226;1311;3413;3098;1032;;;;;;
20190915;2341;3617;886;4439;1083;1374;3536;2080;5616;1699;1701;3190;4265;843;;;;;;
20190916;3841;2301;1077;4093;761;2324;4644;2856;7500;1783;1569;6030;5113;1861;;;;;;
20190917;3550;1301;858;2854;515;2087;3902;2532;6434;1356;1196;5337;4100;1916;;;;;;
20190918;3819;1844;897;3242;681;2318;4333;2801;7134;1578;1392;5906;4439;1972;;;;;;
20190919;3507;1559;872;2966;530;2101;4094;2623;6717;1462;1287;5483;4190;1850;;;;;;
20190920;3127;1675;792;2764;623;1951;4018;2302;6320;1303;1145;4915;3824;1614;;;;;;
20190921;1724;2129;681;2381;529;1403;3142;1784;4926;1165;1262;2910;2972;1019;;;;;;
20190922;1669;2514;552;2644;633;1254;2982;1379;4361;1227;1082;2454;2946;737;;;;;;
20190923;3354;1400;847;2843;549;2031;3844;2543;6387;1450;1239;5288;3950;1793;;;;;;
20190924;3723;1732;949;3161;587;2157;4256;2927;7183;1456;1243;6124;4760;1930;;;;;;
20190925;3237;1126;710;2399;424;1892;3532;2355;5887;1219;1039;5379;3745;1620;;;;;;
20190926;3486;1633;825;2973;536;2046;4067;2685;6752;1340;1148;5453;4178;1834;;;;;;
20190927;3156;1876;839;2844;550;1935;4604;2556;7160;1234;1056;5341;3879;1696;;;;;;
20190928;1079;541;246;770;165;735;1551;927;2478;316;338;1660;1322;599;;;;;;
20190929;2032;3000;1038;2966;930;1476;3206;1748;4954;1436;1443;2779;3484;883;;;;;;
20190930;3123;1116;798;2297;441;1940;3636;2386;6022;1170;998;5013;3564;1742;;;;;;
20191001;4195;2399;1576;3733;765;2465;5070;3166;8236;1733;1522;6747;4935;2216;;;;;;
20191002;2156;590;616;1424;278;1154;2105;1419;3524;711;628;3429;2283;1262;;;;;;
20191003;2943;1056;668;2021;328;1716;3247;2127;5374;950;840;4966;3136;1577;;;;;;
20191004;2994;1487;706;2147;440;1652;3331;2137;5468;1139;1000;4902;3167;1571;;;;;;
20191005;842;263;192;439;112;582;900;664;1564;259;317;1203;889;417;;;;;;
20191006;1377;1638;408;1533;452;914;1938;1054;2992;914;876;1814;1947;609;;;;;;
20191007;2849;999;646;2040;388;1739;3265;2092;5357;999;879;4737;3089;1651;;;;;;
20191008;3207;1149;739;2296;420;1833;3556;2436;5992;1115;979;5178;3330;1761;;;;;;
20191009;2838;898;708;1938;363;1528;3029;2063;5092;892;785;4581;2969;1606;;;;;;
20191010;3125;1101;692;2171;409;1794;3475;2332;5807;1093;960;5180;3338;1752;;;;;;
20191011;3147;1739;841;2719;594;1848;3767;2444;6211;1283;1130;5043;3671;1692;;;;;;
20191012;1539;1518;455;1838;382;1201;2375;1443;3818;823;1008;2504;2850;875;;;;;;
20191013;1418;1685;459;1688;362;942;2105;1068;3173;772;740;2059;2123;603;;;;;;
20191014;3156;1137;758;2252;475;1856;3470;2367;5837;1225;1077;4989;3415;1796;;;;;;
20191015;3652;1465;795;2819;547;2073;3928;2687;6615;1317;1161;5821;3926;2013;;;;;;
20191016;2613;900;608;1782;359;1565;2856;1931;4787;909;802;4336;3022;1504;;;;;;
20191017;3297;1361;814;2379;497;1894;3640;2431;6071;1224;1078;5203;3572;1797;;;;;;
20191018;2990;1201;759;2235;562;1821;3236;2283;5519;1174;1030;4731;3253;1611;;;;;;
20191019;1267;976;350;1070;225;1064;2028;1273;3301;587;719;2199;1629;789;;;;;;
20191020;1493;1419;451;1664;437;984;2035;1115;3150;863;825;1983;2533;661;;;;;;
20191021;3271;1474;818;2502;544;1986;3711;2520;6231;1349;1187;5283;3586;1843;;;;;;
20191022;3625;1339;834;2625;580;2016;3930;2671;6601;1408;1242;5706;3686;1955;;;;;;
20191023;3464;1196;775;2492;476;2038;3897;2771;6668;1237;1084;5620;3784;1820;;;;;;
20191024;3628;1582;874;2905;645;2143;4418;2868;7286;1476;1296;5894;4077;1940;;;;;;
20191025;3201;1529;788;2443;517;1841;3980;2497;6477;1228;1079;5186;3515;1744;;;;;;
20191026;1616;2122;590;2311;612;1232;3559;1693;5252;1145;1102;2531;2897;796;;;;;;
20191027;1782;2555;642;2627;866;1301;3073;1591;4664;1422;1368;2455;2791;784;;;;;;
20191028;1987;364;384;1096;195;1091;2011;1519;3530;516;455;3144;1926;1006;;;;;;
20191029;2279;578;468;1366;276;1333;2679;1849;4528;640;564;3919;2210;1244;;;;;;
20191030;2209;533;453;1404;237;1262;2420;1647;4067;718;631;3780;2233;1196;;;;;;
20191031;2010;529;453;1263;228;1213;2134;1460;3594;586;512;3296;2003;1111;;;;;;
20191101;857;744;264;902;211;697;1373;861;2234;477;381;1369;1251;434;;;;;;
20191102;894;570;298;723;217;793;1475;915;2390;477;498;1657;1157;565;;;;;;
20191103;1112;1190;277;1088;342;781;1698;908;2606;605;483;1560;1482;530;;;;;;
20191104;2354;683;566;1573;310;1365;2460;1779;4239;851;644;3701;2559;1265;;;;;;
20191105;1546;301;335;794;167;757;1465;1055;2520;400;303;2204;1486;810;;;;;;
20191106;2746;872;639;1875;394;1608;3226;2297;5523;999;754;4691;3058;1535;;;;;;
20191107;2788;785;635;1825;354;1646;2800;2200;5000;923;699;4444;2956;1574;;;;;;
20191108;2349;605;522;1566;302;1428;2519;1796;4315;737;556;3680;2472;1365;;;;;;
20191109;808;240;206;481;103;670;1080;690;1770;264;271;1239;937;566;;;;;;
20191110;973;752;232;825;231;756;1289;800;2089;517;412;1317;1370;525;;;;;;
20191111;2353;651;505;1610;295;1436;2345;1769;4114;791;592;3617;2436;1384;;;;;;
20191112;1645;354;373;911;186;889;1390;1167;2557;467;355;2483;1584;1030;;;;;;
20191113;1529;232;368;780;162;773;1313;981;2294;352;262;2243;1526;894;;;;;;
20191114;2389;643;552;1479;252;1294;2420;1691;4111;719;544;3681;2325;1295;;;;;;
20191115;1823;495;394;1236;250;1175;2094;1500;3594;633;477;2955;2056;1060;;;;;;
20191116;1050;617;316;795;198;844;1488;949;2437;478;501;1665;1262;703;;;;;;
20191117;1051;865;341;1006;302;886;1572;967;2539;603;484;1477;1543;469;;;;;;
20191118;2216;550;532;1416;281;1201;2220;1602;3822;672;502;3350;2292;1179;;;;;;
20191119;2620;736;621;1686;324;1559;2724;1860;4584;928;697;4226;2809;1454;;;;;;
20191120;1816;364;448;1070;180;1035;1627;1289;2916;548;411;2818;1964;1121;;;;;;
20191121;2008;453;478;1085;224;1165;2168;1658;3826;577;434;3298;2047;1125;;;;;;
20191122;2210;720;523;1423;290;1329;2261;1645;3906;781;590;3511;2220;1200;;;;;;
20191123;1078;482;241;657;191;778;1296;902;2198;429;449;1520;1056;641;;;;;;
20191124;1000;806;257;803;209;715;1370;765;2135;493;393;1357;1277;478;;;;;;
20191125;2310;603;476;1368;278;1235;2264;1546;3810;705;530;3641;2264;1293;;;;;;
20191126;2410;635;505;1618;280;1328;2404;1777;4181;766;581;4159;2500;1389;;;;;;
20191127;2302;529;473;1333;253;1239;2372;1609;3981;665;495;3570;2258;1303;;;;;;
20191128;2110;482;461;1226;231;1199;2185;1518;3703;638;373;3333;2113;1269;;;;;;
20191129;2106;590;421;1320;234;1233;2226;1486;3712;648;477;3264;2088;1194;;;;;;
20191130;1033;525;206;665;152;744;1328;799;2127;435;373;1579;1143;682;;;;;;
20191201;793;500;164;527;142;563;1067;767;1834;311;223;1120;919;373;;;;;;
20191202;1606;298;327;904;181;869;1533;1062;2595;430;321;2538;1600;959;;;;;;
20191203;1946;496;438;1214;208;1095;1973;1344;3317;571;382;3081;1975;1110;;;;;;
20191204;1999;486;455;1156;211;1183;2008;1453;3461;538;432;3024;2067;1145;;;;;;
20191205;1829;407;357;1027;201;1032;1808;1292;3100;500;382;2909;1750;1086;;;;;;
20191206;1519;347;367;848;162;860;1600;1102;2702;468;319;2410;1449;904;;;;;;
20191207;770;317;172;505;119;622;913;674;1587;290;266;1255;804;485;;;;;;
20191208;827;928;257;844;204;655;1257;661;1918;554;322;1229;1179;497;;;;;;
20191209;1779;437;406;1029;198;1001;1825;1238;3063;566;354;2894;1848;1080;;;;;;
20191210;2067;540;457;1265;231;1175;2279;1443;3722;644;466;3400;2144;1255;;;;;;
20191211;1972;521;429;1161;196;1164;1989;1429;3418;626;417;3103;1903;1223;;;;;;
20191212;1704;336;357;877;147;911;1523;1183;2706;493;341;2559;1578;1045;;;;;;
20191213;1398;291;275;806;132;880;1521;1089;2610;399;333;2262;1494;916;;;;;;
20191214;822;365;187;475;157;673;1098;670;1768;321;307;1294;829;600;;;;;;
20191215;818;630;163;613;136;613;1021;632;1653;342;242;1167;1075;448;;;;;;
20191216;2225;434;392;1141;221;1057;2001;1305;3306;554;379;3048;1941;1175;;;;;;
20191217;2395;480;432;1256;229;1107;2219;1428;3647;568;393;3303;2103;1189;;;;;;
20191218;2626;552;437;1428;269;1234;2373;1585;3958;666;472;3562;2380;1260;;;;;;
20191219;2569;509;380;1268;239;1140;2140;1481;3621;662;419;3254;2263;1172;;;;;;
20191220;2105;597;373;1119;215;1149;2126;1328;3454;629;459;3031;2027;1104;;;;;;
20191221;505;238;155;296;97;329;565;390;955;188;205;783;757;364;;;;;;
20191222;528;304;171;392;92;368;714;440;1154;230;144;787;748;315;;;;;;
20191223;482;117;133;261;63;289;498;358;856;151;122;741;1301;287;;;;;;
20191224;408;351;191;374;97;265;502;274;776;232;128;599;625;214;;;;;;
20191225;327;272;131;319;98;164;451;213;664;171;75;395;439;107;;;;;;
20191226;400;425;153;375;122;251;570;276;846;204;153;520;527;139;;;;;;
20191227;663;426;214;523;164;503;907;499;1406;356;196;1043;849;346;;;;;;
20191228;455;273;132;285;70;330;558;359;917;130;120;663;486;242;;;;;;
20191229;376;244;98;294;83;298;541;280;821;175;196;493;493;203;;;;;;
20191230;676;270;218;542;134;490;876;502;1378;286;202;1041;842;406;;;;;;
20191231;530;485;250;508;105;363;800;474;1274;262;157;839;805;298;;;;;;
20180101;286;290;115;320;67;242;538;304;842;157;177;474;556;150;;;;;;
20180102;716;405;229;738;114;554;888;645;1533;371;337;1252;1079;482;;;;;;
20180103;680;177;210;489;68;391;657;511;1168;197;234;1046;831;415;;;;;;
20180104;921;432;268;804;123;679;1165;737;1902;371;418;1703;1252;601;;;;;;
20180105;961;497;261;868;135;738;1276;761;2037;433;490;1615;1317;640;;;;;;
20180106;494;644;175;635;140;498;780;499;1279;329;346;983;904;265;;;;;;
20180107;511;493;145;544;112;447;792;462;1254;311;283;861;796;360;;;;;;
20180108;1226;312;263;774;106;675;1077;743;1820;389;378;1857;1309;768;;;;;;
20180109;1596;454;333;1046;151;950;1548;1106;2654;482;585;2556;1729;1002;;;;;;
20180110;1038;198;138;589;77;589;815;633;1448;267;325;1612;1074;645;;;;;;
20180111;1651;561;344;1130;172;1027;1785;1198;2983;501;630;2667;1817;1129;;;;;;
20180112;1339;428;297;916;131;900;1411;979;2390;450;516;2222;1432;914;;;;;;
20180113;427;136;104;265;40;548;613;425;1038;133;235;791;532;366;;;;;;
20180114;257;127;69;190;31;235;323;244;567;103;165;450;390;227;;;;;;
20180115;1339;368;304;799;117;710;1191;939;2130;327;415;2187;1353;774;;;;;;
20180116;1304;294;246;753;102;746;1068;834;1902;274;416;2072;1385;825;;;;;;
20180117;1460;331;287;860;116;775;1185;972;2157;342;480;2179;1483;888;;;;;;
20180118;1398;368;301;953;133;858;1346;1032;2378;366;526;2337;1542;925;;;;;;
20180119;1071;324;270;708;101;760;1001;787;1788;315;411;1693;1158;635;;;;;;
20180120;561;324;194;429;80;587;808;515;1323;229;367;960;739;400;;;;;;
20180121;394;216;80;310;53;343;490;343;833;131;182;666;504;262;;;;;;
20180122;1359;368;284;910;123;802;1275;890;2165;370;447;2130;1410;936;;;;;;
20180123;1409;329;229;898;121;805;1326;1012;2338;372;469;2245;1454;931;;;;;;
20180124;1502;379;314;912;130;865;1411;1014;2425;435;553;2370;1540;934;;;;;;
20180125;1550;466;309;1052;154;1000;1639;1188;2827;470;586;2580;1689;1024;;;;;;
20180126;1388;370;260;823;120;833;1019;785;1804;435;545;2045;1439;849;;;;;;
20180127;533;329;143;449;84;534;742;500;1242;204;353;939;840;464;;;;;;
20180128;532;645;130;530;125;494;780;512;1292;292;374;849;861;330;;;;;;
20180129;1676;690;435;1270;197;1148;1745;1141;2886;620;684;2734;1870;1104;;;;;;
20180130;1604;565;312;1076;164;1091;1742;1165;2907;517;634;2698;1823;1033;;;;;;
20180131;1719;699;348;1188;188;1146;1813;1203;3016;609;658;2708;1844;1099;;;;;;
20180201;1412;345;277;929;174;983;1349;1034;2383;425;512;2269;1458;907;;;;;;
20180202;1291;324;263;879;163;815;1642;956;2598;345;564;2188;1402;907;;;;;;
20180203;522;352;144;426;135;543;720;431;1151;225;335;952;736;379;;;;;;
20180204;516;479;121;519;165;449;684;432;1116;283;296;733;725;258;;;;;;
20180205;1176;329;234;842;165;767;1097;957;2054;346;449;1936;1236;725;;;;;;
20180206;1196;297;230;756;147;703;934;975;1909;296;432;1944;1199;671;;;;;;
20180207;664;159;149;402;79;380;428;512;940;179;205;952;726;388;;;;;;
20180208;798;140;189;465;67;518;628;732;1360;174;283;1310;835;524;;;;;;
20180209;926;263;219;612;135;601;764;738;1502;296;344;1453;980;538;;;;;;
20180210;392;192;96;302;74;381;505;365;870;140;218;682;545;322;;;;;;
20180211;479;535;125;529;181;433;681;392;1073;272;270;819;715;305;;;;;;
20180212;1291;366;296;816;184;736;1177;807;1984;387;391;1999;1273;781;;;;;;
20180213;1206;283;281;861;143;759;1089;871;1960;372;424;1980;1352;815;;;;;;
20180214;1444;344;290;865;171;876;1225;894;2119;414;444;2034;1407;821;;;;;;
20180215;1442;453;332;955;228;896;1340;973;2313;455;521;2234;1497;875;;;;;;
20180216;944;226;207;566;115;638;906;659;1565;269;385;1496;996;556;;;;;;
20180217;472;249;104;311;99;433;549;410;959;197;287;812;614;344;;;;;;
20180218;463;278;93;348;95;348;616;381;997;182;224;663;609;263;;;;;;
20180219;1403;502;310;954;247;855;1366;936;2302;405;507;2149;1512;893;;;;;;
20180220;668;160;146;379;79;367;533;436;969;145;195;1021;680;370;;;;;;
20180221;767;184;171;455;95;444;695;575;1270;178;253;1221;872;526;;;;;;
20180222;949;210;180;537;104;531;817;659;1476;228;314;1541;1030;604;;;;;;
20180223;887;186;209;468;98;545;742;578;1320;219;267;1251;890;509;;;;;;
20180224;424;223;118;281;85;407;549;327;876;139;212;699;485;300;;;;;;
20180225;287;124;77;196;45;215;343;227;570;94;150;447;367;184;;;;;;
20180226;887;154;158;431;78;426;610;502;1112;180;235;1243;839;517;;;;;;
20180227;813;173;173;411;90;395;585;484;1069;157;248;1139;779;451;;;;;;
20180228;837;140;141;385;70;408;609;481;1090;165;264;1111;765;457;;;;;;
20180301;840;182;176;421;91;405;630;521;1151;168;266;1162;731;506;;;;;;
20180302;584;121;135;343;63;319;442;326;768;134;215;859;594;367;;;;;;
20180303;299;95;83;219;27;258;367;246;613;144;148;523;407;222;;;;;;
20180304;330;246;92;343;93;302;467;276;743;142;154;578;524;241;;;;;;
20180305;1154;218;207;627;107;585;944;740;1684;271;391;1779;1066;679;;;;;;
20180306;834;203;159;489;99;459;684;591;1275;206;238;1315;864;498;;;;;;
20180307;1456;395;274;886;202;899;1428;1140;2568;430;564;2351;1446;930;;;;;;
20180308;1737;524;333;1190;268;1101;1703;1333;3036;577;709;2682;1797;1027;;;;;;
20180309;1634;533;366;1136;270;1066;1638;1312;2950;551;645;2630;1732;1025;;;;;;
20180310;1029;1281;312;1384;391;906;1693;1124;2817;708;703;1670;1720;760;;;;;;
20180311;1023;1776;399;1819;677;827;1791;1099;2890;875;743;1554;1984;606;;;;;;
20180312;1795;502;389;1198;247;1034;1688;1282;2970;557;616;2754;1869;1186;;;;;;
20180313;2211;1097;477;1774;558;1547;2569;1754;4323;873;1040;3685;2544;1433;;;;;;
20180314;1882;529;350;1293;267;1213;1803;1393;3196;593;677;2918;1956;1202;;;;;;
20180315;1880;602;358;1236;299;1141;1900;1482;3382;491;637;3002;1840;1150;;;;;;
20180316;931;242;153;542;125;628;849;675;1524;227;320;1523;936;616;;;;;;
20180317;436;157;107;257;50;348;526;363;889;148;200;766;520;328;;;;;;
20180318;333;111;83;258;39;296;414;287;701;106;154;484;446;246;;;;;;
20180319;1164;252;270;687;129;641;1026;794;1820;292;372;1910;1118;734;;;;;;
20180320;1264;274;241;649;138;572;992;746;1738;270;355;1845;1134;742;;;;;;
20180321;1363;375;270;921;189;841;1446;1136;2582;385;532;2399;1438;924;;;;;;
20180322;1790;615;332;1241;312;1037;1830;1351;3181;524;675;2835;1790;1081;;;;;;
20180323;1451;399;299;950;201;907;1427;1035;2462;424;515;2310;1511;903;;;;;;
20180324;828;927;281;961;281;847;1246;971;2217;622;616;1432;1310;599;;;;;;
20180325;630;776;197;772;294;585;904;710;1614;572;541;1025;1027;398;;;;;;
20180326;1376;694;364;1264;349;1032;1736;1406;3142;555;604;2350;1758;937;;;;;;
20180327;1254;449;294;998;228;818;1549;1113;2662;443;504;2032;1462;822;;;;;;
20180328;1517;551;312;1114;278;1005;1520;1334;2854;594;640;2354;1602;857;;;;;;
20180329;1336;473;293;1043;241;821;1435;1232;2667;471;560;2141;1518;801;;;;;;
20180330;1180;844;300;1157;422;871;1499;1035;2534;591;566;1848;1608;659;;;;;;
20180331;617;850;259;828;260;639;1129;760;1889;476;631;1134;1120;450;;;;;;
20180401;471;363;186;522;129;304;757;466;1223;367;367;733;776;277;;;;;;
20180402;833;1426;379;1489;425;718;1433;863;2296;914;739;1321;1570;390;;;;;;
20180403;2284;1719;594;2553;528;1663;2968;1885;4853;1232;1206;3778;3236;1382;;;;;;
20180404;2793;1642;641;2693;533;1937;3299;2235;5534;1367;1288;4421;3667;1661;;;;;;
20180405;2440;851;482;1959;347;1666;2729;1818;4547;893;972;3925;2809;1449;;;;;;
20180406;2476;1263;600;2313;443;1746;3160;1929;5089;1141;1204;3952;3204;1498;;;;;;
20180407;1523;2166;476;2264;547;1282;2930;1460;4390;1201;1019;2560;2642;912;;;;;;
20180408;1591;2422;626;2701;741;1246;3073;1445;4518;1388;1234;2465;2989;853;;;;;;
20180409;3360;1747;806;3222;614;2221;4323;2634;6957;1431;1616;5541;4338;1933;;;;;;
20180410;3390;1696;831;3138;595;2350;4032;2665;6697;1410;1660;5668;4145;1948;;;;;;
20180411;3500;1928;865;3425;657;2472;4738;2848;7586;1561;1733;5852;4413;2066;;;;;;
20180412;3360;1748;869;3227;613;2404;4428;2883;7311;1515;1750;5761;4255;1966;;;;;;
20180413;3081;1637;861;3005;571;2296;4622;2779;7401;1415;1721;5337;4094;1832;;;;;;
20180414;2109;2934;842;3679;816;1821;4774;2389;7163;1556;1799;4040;3874;1417;;;;;;
20180415;1975;2870;856;3368;909;1506;5251;2394;7645;1745;1678;3749;3612;1373;;;;;;
20180416;2415;707;511;1761;302;1641;2983;1910;4893;882;1028;4035;2768;1510;;;;;;
20180417;3453;1689;815;3181;601;2525;4614;2914;7528;1525;1650;6070;4395;2096;;;;;;
20180418;3857;2253;976;4195;794;2810;5431;3091;8522;1846;1953;6448;5408;2221;;;;;;
20180419;4019;2372;1053;4355;831;2838;5835;3292;9127;1888;2103;6778;5417;2301;;;;;;
20180420;3766;2310;1028;4624;856;2808;5363;3102;8465;1845;2073;6334;5549;2059;;;;;;
20180421;2174;3559;850;5487;1117;2058;4911;2412;7323;1795;1837;4140;5573;1274;;;;;;
20180422;2249;4195;991;5480;1413;1985;3635;2222;5857;1632;1944;3336;5021;1170;;;;;;
20180423;3342;1527;849;3380;608;2315;4370;2555;6925;1679;1697;5409;4383;1925;;;;;;
20180424;3695;1897;893;3480;660;2681;4788;2898;7686;1501;1781;6297;4640;2197;;;;;;
20180425;4300;2718;1105;4876;938;3046;5629;3577;9206;2132;2211;7199;5977;2481;;;;;;
20180426;1589;486;309;1113;198;1169;1835;1244;3079;489;619;2740;1915;1077;;;;;;
20180427;3305;1946;876;3436;661;2401;4489;2619;7108;1515;1766;5500;4262;1912;;;;;;
20180428;2011;3039;826;4159;895;1991;3843;2027;5870;1607;1750;3566;4089;1257;;;;;;
20180429;2048;4168;881;6811;1603;1727;4401;2275;6676;2132;1751;3518;5596;1014;;;;;;
20180430;3037;2290;927;3977;770;2277;4903;2936;7839;1723;1870;5172;4544;1638;;;;;;
20180501;2265;4489;1314;5715;1182;1952;4742;2503;7245;2045;1876;3821;5399;1302;;;;;;
20180502;3641;1750;839;3563;643;2643;4521;2883;7404;1590;1819;6113;4596;2156;;;;;;
20180503;4056;2302;943;4270;662;2806;5544;3330;8874;1836;2071;7165;5375;2355;;;;;;
20180504;3603;2073;821;3544;601;2685;4777;2658;7435;1691;1777;6055;4696;2041;;;;;;
20180505;2063;2831;968;3460;796;2055;4303;1679;5982;1462;1570;3711;3814;1267;;;;;;
20180506;2250;4304;1228;5425;1402;1955;4850;1724;6574;2255;1757;3594;5056;1126;;;;;;
20180507;4125;2474;949;4842;961;2928;5543;3089;8632;2054;2087;6744;5768;2222;;;;;;
20180508;3716;1775;795;3316;634;2505;4437;2580;7017;1557;1723;5975;4475;2072;;;;;;
20180509;3732;2025;877;3757;694;2736;5088;2939;8027;1602;1898;6346;4784;2208;;;;;;
20180510;2032;4234;1191;4770;1147;1817;3736;2011;5747;1851;1678;3431;4411;1118;;;;;;
20180511;2857;2143;771;3251;608;2255;4836;2632;7468;1467;1689;4964;4029;1676;;;;;;
20180512;2074;3061;1035;3997;768;1812;4131;2160;6291;1601;1693;3623;4207;1196;;;;;;
20180513;2105;3779;1104;5200;1101;1761;4075;2001;6076;1745;1570;3199;4825;1029;;;;;;
20180514;3650;1808;806;3789;666;2668;5005;3121;8126;1661;1726;6280;4785;2247;;;;;;
20180515;1243;322;195;719;110;713;1165;929;2094;355;408;1908;1173;818;;;;;;
20180516;2680;1297;623;2546;413;2028;3808;2380;6188;1125;1349;5052;3493;1870;;;;;;
20180517;2637;935;531;2187;368;1781;3219;2159;5378;949;1135;4529;3063;1778;;;;;;
20180518;2937;1606;688;2652;452;2038;3753;2345;6098;1147;1476;4718;3427;1788;;;;;;
20180519;1662;2458;843;2570;769;1686;3175;1676;4851;1347;1630;3104;2856;994;;;;;;
20180520;1892;4015;1216;4710;1085;1645;3837;1857;5694;1910;1725;3130;4015;960;;;;;;
20180521;1944;4043;1150;4847;1266;1661;3867;1830;5697;1952;1626;3304;4403;987;;;;;;
20180522;3594;2369;893;4044;744;2698;4562;3032;7594;1773;1949;6063;5084;2024;;;;;;
20180523;4013;2345;914;4225;825;2954;5230;3438;8668;2008;1994;6947;5266;2467;;;;;;
20180524;3411;1811;781;3061;543;2493;4346;2747;7093;1338;1678;5645;4083;2160;;;;;;
20180525;1925;902;437;1679;233;1296;2739;1635;4374;574;938;3140;2452;1204;;;;;;
20180526;2344;3535;1106;4830;939;2160;4530;2467;6997;1680;1805;4035;4778;1388;;;;;;
20180527;2210;4704;1219;7384;1162;1762;4454;2273;6727;1844;1725;3629;6299;1105;;;;;;
20180528;4110;2319;912;4592;838;2958;5408;3369;8777;1952;1946;6768;5665;2377;;;;;;
20180529;4004;2488;921;4574;846;2943;5357;3303;8660;1855;1988;7063;5528;2450;;;;;;
20180530;3790;2145;944;4119;808;2874;5185;3223;8408;1876;2044;6507;5069;2344;;;;;;
20180531;2283;4633;1322;7548;1162;1986;4243;2231;6474;2076;1877;3772;6236;1133;;;;;;
20180601;2831;1954;689;3250;609;2224;4593;2340;6933;1381;1671;4960;3924;1404;;;;;;
20180602;2019;2806;899;3581;665;1563;3966;1830;5796;1420;1447;3557;3620;1098;;;;;;
20180603;2153;3933;1026;5715;1134;1641;4100;1971;6071;1587;1560;3288;5194;953;;;;;;
20180604;3950;2373;989;4754;888;2953;5411;3207;8618;1974;2217;6616;5634;2319;;;;;;
20180605;4256;2668;1035;5161;891;3071;6034;3570;9604;2067;2305;7225;5970;2497;;;;;;
20180606;3601;1737;826;3574;686;2738;4525;3026;7551;1643;2062;6106;4651;2331;;;;;;
20180607;3558;1843;740;3623;593;2556;4775;3027;7802;1479;1921;6063;4586;2173;;;;;;
20180608;3655;2532;905;4400;710;2712;5171;3029;8200;1803;2044;5936;5105;2152;;;;;;
20180609;2262;2884;964;3931;671;2126;3892;2282;6174;1522;1964;3654;3996;1270;;;;;;
20180610;2035;3606;1025;5465;970;1742;3828;1999;5827;1585;1654;3121;4910;1069;;;;;;
20180611;4040;2619;1001;5721;952;2888;5469;3383;8852;2004;2170;6804;6271;2257;;;;;;
20180612;3465;1789;669;3447;593;2330;4013;2763;6776;1338;1750;5379;4300;2029;;;;;;
20180613;2876;1246;589;2517;473;2229;3670;2326;5996;1165;1674;5002;3300;1889;;;;;;
20180614;3064;1611;641;2766;466;2307;3981;2581;6562;1283;1732;5248;3782;1963;;;;;;
20180615;3324;2054;788;3237;583;2330;4324;2829;7153;1580;1757;5400;4193;1999;;;;;;
20180616;1990;2785;859;3257;700;1800;3406;1959;5365;1358;1657;3541;3424;1249;;;;;;
20180617;1957;4134;1069;5676;1016;1744;3802;2032;5834;1659;1660;3120;4918;1085;;;;;;
20180618;3815;2267;888;4230;778;2826;5093;3236;8329;1765;2129;6418;5285;2213;;;;;;
20180619;4533;2757;1026;5433;856;3101;5739;3243;8982;2046;2329;7302;6189;2527;;;;;;
20180620;4307;2870;1092;6193;883;3113;5806;3552;9358;2176;2341;7261;6692;2391;;;;;;
20180621;3884;2788;933;6292;778;2842;5446;3361;8807;1865;2139;6589;6474;2328;;;;;;
20180622;2717;1536;559;2612;397;1963;3410;2120;5530;1109;1476;4541;3491;1614;;;;;;
20180623;1487;1859;513;2044;439;1455;2297;1328;3625;813;1346;2488;2365;972;;;;;;
20180624;1396;2183;623;2137;545;1204;2325;1281;3606;961;1148;2278;2577;717;;;;;;
20180625;2974;1506;657;3056;511;2037;3806;2074;5880;1310;1535;5088;3720;1817;;;;;;
20180626;3055;1824;679;2963;555;2094;3662;2311;5973;1365;1571;5103;3604;1787;;;;;;
20180627;2801;1399;577;2642;476;1960;3187;2101;5288;1158;1475;4390;3207;1680;;;;;;
20180628;1519;834;262;1469;180;1124;2083;1331;3414;522;843;2766;1779;1055;;;;;;
20180629;2535;1472;457;2675;424;1856;3331;1995;5326;912;1405;4136;3256;1477;;;;;;
20180630;1736;2339;789;2636;628;1839;3510;1804;5314;1245;1564;3049;3051;1020;;;;;;
20180701;1701;3519;694;3515;955;1559;3016;1564;4580;1613;1359;2653;3426;827;;;;;;
20180702;3429;2549;1079;4548;829;2732;4635;2980;7615;1973;2065;5687;5175;1942;;;;;;
20180703;3779;2871;1137;5615;854;3010;5191;3188;8379;2257;2275;6422;5992;2121;;;;;;
20180704;3713;2877;1211;5777;883;2852;5371;3168;8539;2050;2150;6268;6128;2102;;;;;;
20180705;3413;2835;970;5770;762;2740;5093;2926;8019;1941;2074;5797;5943;1939;;;;;;
20180706;2164;1235;621;2212;388;1661;2861;1746;4607;998;1254;3525;2911;1144;;;;;;
20180707;1643;2924;624;4111;651;1549;3076;1598;4674;1393;1375;2590;3686;827;;;;;;
20180708;1480;2771;687;2973;731;1395;2794;1347;4141;1380;1222;2324;2853;643;;;;;;
20180709;3252;2515;990;4863;831;2396;4622;2742;7364;1996;1810;5318;5349;1658;;;;;;
20180710;2532;1505;756;2822;529;1761;2783;1952;4735;1270;1329;4128;3378;1431;;;;;;
20180711;2517;1324;681;2494;432;1949;3297;2116;5413;1149;1471;4145;3384;1455;;;;;;
20180712;3291;3004;978;4549;784;2504;4651;2802;7453;1944;1890;5400;5040;1699;;;;;;
20180713;2766;2377;875;4125;661;2101;4055;2299;6354;1642;1589;4354;4497;1440;;;;;;
20180714;1587;2651;766;4738;600;1551;3269;1639;4908;1215;1378;2813;4097;822;;;;;;
20180715;1690;3278;879;5935;731;1545;3438;1745;5183;1430;1350;2773;4906;799;;;;;;
20180716;3099;2236;969;3959;732;2178;4023;2518;6541;1665;1646;4841;4481;1578;;;;;;
20180717;3016;2044;792;3528;659;2223;3903;2421;6324;1549;1453;4875;4240;1543;;;;;;
20180718;2821;1821;711;3135;520;2076;3791;2392;6183;1573;1398;4630;3890;1561;;;;;;
20180719;3179;2594;923;4520;822;2374;4580;2661;7241;1767;1702;5280;4991;1602;;;;;;
20180720;2915;2979;1095;5588;752;2131;4465;2613;7078;1648;1547;4685;5636;1386;;;;;;
20180721;1229;2317;559;2638;468;1234;2366;1240;3606;1012;927;1998;2548;623;;;;;;
20180722;1071;1544;414;1764;380;911;1993;879;2872;712;686;1634;1855;452;;;;;;
20180723;1831;1471;514;2285;382;1347;2539;1417;3956;958;904;2791;2624;942;;;;;;
20180724;3540;3168;1222;5885;925;2499;4903;2973;7876;2091;1763;5602;5974;1827;;;;;;
20180725;3479;2695;1040;5347;791;2380;4686;2748;7434;1902;1648;5243;5511;1708;;;;;;
20180726;2966;2275;909;3857;548;2053;3910;2419;6329;1513;1441;4878;4351;1599;;;;;;
20180727;2909;2595;870;4853;685;2099;4326;2501;6827;1600;1591;4785;4694;1547;;;;;;
20180728;1741;2897;737;5719;536;1334;3220;1945;5165;1189;1226;2848;4649;806;;;;;;
20180729;1728;3375;813;6402;631;1268;3408;1889;5297;1305;1236;2805;5060;721;;;;;;
20180730;3182;2619;1088;5747;772;2209;4413;2576;6989;1749;1559;5017;5666;1603;;;;;;
20180731;3446;2997;1054;6640;714;2333;4673;2923;7596;1894;1703;5127;6442;1759;;;;;;
20180801;3224;2670;1099;6321;629;2322;4554;3056;7610;1736;1579;5025;6124;1668;;;;;;
20180802;3045;2105;914;4552;580;2043;3788;2446;6234;1449;1385;4593;4749;1510;;;;;;
20180803;2838;2501;1000;5681;621;1923;4060;2509;6569;1427;1344;4254;5381;1391;;;;;;
20180804;1520;2743;726;5590;506;1239;3100;1644;4744;1110;1086;2502;4325;729;;;;;;
20180805;1530;2896;741;4792;573;1214;2859;1447;4306;1057;940;2095;4014;701;;;;;;
20180806;3226;2363;1050;5322;664;2239;4399;2757;7156;1757;1441;4729;5492;1528;;;;;;
20180807;3270;2378;1002;4729;630;2195;4100;2748;6848;1671;1531;4795;5176;1609;;;;;;
20180808;3216;2645;1026;5969;692;2101;4494;2860;7354;1745;1555;4964;5795;1624;;;;;;
20180809;3006;2707;916;5989;539;2002;4305;2792;7097;1579;1438;4621;5557;1449;;;;;;
20180810;2331;1834;776;3137;427;1603;3177;1910;5087;1205;1112;3616;3452;1119;;;;;;
20180811;1507;2409;620;3274;548;1247;3037;1481;4518;1125;1104;2529;3156;684;;;;;;
20180812;1541;3968;828;5720;788;1277;3324;1604;4928;1426;1284;2497;4471;684;;;;;;
20180813;2873;2625;1037;5372;732;2078;3916;2585;6501;1719;1518;4416;5341;1465;;;;;;
20180814;2288;1474;731;2533;419;1745;3035;1837;4872;1135;1106;3540;3325;1245;;;;;;
20180815;1714;3808;842;5006;931;1480;3360;1717;5077;1592;1355;2856;4479;826;;;;;;
20180816;2844;2724;1008;4708;696;2139;4096;2511;6607;1633;1533;4487;4868;1418;;;;;;
20180817;2562;2635;913;4849;629;1983;4209;2529;6738;1636;1448;4111;4984;1325;;;;;;
20180818;1607;3133;743;4945;619;1424;3299;1690;4989;1276;1279;2772;4294;819;;;;;;
20180819;1677;3750;821;6025;739;1290;3150;1655;4805;1233;1068;2380;4697;677;;;;;;
20180820;2998;2340;1074;5124;719;2234;4219;2606;6825;1722;1628;5084;5280;1587;;;;;;
20180821;3339;2770;1054;5762;764;2367;4513;2884;7397;1830;1693;5261;5771;1732;;;;;;
20180822;3427;2859;1137;6019;728;2340;4732;3026;7758;1798;1727;5188;5970;1673;;;;;;
20180823;3194;2708;997;6236;720;2231;4530;2866;7396;1654;1660;5133;6149;1652;;;;;;
20180824;2233;1766;789;2826;485;1696;3125;1759;4884;1228;1140;3538;3436;1216;;;;;;
20180825;778;813;330;989;241;860;1305;749;2054;576;563;1350;1314;517;;;;;;
20180826;1079;1526;393;1649;447;944;1773;946;2719;878;765;1635;1882;541;;;;;;
20180827;3254;2332;1056;3968;799;2323;4052;2659;6711;1918;1635;5013;4781;1781;;;;;;
20180828;3587;2924;1658;4435;852;2494;4555;2976;7531;1986;1746;5495;5178;1915;;;;;;
20180829;3571;3003;1424;5424;888;2604;4790;3026;7816;1886;1784;5574;5862;2033;;;;;;
20180830;2923;1878;836;3020;618;2047;3624;2289;5913;1252;1370;4615;3923;1709;;;;;;
20180831;2730;2378;796;3171;628;2092;4224;2334;6558;1598;1355;4403;4122;1602;;;;;;
20180901;523;341;156;496;44;509;684;437;1121;189;264;794;798;388;;;;;;
20180902;639;771;250;807;241;489;919;478;1397;402;359;947;1312;351;;;;;;
20180903;1691;710;487;1394;244;1221;1874;1218;3092;644;704;2662;2194;1165;;;;;;
20180904;2522;1071;646;1986;382;1653;2779;1892;4671;923;1053;4012;2901;1535;;;;;;
20180905;3493;2666;1038;3938;773;2448;4605;2678;7283;1802;1688;5606;4884;2063;;;;;;
20180906;3570;2624;1120;4201;816;2474;4644;2805;7449;1844;1788;5638;5090;2068;;;;;;
20180907;3056;2410;1115;3452;681;2262;4034;2536;6570;1572;1604;4969;4378;1731;;;;;;
20180908;1808;2766;713;3099;697;1545;3380;1661;5041;1356;1351;3346;3378;1042;;;;;;
20180909;1802;3733;901;4591;1216;1457;3407;1899;5306;1635;1436;3172;4290;972;;;;;;
20180910;3643;2281;1226;4261;836;2595;4536;2888;7424;1855;1615;5721;5133;2076;;;;;;
20180911;3688;2499;1045;4281;808;2557;4693;2980;7673;1836;1806;5998;5215;2180;;;;;;
20180912;3969;2715;1332;5326;811;2636;4971;3185;8156;1902;1845;6176;5894;2223;;;;;;
20180913;3714;2574;1114;4745;810;2643;4741;2996;7737;1806;1835;6191;5463;2251;;;;;;
20180914;2299;974;663;1980;337;1523;2455;1673;4128;855;987;3526;2841;1443;;;;;;
20180915;1662;2409;656;2439;560;1510;2861;1661;4522;1099;1185;2992;3014;1064;;;;;;
20180916;1670;3196;743;3180;892;1376;2732;1736;4468;1342;1205;2636;3515;911;;;;;;
20180917;3550;2207;1140;3922;827;2617;4264;2754;7018;1897;1663;5677;4911;2060;;;;;;
20180918;3839;2448;1278;4498;840;2709;4818;3004;7822;1834;1893;6207;5469;2292;;;;;;
20180919;3812;2483;1275;4130;759;2617;4704;3011;7715;1795;1763;6028;4952;2168;;;;;;
20180920;3696;2494;1171;4479;771;2630;4822;3085;7907;1776;1763;6044;5360;2248;;;;;;
20180921;3396;3023;1161;4999;804;2345;4916;2840;7756;1759;1769;5563;5619;1996;;;;;;
20180922;1160;955;367;1151;232;1083;1889;1153;3042;606;749;2066;1865;750;;;;;;
20180923;1014;1191;342;1165;315;882;1715;870;2585;651;604;1492;1497;586;;;;;;
20180924;2266;731;556;1605;264;1472;2629;1639;4268;769;853;3645;2428;1488;;;;;;
20180925;2834;1172;950;2256;396;1720;3047;2345;5392;1095;1054;4493;3299;1690;;;;;;
20180926;3106;1400;1022;2424;484;1877;3415;2253;5668;1179;1169;4718;3548;1764;;;;;;
20180927;3076;1932;1198;3027;610;2148;3841;2435;6276;1386;1382;5076;3938;1868;;;;;;
20180928;2978;2268;1284;3238;690;2096;4153;2550;6703;1478;1429;5067;4134;1777;;;;;;
20180929;1381;1296;764;1604;410;1417;2330;1284;3614;879;966;2414;2229;929;;;;;;
20180930;1283;2049;846;1966;518;1119;2128;1016;3144;1067;841;2083;2429;668;;;;;;
20181001;2848;1141;340;2228;377;1783;3142;2138;5280;1059;1086;4655;3136;1715;;;;;;
20181002;2493;693;559;1719;272;1544;2725;1901;4626;757;915;4006;2482;1431;;;;;;
20181003;2904;925;648;2088;354;1821;3274;2100;5374;942;1096;4807;3022;1757;;;;;;
20181004;3310;1627;812;2666;486;2030;4591;2528;7119;1264;1453;5775;3582;1982;;;;;;
20181005;2925;1928;780;2553;584;2066;3937;2340;6277;1389;1379;4975;3454;1737;;;;;;
20181006;1613;2088;515;1925;585;1410;2895;1539;4434;1117;1071;2807;2364;984;;;;;;
20181007;1333;2081;546;2147;617;1224;2751;1395;4146;1139;931;2282;2554;773;;;;;;
20181008;3292;1413;850;2648;543;2175;3938;2530;6468;1324;1460;5382;3792;2004;;;;;;
20181009;3564;1739;865;3251;620;2295;4444;2929;7373;1502;1491;6072;4105;2159;;;;;;
20181010;3591;1851;936;3196;593;2310;4566;2876;7442;1409;1379;6084;4235;2208;;;;;;
20181011;3581;1643;856;3164;576;2323;4603;2965;7568;1450;1353;6317;4139;2215;;;;;;
20181012;3182;1873;955;2946;555;2167;4356;2640;6996;1419;1236;5312;3777;1916;;;;;;
20181013;1764;2233;626;2245;630;1458;3181;1699;4880;1176;1001;2900;2756;1019;;;;;;
20181014;1517;2674;753;2614;658;1321;2977;1459;4436;1309;848;2581;2845;836;;;;;;
20181015;3348;1286;859;2712;504;2162;3951;2548;6499;1271;1103;5612;3829;2037;;;;;;
20181016;3513;1606;929;2932;624;2266;4304;2788;7092;1438;1181;5952;3911;2103;;;;;;
20181017;3342;1293;767;2440;506;2051;3960;2648;6608;1168;1009;5498;3557;2067;;;;;;
20181018;3314;1349;866;2662;558;2192;4533;2553;7086;1266;1064;5807;3789;2112;;;;;;
20181019;2909;1818;828;2635;533;2114;3941;2403;6344;1204;996;4925;3798;1761;;;;;;
20181020;1397;1482;506;1480;393;1302;2423;1431;3854;786;748;2536;2042;912;;;;;;
20181021;1000;757;281;911;201;900;1520;901;2421;533;445;1630;1341;558;;;;;;
20181022;3006;1126;711;2262;479;1849;3522;2119;5641;1082;848;4937;3110;1849;;;;;;
20181023;2762;779;575;1707;304;1485;2989;2030;5019;769;665;4364;2657;1586;;;;;;
20181024;1436;277;250;732;104;761;1309;936;2245;307;352;2241;1270;916;;;;;;
20181025;2294;710;539;1505;269;1548;2855;1835;4690;704;767;3972;2354;1496;;;;;;
20181026;1183;1591;402;1570;439;1038;2498;1340;3838;755;695;2131;1950;711;;;;;;
20181027;556;214;199;417;88;623;1005;567;1572;223;303;1141;786;444;;;;;;
20181028;732;560;213;731;190;716;1226;757;1983;327;346;1138;989;457;;;;;;
20181029;2380;850;609;1781;352;1703;2987;1898;4885;873;718;4210;2579;1414;;;;;;
20181030;2631;900;534;1796;318;1659;3273;2213;5486;903;852;4342;2799;1499;;;;;;
20181031;2519;1083;675;1984;403;1663;3315;2027;5342;1036;860;4540;2929;1492;;;;;;
20181101;939;1169;330;1073;283;913;2074;1110;3184;639;478;1816;1448;638;;;;;;
20181102;1735;1128;578;1631;385;1384;2715;1556;4271;877;739;2958;2174;945;;;;;;
20181103;1018;705;377;923;235;934;1943;1083;3026;467;587;1980;1271;652;;;;;;
20181104;1085;1126;325;1090;326;874;1805;1041;2846;651;430;1761;1446;559;;;;;;
20181105;2666;819;626;1893;322;1710;3098;2067;5165;876;684;4469;2843;1683;;;;;;
20181106;3050;1019;667;2234;389;1817;3716;2264;5980;1100;816;5102;3320;1813;;;;;;
20181107;2945;917;651;2078;355;1797;3583;2246;5829;1033;827;5115;2906;1853;;;;;;
20181108;2778;814;658;1949;358;1740;3505;2173;5678;942;691;4711;2911;1773;;;;;;
20181109;2435;897;661;1786;315;1726;3188;1978;5166;899;676;4231;2648;1534;;;;;;
20181110;1149;803;330;770;215;1004;1841;1077;2918;449;478;2073;1274;750;;;;;;
20181111;982;962;359;971;291;907;1727;897;2624;634;423;1610;1362;572;;;;;;
20181112;2616;753;604;1713;287;1629;2798;1895;4693;799;630;4234;2590;1606;;;;;;
20181113;2826;701;637;1721;315;1577;2811;1833;4644;837;679;4181;2590;1611;;;;;;
20181114;2856;1137;650;2036;404;1832;3272;2091;5363;1018;809;4764;2918;1735;;;;;;
20181115;2531;936;557;1754;281;1609;3167;1951;5118;811;711;4261;2630;1501;;;;;;
20181116;2295;745;507;1511;284;1434;2642;1614;4256;730;579;3675;2309;1272;;;;;;
20181117;902;756;296;798;148;941;1595;909;2504;460;434;1745;1203;646;;;;;;
20181118;769;592;168;607;121;748;1078;677;1755;371;296;1272;810;400;;;;;;
20181119;1267;272;307;799;140;800;1197;840;2037;391;234;2086;1284;712;;;;;;
20181120;1558;331;339;913;151;866;1468;1046;2514;424;332;2543;1419;935;;;;;;
20181121;1757;371;419;1049;167;1042;1786;1314;3100;479;430;2978;1754;1197;;;;;;
20181122;1878;380;371;1086;156;1035;1813;1268;3081;471;384;2993;1673;1082;;;;;;
20181123;1714;421;426;1047;206;1156;1893;1248;3141;565;455;2923;1696;1061;;;;;;
20181124;808;473;194;576;136;768;1283;847;2130;366;347;1577;922;583;;;;;;
20181125;687;614;145;556;154;606;1011;589;1600;361;216;1072;913;394;;;;;;
20181126;745;138;157;434;68;471;659;505;1164;176;142;1217;722;562;;;;;;
20181127;1158;281;284;687;102;695;1124;840;1964;274;263;1895;1102;735;;;;;;
20181128;1826;439;378;1164;169;1044;1708;1229;2937;484;392;2908;1745;1092;;;;;;
20181129;1743;363;312;1038;156;995;1691;1233;2924;386;363;2751;1569;1060;;;;;;
20181130;1297;282;240;749;107;783;1229;1023;2252;355;300;2266;1240;859;;;;;;
20181201;367;97;93;183;25;390;436;334;770;95;134;664;433;282;;;;;;
20181202;405;161;73;265;23;352;450;364;814;134;118;654;490;230;;;;;;
20181203;1132;243;229;610;85;697;1066;705;1771;250;235;1868;1008;726;;;;;;
20181204;1764;527;388;1101;189;990;1629;1199;2828;510;374;2870;1695;1101;;;;;;
20181205;1877;553;355;1256;196;1165;2141;1381;3522;612;439;3316;1921;1228;;;;;;
20181206;1627;316;326;934;154;1007;1678;1164;2842;411;331;2621;1586;1071;;;;;;
20181207;1552;487;345;1014;177;1010;1695;1188;2883;495;423;2668;1531;980;;;;;;
20181208;758;436;184;482;115;667;1075;610;1685;303;275;1296;774;505;;;;;;
20181209;586;325;119;415;115;539;787;556;1343;266;256;1042;696;351;;;;;;
20181210;1729;419;335;1036;162;985;1580;1111;2691;498;350;2741;1570;1084;;;;;;
20181211;1181;218;219;571;108;631;909;746;1655;263;208;1854;970;709;;;;;;
20181212;1194;245;219;623;87;710;1203;814;2017;263;269;1992;1019;727;;;;;;
20181213;1564;317;308;889;115;958;1506;1091;2597;401;298;2510;1368;1000;;;;;;
20181214;1378;346;272;736;99;843;1357;1026;2383;329;288;2300;1246;869;;;;;;
20181215;378;106;61;223;32;378;415;373;788;133;109;670;425;274;;;;;;
20181216;464;190;75;311;28;403;478;357;835;153;125;711;531;216;;;;;;
20181217;1367;265;223;705;76;765;1269;946;2215;309;258;2257;1165;865;;;;;;
20181218;1639;369;314;934;131;938;1587;1169;2756;409;365;2638;1436;947;;;;;;
20181219;1538;303;281;857;136;928;1580;1163;2743;390;342;2615;1351;960;;;;;;
20181220;1245;234;237;599;94;697;1162;841;2003;288;217;1917;1030;721;;;;;;
20181221;1015;229;211;638;85;748;1120;848;1968;351;268;1832;1057;688;;;;;;
20181222;453;149;102;198;39;378;517;370;887;133;146;795;379;312;;;;;;
20181223;382;473;143;366;100;335;644;384;1028;219;156;737;533;221;;;;;;
20181224;179;80;74;136;28;142;237;169;406;84;72;280;286;130;;;;;;
20181225;117;98;66;106;28;104;192;117;309;44;45;192;186;66;;;;;;
20181226;270;406;106;331;110;216;519;234;753;152;128;447;469;124;;;;;;
20181227;663;337;232;494;121;485;810;645;1455;297;183;1153;691;350;;;;;;
20181228;650;393;212;570;155;540;1033;623;1656;329;207;1228;828;457;;;;;;
20181229;383;209;117;253;43;343;553;377;930;154;155;709;501;237;;;;;;
20181230;242;97;75;155;31;216;294;240;534;75;55;440;289;118;;;;;;
20181231;456;405;173;391;78;326;673;349;1022;227;183;804;592;250;;;;;;
20170101;213;140;69;264;47;187;372;169;541;99;112;351;339;0;;;;;;
20170102;504;216;94;374;61;431;573;386;959;189;200;855;606;0;;;;;;
20170103;599;240;86;419;58;356;629;465;1094;213;235;940;679;0;;;;;;
20170104;505;118;65;319;43;336;471;347;818;164;184;814;515;0;;;;;;
20170105;572;168;88;399;60;419;602;420;1022;188;199;891;638;0;;;;;;
20170106;184;129;29;189;21;184;277;187;464;105;118;354;246;0;;;;;;
20170107;221;95;45;217;30;244;340;243;583;129;133;459;314;0;;;;;;
20170108;117;76;28;149;18;140;184;129;313;67;70;199;186;0;;;;;;
20170109;702;149;52;429;35;409;645;465;1110;195;216;1121;692;0;;;;;;
20170110;761;180;45;484;30;419;692;492;1184;220;243;1279;782;0;;;;;;
20170111;786;149;51;480;35;439;768;525;1293;237;253;1288;775;0;;;;;;
20170112;892;226;104;578;71;526;991;612;1603;294;320;1454;933;0;;;;;;
20170113;794;176;67;502;44;458;799;619;1418;253;278;1393;807;0;;;;;;
20170114;282;162;58;260;37;308;399;252;651;127;151;568;369;0;;;;;;
20170115;316;282;90;357;60;272;438;301;739;168;188;553;460;0;;;;;;
20170116;1068;210;130;626;86;689;1056;779;1835;281;310;1819;1014;0;;;;;;
20170117;1057;236;155;650;104;634;1081;724;1805;291;316;1886;1058;0;;;;;;
20170118;1111;250;119;643;80;616;1146;732;1878;321;352;1853;1044;0;;;;;;
20170119;1099;244;116;627;77;622;1091;725;1816;320;347;1762;1019;0;;;;;;
20170120;880;216;111;537;73;568;887;639;1526;268;285;1481;867;0;;;;;;
20170121;371;161;51;342;34;303;505;355;860;151;183;645;488;0;;;;;;
20170122;309;193;89;426;59;274;453;287;740;134;153;486;550;0;;;;;;
20170123;1026;208;118;573;80;598;982;701;1683;299;325;1608;920;0;;;;;;
20170124;991;216;121;610;80;635;1022;650;1672;302;323;1652;988;0;;;;;;
20170125;1025;217;145;611;98;631;1037;682;1719;308;326;1692;995;0;;;;;;
20170126;1105;255;155;628;104;663;1214;847;2061;385;414;1906;1021;0;;;;;;
20170127;987;258;141;551;95;637;997;740;1737;312;340;1651;897;0;;;;;;
20170128;383;104;67;286;46;299;451;277;728;162;187;578;405;0;;;;;;
20170129;307;134;50;266;31;257;362;220;582;114;127;489;341;0;;;;;;
20170130;938;177;120;458;79;566;822;584;1406;268;295;1408;736;0;;;;;;
20170131;576;109;76;338;51;332;562;416;978;166;179;949;546;0;;;;;;
20170201;496;79;73;328;49;296;497;293;790;167;162;692;525;0;;;;;;
20170202;579;149;59;389;39;391;639;429;1068;218;209;958;625;0;;;;;;
20170203;624;171;109;444;61;432;558;350;908;228;221;1018;707;0;;;;;;
20170204;323;202;99;331;44;324;463;294;757;195;208;552;451;0;;;;;;
20170205;416;637;121;593;98;413;813;359;1172;334;295;661;725;0;;;;;;
20170206;415;66;47;297;19;308;408;295;703;156;152;672;475;0;;;;;;
20170207;848;246;129;598;82;627;982;638;1620;357;347;1501;948;0;;;;;;
20170208;844;172;140;554;67;561;913;561;1474;300;294;1335;879;0;;;;;;
20170209;798;197;124;534;89;565;853;576;1429;297;288;1363;854;0;;;;;;
20170210;754;178;136;500;91;525;828;570;1398;292;281;1310;803;0;;;;;;
20170211;341;224;105;345;43;409;566;312;878;198;215;617;463;0;;;;;;
20170212;352;289;75;358;71;305;450;284;734;212;181;518;434;0;;;;;;
20170213;1206;386;257;801;164;814;1290;809;2099;477;455;1923;1282;0;;;;;;
20170214;1305;499;264;907;157;884;1344;1012;2356;520;499;2153;1451;0;;;;;;
20170215;1460;605;255;977;170;935;1674;980;2654;600;573;2287;1562;0;;;;;;
20170216;1388;599;215;1000;159;965;1611;1006;2617;576;554;2339;1596;0;;;;;;
20170217;1027;248;193;661;111;730;1080;737;1817;402;383;1639;1058;0;;;;;;
20170218;425;200;98;358;68;401;507;331;838;187;201;732;487;0;;;;;;
20170219;467;704;124;645;133;468;930;412;1342;316;337;820;790;0;;;;;;
20170220;1531;485;133;995;156;1001;1303;1238;2541;563;504;2349;1587;0;;;;;;
20170221;1059;251;161;700;105;693;838;897;1735;344;354;1715;1114;0;;;;;;
20170222;1197;386;207;776;134;877;1016;1045;2061;471;453;1907;1237;0;;;;;;
20170223;1730;887;432;1211;277;1244;1540;1691;3231;717;725;2630;1932;0;;;;;;
20170224;1278;404;206;892;132;914;1181;1146;2327;454;475;2106;1424;0;;;;;;
20170225;811;963;199;814;238;778;1258;668;1926;541;570;1305;1111;0;;;;;;
20170226;639;967;161;853;264;633;1160;583;1743;497;451;1018;1048;0;;;;;;
20170227;1840;758;315;1313;284;1278;2000;1294;3294;760;771;2949;2098;0;;;;;;
20170228;1852;747;357;1303;240;1269;2176;1303;3479;709;714;3048;2081;0;;;;;;
20170301;1775;574;296;1240;197;1222;1963;1274;3237;662;706;2926;1893;0;;;;;;
20170302;1694;524;271;1104;190;1207;1818;1172;2990;536;598;2681;1693;0;;;;;;
20170303;1813;989;382;1432;343;1552;2453;1388;3841;859;889;3140;2195;0;;;;;;
20170304;1174;1835;273;1418;464;1192;2016;1039;3055;948;969;1905;2017;0;;;;;;
20170305;855;1245;238;1095;378;751;1454;746;2200;712;562;1276;1375;0;;;;;;
20170306;1993;638;318;1342;280;1434;2239;1504;3743;770;754;3366;2057;0;;;;;;
20170307;1933;654;348;1397;252;1386;2360;1515;3875;707;799;3473;2133;0;;;;;;
20170308;2143;898;366;1572;327;1538;2747;1754;4501;873;977;3712;2405;0;;;;;;
20170309;1828;557;302;1263;209;1301;2271;1545;3816;637;791;3208;1934;0;;;;;;
20170310;1090;304;204;819;123;810;1178;833;2011;401;452;1949;1252;0;;;;;;
20170311;874;1089;197;971;238;898;1510;781;2291;633;686;1598;1377;0;;;;;;
20170312;728;1125;229;1058;378;764;1356;710;2066;677;571;1273;1327;0;;;;;;
20170313;2202;878;420;1577;353;1503;2685;1560;4245;918;942;3608;2410;0;;;;;;
20170314;2234;948;465;1582;361;1570;2698;1650;4348;902;989;3808;2424;0;;;;;;
20170315;2231;811;429;1609;335;1507;2839;1677;4516;855;920;3876;2461;0;;;;;;
20170316;2543;1348;608;1916;472;1805;3192;1974;5166;1026;1249;4390;2935;0;;;;;;
20170317;2353;1670;636;1917;493;1693;3076;1811;4887;1217;1246;3946;2935;0;;;;;;
20170318;349;106;29;286;29;377;500;285;785;88;210;606;422;0;;;;;;
20170319;415;199;37;384;45;413;664;367;1031;183;230;665;523;0;;;;;;
20170320;2345;1081;361;1735;369;1617;3023;1886;4909;1031;1078;4066;2656;0;;;;;;
20170321;2821;1401;460;2092;470;1988;3354;2166;5520;1177;1260;4773;3201;0;;;;;;
20170322;2252;629;238;1653;249;1421;2543;1655;4198;850;892;3836;2528;0;;;;;;
20170323;2345;1084;415;1798;431;1736;2884;1961;4845;928;1066;4236;2754;0;;;;;;
20170324;1950;928;338;1582;350;1520;2584;1575;4159;906;941;3444;2418;0;;;;;;
20170325;1272;1865;632;1611;608;1305;2352;1253;3605;1163;1090;2322;2292;0;;;;;;
20170326;1202;1664;518;1727;651;1079;2203;948;3151;1182;986;1812;2164;0;;;;;;
20170327;2448;1117;589;2022;460;1960;3281;1974;5255;1197;1209;4461;3100;0;;;;;;
20170328;2966;1809;907;2574;705;2299;4188;2562;6750;1502;1556;5515;3945;0;;;;;;
20170329;3219;1842;826;2658;646;2285;4309;2598;6907;1482;1691;5536;4072;0;;;;;;
20170330;2815;1327;721;2334;559;2299;3714;2400;6114;1304;1438;5184;3572;0;;;;;;
20170331;2795;2101;866;2626;675;2253;4310;2471;6781;1562;1678;5058;4021;0;;;;;;
20170401;1847;2465;990;3395;855;1736;4121;2113;6234;1591;1615;3392;3789;0;;;;;;
20170402;2101;3781;1385;4506;1536;1599;5439;2592;8031;2178;2086;4048;4778;0;;;;;;
20170403;3100;1509;836;2954;651;2268;4278;2563;6841;1449;1532;5397;4006;0;;;;;;
20170404;3012;1266;592;2549;458;2178;3963;2339;6302;1243;1456;5315;3454;0;;;;;;
20170405;1741;616;263;1450;202;1257;2120;1345;3465;591;748;3066;1966;0;;;;;;
20170406;2380;711;346;1924;267;1666;2910;1833;4743;761;998;4091;2614;0;;;;;;
20170407;830;151;91;657;71;525;792;668;1460;220;292;1322;895;0;;;;;;
20170408;1001;1030;298;1365;259;1149;1990;969;2959;621;722;1811;1522;0;;;;;;
20170409;1692;3261;1001;3309;1113;1310;3633;1660;5293;1775;1551;2634;3514;0;;;;;;
20170410;2640;2304;1169;3144;906;2234;4232;2249;6481;1731;1705;4584;4276;0;;;;;;
20170411;1909;829;448;1773;350;1579;2763;1614;4377;868;930;3505;2405;0;;;;;;
20170412;2130;1283;597;2165;465;1694;3029;1836;4865;1083;1098;3802;2937;0;;;;;;
20170413;1105;385;183;993;144;803;1176;834;2010;425;473;1782;1342;0;;;;;;
20170414;1475;1234;493;1581;382;1224;2184;1118;3302;920;893;2418;2145;0;;;;;;
20170415;785;1206;421;1272;364;707;1703;784;2487;759;721;1459;1418;0;;;;;;
20170416;506;732;87;891;93;426;1051;493;1544;390;404;859;946;0;;;;;;
20170417;523;563;254;795;284;447;845;410;1255;403;355;733;842;0;;;;;;
20170418;1349;456;217;1089;169;873;1421;955;2376;498;480;2138;1477;0;;;;;;
20170419;765;183;58;656;48;382;610;422;1032;167;209;1100;892;0;;;;;;
20170420;1126;314;148;852;114;649;1130;710;1840;277;403;1826;1150;0;;;;;;
20170421;1752;834;300;1461;230;1100;2230;1367;3597;652;802;2861;1987;0;;;;;;
20170422;748;416;133;899;116;682;1268;633;1901;312;488;1269;1001;0;;;;;;
20170423;942;1159;235;1462;262;817;1590;1117;2707;653;643;1407;1558;0;;;;;;
20170424;2807;1498;703;2508;546;2018;3772;2128;5900;1363;1407;4747;3414;0;;;;;;
20170425;3331;2295;923;3148;715;2374;4674;2669;7343;1708;1738;5708;4280;0;;;;;;
20170426;2866;1276;584;2444;452;1992;3460;2197;5657;1090;1271;4979;3316;0;;;;;;
20170427;1391;362;181;1035;142;964;1496;1033;2529;393;570;2332;1400;0;;;;;;
20170428;1284;296;152;948;117;779;1363;952;2315;376;485;2125;1283;0;;;;;;
20170429;1160;1416;447;1796;386;1151;2264;1144;3408;851;906;2118;2000;0;;;;;;
20170430;1347;2845;675;2692;747;1260;3162;1505;4667;1406;1306;2452;2853;0;;;;;;
20170501;1494;2203;552;3086;526;1260;3236;1672;4908;1259;1250;2497;3030;0;;;;;;
20170502;2632;1228;500;2291;433;1934;3525;2015;5540;1134;1276;4677;3128;0;;;;;;
20170503;2548;1110;431;2132;412;1605;2931;1356;4287;983;987;4360;2906;0;;;;;;
20170504;2469;1250;462;1940;365;1764;2972;1978;4950;1044;1082;4454;2645;0;;;;;;
20170505;2442;1134;448;2027;351;1858;3076;1911;4987;1024;1145;4287;2758;0;;;;;;
20170506;1993;3306;966;3741;954;1760;4001;2089;6090;1674;1804;3634;3871;0;;;;;;
20170507;1145;1353;543;1898;420;976;2028;1036;3064;803;752;1865;1858;0;;;;;;
20170508;2705;1148;469;2266;393;1814;3471;2029;5500;1065;1136;4762;3089;0;;;;;;
20170509;1558;615;228;1190;170;1086;1813;1153;2966;518;637;2840;1621;0;;;;;;
20170510;3153;1786;622;2754;560;2170;4122;2478;6600;1418;1464;5621;3761;0;;;;;;
20170511;3554;2382;768;3365;795;2464;4869;3294;8163;1743;1868;6426;4588;0;;;;;;
20170512;3090;1977;669;2903;558;2233;4845;2759;7604;1522;1673;5539;3961;0;;;;;;
20170513;1431;1585;552;2264;414;1298;2795;1631;4426;954;1138;2526;2336;0;;;;;;
20170514;1834;3179;1120;3773;1018;1563;3823;1890;5713;1672;1564;2815;3709;0;;;;;;
20170515;2863;1129;556;2353;459;2112;3616;2162;5778;1270;1302;5285;3199;0;;;;;;
20170516;3907;2632;862;3789;819;2873;5476;3256;8732;1947;2026;7204;5177;0;;;;;;
20170517;4066;2799;891;4041;923;2929;5987;3452;9439;2015;2196;7504;5511;0;;;;;;
20170518;3992;2600;912;4164;869;3029;5965;3751;9716;2061;2167;7367;5677;0;;;;;;
20170519;3654;2756;937;4145;820;2633;6085;3241;9326;2110;2032;6521;5661;0;;;;;;
20170520;1323;1140;416;1689;219;1123;1930;1212;3142;718;859;2029;1736;0;;;;;;
20170521;1259;1863;681;2491;456;1108;2438;1172;3610;1003;1067;2117;2440;0;;;;;;
20170522;3799;2282;852;3790;850;2762;5534;3140;8674;1946;1946;6813;5169;0;;;;;;
20170523;3529;2232;690;3504;574;2658;4972;3043;8015;1556;1829;6408;4784;0;;;;;;
20170524;2787;1153;507;2344;353;1988;3722;2242;5964;1149;1280;5129;3194;0;;;;;;
20170525;1388;1855;535;2205;516;1378;2416;1277;3693;1222;1093;2389;2152;0;;;;;;
20170526;2618;2384;754;2903;714;2060;4438;2446;6884;1714;1807;4774;3967;0;;;;;;
20170527;2069;3263;858;4346;936;1659;4147;1972;6119;1488;1562;3532;4501;0;;;;;;
20170528;2036;4112;1162;6127;1179;1628;4108;2051;6159;1721;1693;3253;6027;0;;;;;;
20170529;3991;2545;926;4439;908;2852;5750;3192;8942;2095;2062;6823;6068;0;;;;;;
20170530;4374;2784;1001;5138;838;3042;6254;3679;9933;2270;2322;7410;7020;0;;;;;;
20170531;3784;1744;727;3408;645;2568;5135;3158;8293;1652;1818;6555;4648;0;;;;;;
20170601;4119;2580;1014;4416;818;3031;5953;3421;9374;2008;2104;8333;5659;0;;;;;;
20170602;3525;2488;982;4429;777;2745;5648;3072;8720;1948;2065;7828;5676;0;;;;;;
20170603;1938;3236;880;4314;687;1812;4137;1902;6039;1422;1506;4989;4686;0;;;;;;
20170604;1216;2180;674;2253;723;991;2343;1060;3403;1057;939;3076;2503;0;;;;;;
20170605;2169;4266;1285;4939;1405;1696;4494;2025;6519;2009;1753;5863;5491;0;;;;;;
20170606;3021;1588;734;3022;534;2221;3900;2440;6340;1461;1458;5667;3868;0;;;;;;
20170607;3162;1455;622;2836;498;2224;3885;2492;6377;1235;1441;5678;3636;0;;;;;;
20170608;4112;2646;1014;4511;901;2966;5849;3333;9182;2002;2090;8181;5783;0;;;;;;
20170609;3868;2767;1008;4630;936;2743;5856;3261;9117;2000;2134;8173;5939;0;;;;;;
20170610;1896;2078;684;3222;706;1721;3757;1652;5409;1101;1439;4529;3497;0;;;;;;
20170611;2244;4287;1213;5752;1431;1835;4617;2214;6831;1895;1766;6098;6389;0;;;;;;
20170612;3912;2144;970;4189;730;2893;5494;3288;8782;1929;1928;7776;5368;0;;;;;;
20170613;4351;2634;1053;5706;902;3067;6076;3601;9677;2104;2291;8691;6367;0;;;;;;
20170614;4081;2497;948;4830;851;2894;5871;3551;9422;1881;2111;8369;5764;0;;;;;;
20170615;2429;4738;1118;8616;1566;1811;5026;2472;7498;1748;1897;6665;7088;0;;;;;;
20170616;2239;1387;525;2569;469;1718;3874;2051;5925;1046;1353;5279;3174;0;;;;;;
20170617;1393;1532;563;1632;512;1221;2606;1320;3926;908;1042;3284;2044;0;;;;;;
20170618;1977;3505;1083;4183;1167;1534;3880;1817;5697;1697;1473;5087;4218;0;;;;;;
20170619;4128;2607;1016;5763;894;2784;5959;3344;9303;2024;1993;8194;6279;0;;;;;;
20170620;4195;2829;1016;6985;972;2891;6326;3832;10158;2015;2195;8971;7137;0;;;;;;
20170621;4040;2485;1032;5588;856;2959;5545;3589;9134;2049;2157;8190;6231;0;;;;;;
20170622;3942;2566;986;6255;881;2846;5684;3672;9356;1959;2039;8272;6515;0;;;;;;
20170623;3028;2026;670;3673;681;2204;4631;2572;7203;1321;1527;6341;4342;0;;;;;;
20170624;1970;3284;753;5732;1112;1680;3602;1945;5547;1222;1311;4539;5323;0;;;;;;
20170625;1286;2438;673;2942;814;1029;2465;1156;3621;1047;911;3214;2926;0;;;;;;
20170626;3973;2595;1019;5263;888;2763;5468;3171;8639;2021;2016;7736;5921;0;;;;;;
20170627;3910;2628;964;4844;898;3001;5626;3353;8979;1917;2046;8004;5680;0;;;;;;
20170628;3845;2494;905;5529;846;2712;5371;3327;8698;1794;1927;7715;6142;0;;;;;;
20170629;3431;1856;776;3483;625;2498;4509;2866;7375;1533;1642;6545;4539;0;;;;;;
20170630;3075;2095;782;3949;718;2409;4832;2679;7511;1547;1625;6634;4765;0;;;;;;
20170701;1646;2231;595;3292;781;1645;3136;1805;4941;1176;1272;2763;3524;0;;;;;;
20170702;1349;1773;454;2180;569;1253;2570;1219;3789;1095;984;2147;2626;0;;;;;;
20170703;2887;1893;757;3292;590;2360;4425;2461;6886;1442;1572;5169;4161;0;;;;;;
20170704;3559;2620;1073;4652;836;2852;5143;3243;8386;1919;1831;6216;5348;0;;;;;;
20170705;3646;2812;1209;6444;1161;2719;5474;3288;8762;1959;2110;6530;6641;0;;;;;;
20170706;3399;2702;1109;5865;1056;2675;5085;3108;8193;1831;1999;6105;6221;0;;;;;;
20170707;2985;2110;980;4180;750;2344;4505;2630;7135;1595;1657;5120;4843;0;;;;;;
20170708;1472;2561;630;4060;966;1388;3278;1604;4882;1153;1257;2806;3802;0;;;;;;
20170709;1378;3263;652;4391;1138;1312;3018;1407;4425;1260;1136;2229;3763;0;;;;;;
20170710;2305;1433;727;2870;514;1766;3171;1928;5099;1178;1099;3973;3650;0;;;;;;
20170711;2648;1818;730;3252;581;2112;3876;2400;6276;1307;1409;4765;3925;0;;;;;;
20170712;3329;2509;1041;4949;886;2400;4679;2903;7582;1644;1706;5618;5324;0;;;;;;
20170713;3322;2343;832;4059;727;2430;4855;2640;7495;1577;1623;5714;4606;0;;;;;;
20170714;2823;2302;952;3458;621;2309;4367;2377;6744;1435;1517;4955;4094;0;;;;;;
20170715;1087;1143;387;1323;316;1143;2011;1037;3048;611;829;1913;1694;0;;;;;;
20170716;1850;3716;830;4333;1132;1418;3487;1653;5140;1675;1436;2727;4042;0;;;;;;
20170717;3383;2378;1163;4760;853;2430;4586;2820;7406;1771;1655;5500;5129;0;;;;;;
20170718;3657;3053;1149;6084;1092;2693;5327;3183;8510;2008;1911;6082;6047;0;;;;;;
20170719;3316;2369;1014;4687;844;2276;4598;2806;7404;1559;1577;5444;5198;0;;;;;;
20170720;3272;2772;1015;5982;1076;2311;4759;2847;7606;1556;1535;5537;5882;0;;;;;;
20170721;2850;2361;941;4661;840;2069;4522;2495;7017;1542;1526;4923;4746;0;;;;;;
20170722;1645;2834;821;4735;1127;1427;3581;1874;5455;1193;1267;2841;4200;0;;;;;;
20170723;1610;2728;627;3902;1012;1245;3045;1520;4565;1249;1082;2199;3582;0;;;;;;
20170724;1756;709;519;1459;261;1118;2047;1376;3423;562;664;2689;2018;0;;;;;;
20170725;3053;2258;777;3290;590;2171;4323;2614;6937;1521;1467;5201;4044;0;;;;;;
20170726;2496;1315;606;2179;394;1628;2898;1806;4704;1019;1036;3833;2835;0;;;;;;
20170727;1929;1008;429;1586;285;1183;2263;1474;3737;528;802;3081;2149;0;;;;;;
20170728;2949;1432;862;3730;652;1963;4250;2373;6623;1483;1836;5232;4098;0;;;;;;
20170729;1961;2150;845;5358;1384;1516;4049;2157;6206;1254;1340;3593;4703;0;;;;;;
20170730;1815;2193;828;6130;1743;1296;3433;1815;5248;1268;1069;2824;4880;0;;;;;;
20170731;3180;1563;1080;5829;1012;2185;4295;2740;7035;1620;1847;5258;5716;0;;;;;;
20170801;3069;2442;976;6837;976;2101;4429;2858;7287;1582;1634;5353;6425;0;;;;;;
20170802;3143;2426;983;6051;974;2204;4308;2672;6980;1431;1568;5248;5743;0;;;;;;
20170803;2932;2330;947;5734;928;1984;4396;2698;7094;1377;1428;4826;5321;0;;;;;;
20170804;2497;2339;787;5380;939;1881;4028;2341;6369;1217;1349;4365;5012;0;;;;;;
20170805;1659;2503;736;4492;987;1354;3149;1565;4714;1110;1175;2606;3838;0;;;;;;
20170806;830;760;319;1282;249;588;1396;744;2140;417;487;1221;1597;0;;;;;;
20170807;3164;2530;1020;4393;1014;2168;4485;2549;7034;1698;1712;5122;4901;0;;;;;;
20170808;3233;2155;869;4027;859;2353;4331;2650;6981;1658;1686;5551;4680;0;;;;;;
20170809;3400;2730;1097;5806;1096;2265;4743;2813;7556;1870;1778;5664;6004;0;;;;;;
20170810;2842;1886;887;3988;753;1838;3637;2302;5939;1343;1365;4612;4381;0;;;;;;
20170811;2152;1308;680;2367;518;1565;2857;1787;4644;827;1007;3375;2983;0;;;;;;
20170812;1437;1835;512;2502;725;1321;2958;1353;4311;1047;1211;2575;2555;0;;;;;;
20170813;1475;2728;635;2898;884;1032;3081;1421;4502;1328;1173;2221;2846;0;;;;;;
20170814;2341;2484;1009;4373;996;1754;4143;2068;6211;1481;1479;3966;4522;0;;;;;;
20170815;1917;4075;922;6634;1322;1434;3776;1760;5536;1520;1457;3058;5432;0;;;;;;
20170816;3143;2223;1075;4559;897;2201;4346;2568;6914;1574;1680;5143;4979;0;;;;;;
20170817;3112;2891;1114;5636;1164;2286;4735;2844;7579;1728;1700;5352;5711;0;;;;;;
20170818;2757;2694;1069;5930;1084;1997;4532;2538;7070;1548;1527;4673;5772;0;;;;;;
20170819;584;531;262;845;217;629;1090;519;1609;284;369;994;1203;0;;;;;;
20170820;1187;2622;557;2701;847;1135;2548;1201;3749;1296;1053;2052;2699;0;;;;;;
20170821;2859;1850;1006;3594;746;2112;3900;2302;6202;1534;1416;4968;4291;0;;;;;;
20170822;3038;2339;1059;4147;944;2236;4437;2658;7095;1697;1653;5407;4896;0;;;;;;
20170823;3259;2692;1071;4495;1085;2402;4662;2852;7514;1877;1813;5723;5051;0;;;;;;
20170824;3111;2532;1044;4905;1013;2292;4384;2779;7163;1737;1767;5704;5294;0;;;;;;
20170825;2690;2447;989;5033;978;2050;4549;2605;7154;1731;1752;4740;5150;0;;;;;;
20170826;1509;2735;832;4801;1077;1571;3313;1666;4979;1182;1306;2548;4205;0;;;;;;
20170827;1341;2710;719;4679;874;1181;2893;1466;4359;1259;1148;2242;4129;0;;;;;;
20170828;2967;1870;1065;3760;751;2343;4133;2538;6671;1621;1641;5314;4750;0;;;;;;
20170829;3470;2704;1098;5105;1090;2544;5201;3140;8341;1941;1876;6294;5918;0;;;;;;
20170830;3351;2848;1136;5454;1142;2479;4833;3071;7904;1828;1896;5997;6055;0;;;;;;
20170831;3303;2798;1065;6035;1132;2523;4959;2998;7957;1652;1783;5785;6430;0;;;;;;
20170901;1790;954;550;1660;264;1369;2339;1490;3829;766;870;2906;2419;0;;;;;;
20170902;1117;1533;410;1867;369;1205;2283;1284;3567;759;954;2077;2394;0;;;;;;
20170903;758;827;246;943;191;752;1375;773;2148;527;540;1198;1575;0;;;;;;
20170904;2838;1867;976;3250;517;2354;3757;2385;6142;1513;1520;5022;4223;0;;;;;;
20170905;2984;2271;1008;3759;613;2479;4289;2787;7076;1702;1785;5677;4850;0;;;;;;
20170906;2730;1476;919;3030;457;2269;3869;2328;6197;1181;1439;5061;4101;0;;;;;;
20170907;2816;1726;865;3223;505;2337;4142;2449;6591;1419;1584;5304;4337;0;;;;;;
20170908;2799;2287;914;3562;596;2319;4392;2487;6879;1595;1670;5142;4502;0;;;;;;
20170909;1695;2655;704;3543;671;1440;3411;1623;5034;1295;1432;3125;3658;0;;;;;;
20170910;1210;2009;623;2369;471;1024;2545;1088;3633;986;1056;2167;2682;0;;;;;;
20170911;1812;765;580;1920;271;1507;2480;1573;4053;812;889;3536;2661;0;;;;;;
20170912;1783;913;567;1947;289;1481;2684;1716;4400;830;925;3829;2753;0;;;;;;
20170913;2655;2104;866;3273;546;2203;4204;2419;6623;1603;1528;5297;4193;0;;;;;;
20170914;2374;1854;811;3088;499;1971;3601;2098;5699;1285;1365;4598;3823;0;;;;;;
20170915;2312;1816;733;2685;456;1919;3467;2090;5557;1175;1308;4384;3494;0;;;;;;
20170916;1096;761;299;1018;196;930;1446;864;2310;438;652;1670;1499;0;;;;;;
20170917;464;235;106;357;64;395;540;351;891;148;211;616;583;0;;;;;;
20170918;2295;1457;782;2550;410;1907;3056;2026;5082;1283;1286;4505;3458;0;;;;;;
20170919;777;347;258;640;99;647;842;691;1533;266;313;1440;1089;0;;;;;;
20170920;899;349;207;787;111;748;1185;780;1965;373;414;1865;1291;0;;;;;;
20170921;1843;1044;538;1985;305;1531;2784;1773;4557;864;994;3812;2834;0;;;;;;
20170922;1976;1115;596;2014;320;1642;2721;1666;4387;856;1010;3483;2691;0;;;;;;
20170923;1259;1419;389;1385;304;1077;2015;973;2988;683;756;1972;1882;0;;;;;;
20170924;1085;1124;409;1339;265;915;1903;927;2830;785;757;1792;1749;0;;;;;;
20170925;2253;1139;689;2300;348;1869;3269;1896;5165;1092;1186;4222;3202;0;;;;;;
20170926;2263;1326;673;2459;383;1883;3224;2399;5623;1140;1273;4663;3575;0;;;;;;
20170927;2523;1690;817;2899;465;2098;3895;2176;6071;1312;1376;5018;3811;0;;;;;;
20170928;2614;1821;866;3049;498;2171;3888;2490;6378;1369;1464;5224;3992;0;;;;;;
20170929;2494;1855;830;2760;471;2070;3771;2194;5965;1288;1402;4616;3681;0;;;;;;
20170930;1590;1827;482;1817;392;1354;2534;1378;3912;1000;1105;2383;2347;0;;;;;;
20171001;1168;1976;486;1936;552;1037;2323;1150;3473;922;784;2095;2259;0;;;;;;
20171002;2866;1421;771;2679;418;2114;3712;2279;5991;1248;1434;4916;3714;0;;;;;;
20171003;1061;290;236;720;97;784;1207;904;2111;298;441;2108;1244;0;;;;;;
20171004;2737;1511;749;2598;415;2020;3621;2367;5988;1288;1402;5171;3547;0;;;;;;
20171005;2635;1496;722;2472;405;1943;3443;2269;5712;1167;1351;4949;3322;0;;;;;;
20171006;2066;950;526;1702;267;1524;2697;1671;4368;750;911;3673;2599;0;;;;;;
20171007;1061;1084;329;1121;252;1003;2051;1023;3074;562;700;1902;1732;0;;;;;;
20171008;765;627;206;747;195;678;1203;657;1860;397;444;1224;1189;0;;;;;;
20171009;2309;1012;653;2098;316;1704;3040;1968;5008;957;958;4235;2984;0;;;;;;
20171010;2402;939;562;2094;309;1773;3045;2082;5127;1045;1129;4613;3112;0;;;;;;
20171011;2791;1473;707;2637;417;2059;3832;2416;6248;1256;1423;5340;3693;0;;;;;;
20171012;2928;1437;757;2639;415;2158;3825;2510;6335;1219;1396;5418;3557;0;;;;;;
20171013;2579;1410;728;2441;389;1902;3652;2300;5952;1270;1406;4883;3342;0;;;;;;
20171014;1572;2123;575;2316;505;1483;2956;1639;4595;1182;1181;2644;2722;0;;;;;;
20171015;1504;2631;812;2722;755;1339;3030;1511;4541;1518;1207;2417;2998;0;;;;;;
20171016;2837;1445;837;2841;431;2091;3855;2467;6322;1295;1442;5381;3852;0;;;;;;
20171017;3019;1520;850;2844;442;2226;4069;2578;6647;1373;1610;5800;3940;0;;;;;;
20171018;2933;1300;782;2566;394;2161;3963;2530;6493;1266;1474;5448;3696;0;;;;;;
20171019;2779;1147;782;2435;364;2051;3754;2524;6278;1099;1281;5282;3518;0;;;;;;
20171020;2434;892;595;1855;278;1795;3270;2056;5326;946;1084;4271;2877;0;;;;;;
20171021;935;584;264;710;143;883;1471;844;2315;426;551;1466;1325;0;;;;;;
20171022;674;284;182;490;111;603;971;590;1561;247;350;965;942;0;;;;;;
20171023;1251;375;322;1036;144;922;1642;1172;2814;425;536;2600;1740;0;;;;;;
20171024;1955;737;529;1620;239;1444;2851;1857;4708;712;906;4233;2520;0;;;;;;
20171025;2341;928;616;1908;284;1727;3421;2052;5473;914;1100;4521;2912;0;;;;;;
20171026;1183;1923;417;1929;541;1049;2796;1417;4213;1016;966;2267;2330;0;;;;;;
20171027;1052;305;297;729;102;777;1342;841;2183;289;417;1687;1289;0;;;;;;
20171028;678;533;210;565;127;639;1171;655;1826;297;443;1233;931;0;;;;;;
20171029;336;107;72;213;42;302;533;338;871;160;209;504;469;0;;;;;;
20171030;1319;412;303;992;141;991;1783;1152;2935;495;580;2498;1604;0;;;;;;
20171031;1686;474;427;1138;162;1084;2137;1355;3492;521;717;2888;1826;0;;;;;;
20171101;693;830;279;837;186;683;1128;685;1813;427;409;1265;1102;646;;;;;;
20171102;1841;769;506;1677;289;1430;2438;1580;4018;810;888;3171;2336;1662;;;;;;
20171103;1907;792;498;1629;280;1371;2497;1518;4015;806;911;3472;2547;1705;;;;;;
20171104;945;1214;324;1239;246;1045;1747;1038;2785;738;752;1779;1852;1226;;;;;;
20171105;902;1068;307;983;225;752;1437;778;2215;581;542;1433;1348;872;;;;;;
20171106;1859;453;425;1371;211;1231;1861;1313;3174;547;688;2985;2147;1139;;;;;;
20171107;2460;903;581;1868;324;1544;2754;1761;4515;819;1016;4106;2798;1624;;;;;;
20171108;1481;314;337;923;143;960;1381;993;2374;469;507;2414;1605;1007;;;;;;
20171109;2287;618;461;1624;258;1438;2554;1749;4303;709;820;3694;2452;1414;;;;;;
20171110;2074;690;480;1563;259;1368;2248;1485;3733;712;780;3368;2294;1370;;;;;;
20171111;866;840;218;756;162;901;1230;817;2047;450;547;1527;1209;715;;;;;;
20171112;479;234;155;401;70;431;616;383;999;171;275;768;802;313;;;;;;
20171113;1813;428;345;1155;181;1140;1915;1190;3105;530;601;3189;1884;1221;;;;;;
20171114;2137;653;425;1485;248;1313;2211;1490;3701;650;796;3512;2339;1307;;;;;;
20171115;1987;665;410;1540;255;1329;2495;1526;4021;685;838;3464;2337;1318;;;;;;
20171116;1973;532;375;1324;218;1272;2132;1374;3506;636;762;3237;2132;1371;;;;;;
20171117;1701;442;368;1171;187;1159;1814;1300;3114;571;709;2818;1885;1214;;;;;;
20171118;771;665;242;669;132;769;1340;767;2107;426;443;1522;1054;584;;;;;;
20171119;488;194;95;375;64;432;559;420;979;175;239;754;654;346;;;;;;
20171120;1706;409;338;1054;168;1029;1667;1162;2829;502;568;2859;1823;1164;;;;;;
20171121;1235;265;192;684;111;739;1114;827;1941;287;411;1958;1273;820;;;;;;
20171122;2214;904;488;1784;309;1402;2506;1656;4162;796;917;3760;2572;1393;;;;;;
20171123;1914;547;399;1371;221;1280;2064;1378;3442;570;716;3305;2182;1297;;;;;;
20171124;1641;508;344;1150;191;1171;1819;1281;3100;588;617;2883;1900;1156;;;;;;
20171125;670;392;198;553;93;647;949;646;1595;284;349;1240;978;537;;;;;;
20171126;602;436;162;522;100;514;892;521;1413;318;322;956;865;420;;;;;;
20171127;1869;584;421;1334;222;1116;2022;1271;3293;622;656;3105;2030;1342;;;;;;
20171128;1826;557;397;1429;228;1162;2005;1363;3368;591;652;3099;2096;1317;;;;;;
20171129;1445;317;267;759;125;764;1410;969;2379;385;430;2334;1392;938;;;;;;
20171130;808;163;135;479;75;441;779;593;1372;184;275;1383;850;531;;;;;;
20171201;1367;330;254;892;166;801;1474;991;2465;321;507;2336;1467;847;;;;;;
20171202;597;269;163;454;114;540;788;502;1290;214;333;1125;871;531;;;;;;
20171203;472;253;87;331;76;373;586;390;976;170;248;853;615;317;;;;;;
20171204;1119;208;259;666;117;570;960;749;1709;252;383;1888;1160;782;;;;;;
20171205;1190;276;273;711;130;637;1000;772;1772;298;366;1958;1198;807;;;;;;
20171206;1688;421;312;1001;189;901;1659;1128;2787;480;582;2697;1645;1059;;;;;;
20171207;1547;476;322;1069;208;1042;1725;1158;2883;511;591;2717;1818;1090;;;;;;
20171208;472;205;106;312;66;433;545;387;932;179;248;768;565;339;;;;;;
20171209;509;188;121;336;80;480;625;449;1074;180;268;926;625;427;;;;;;
20171210;432;373;104;412;104;396;578;387;965;236;242;767;606;338;;;;;;
20171211;1529;440;342;1009;197;887;1591;1097;2688;428;525;2661;1719;1056;;;;;;
20171212;1540;380;286;917;176;921;1658;1087;2745;407;586;2671;1620;1057;;;;;;
20171213;1748;478;406;1121;215;992;1909;1278;3187;503;674;3051;1916;1142;;;;;;
20171214;1628;381;307;949;182;1011;1703;1111;2814;440;612;2788;1722;1149;;;;;;
20171215;1471;381;298;955;180;1020;1684;1149;2833;479;539;2753;1561;1001;;;;;;
20171216;695;349;196;469;126;715;1017;648;1665;250;392;1366;885;613;;;;;;
20171217;545;431;151;403;109;501;734;537;1271;264;259;952;723;411;;;;;;
20171218;1569;394;352;1026;189;910;2177;1266;3443;441;573;2734;1818;1033;;;;;;
20171219;1626;366;305;974;181;935;1468;1064;2532;395;514;2638;1628;1023;;;;;;
20171220;1481;314;260;916;166;813;1470;1048;2518;365;540;2454;1503;985;;;;;;
20171221;1077;211;249;693;123;577;930;746;1676;230;355;1773;1126;677;;;;;;
20171222;1044;343;298;771;150;690;1213;781;1994;326;437;1951;1331;722;;;;;;
20171223;425;340;218;301;97;371;575;397;972;173;254;1014;663;329;;;;;;
20171224;176;251;137;231;63;158;311;161;472;144;113;337;350;156;;;;;;
20171225;224;435;143;399;109;186;408;188;596;246;147;356;503;142;;;;;;
20171226;219;208;93;237;59;184;339;192;531;157;126;403;413;144;;;;;;
20171227;563;374;181;581;128;421;850;465;1315;290;204;967;1059;381;;;;;;
20171228;414;178;152;379;72;305;563;385;948;171;199;707;615;251;;;;;;
20171229;531;303;187;448;97;404;736;485;1221;222;260;946;776;359;;;;;;
20171230;356;264;146;324;92;329;535;304;839;152;239;642;522;260;;;;;;
20171231;334;501;152;414;119;291;778;350;1128;219;210;585;581;190;;;;;;
20160101;164;87;75;176;28;144;348;145;493;79;71;353;282;;;;;;;
20160102;188;106;55;154;59;240;363;246;609;112;124;459;268;;;;;;;
20160103;179;92;42;166;38;180;287;223;510;73;109;306;256;;;;;;;
20160104;379;126;66;296;49;282;474;272;746;101;119;668;434;;;;;;;
20160105;236;73;46;176;37;178;343;230;573;84;244;489;285;;;;;;;
20160106;176;99;41;148;24;138;241;105;346;43;72;282;152;;;;;;;
20160107;675;194;125;441;63;475;737;503;1240;193;256;1226;729;;;;;;;
20160108;843;347;147;563;83;689;1058;655;1713;365;355;1599;970;;;;;;;
20160109;381;197;89;211;62;421;571;321;892;116;234;719;366;;;;;;;
20160110;314;247;87;238;64;291;546;297;843;150;204;639;430;;;;;;;
20160111;1044;262;204;735;119;762;1127;781;1908;271;356;1945;1104;;;;;;;
20160112;1335;497;224;922;194;1016;1616;1079;2695;455;559;2491;1519;;;;;;;
20160113;1315;368;186;754;146;878;1465;989;2454;400;530;2426;1332;;;;;;;
20160114;1357;489;262;880;199;1020;1685;1149;2834;476;486;2474;1443;;;;;;;
20160115;1200;380;186;823;171;830;1321;894;2215;407;420;2216;1248;;;;;;;
20160116;426;275;70;314;67;503;718;407;1125;163;251;895;546;;;;;;;
20160117;356;269;77;272;59;403;543;317;860;161;174;605;500;;;;;;;
20160118;1104;323;216;711;107;858;1304;850;2154;320;426;2078;1194;;;;;;;
20160119;1145;276;177;655;107;806;1228;907;2135;312;430;2022;1172;;;;;;;
20160120;1080;231;187;575;106;765;1252;887;2139;330;415;2123;1050;;;;;;;
20160121;805;199;149;499;63;534;960;646;1606;243;319;1455;883;;;;;;;
20160122;864;257;136;482;75;578;1042;663;1705;257;307;1541;873;;;;;;;
20160123;205;109;47;136;26;189;358;167;525;78;125;393;248;;;;;;;
20160124;249;181;55;187;28;248;458;222;680;115;139;455;315;;;;;;;
20160125;693;123;81;376;52;526;764;546;1310;194;226;1267;737;;;;;;;
20160126;1370;476;209;879;160;982;1771;1072;2843;472;559;2468;1573;;;;;;;
20160127;1488;478;231;952;184;1060;1867;1183;3050;564;549;2830;1554;;;;;;;
20160128;1495;544;249;948;204;988;1946;1282;3228;528;645;2808;1593;;;;;;;
20160129;923;332;158;552;90;708;851;500;1351;321;492;1560;1070;;;;;;;
20160130;517;660;111;491;117;618;946;461;1407;325;342;984;744;;;;;;;
20160131;291;286;73;299;52;333;578;293;871;162;214;568;543;;;;;;;
20160201;797;232;129;526;81;657;835;733;1568;283;332;1342;926;;;;;;;
20160202;1196;518;214;922;165;998;1361;1340;2701;441;480;2145;1500;;;;;;;
20160203;760;203;132;618;91;564;765;820;1585;254;319;1194;934;;;;;;;
20160204;1046;337;164;725;124;785;1035;1115;2150;361;430;1792;1179;;;;;;;
20160205;805;296;169;650;90;644;964;816;1780;277;342;1411;1032;;;;;;;
20160206;577;764;135;738;168;640;1168;520;1688;468;473;1038;938;;;;;;;
20160207;611;1112;241;1145;285;583;1336;603;1939;620;444;912;1203;;;;;;;
20160208;1467;525;311;1115;229;1061;1784;1132;2916;612;633;2528;1768;;;;;;;
20160209;1568;630;285;1147;250;1185;1992;1224;3216;588;593;2646;1879;;;;;;;
20160210;774;176;167;487;72;582;904;609;1513;239;229;1279;860;;;;;;;
20160211;1381;468;210;908;173;1020;1582;1086;2668;477;533;2295;1526;;;;;;;
20160212;1159;444;195;897;169;863;1365;961;2326;470;464;1887;1374;;;;;;;
20160213;624;619;190;699;195;734;1134;655;1789;413;430;1060;865;;;;;;;
20160214;422;464;112;424;137;387;658;383;1041;259;233;576;604;;;;;;;
20160215;1336;363;261;861;147;915;1369;938;2307;443;460;2042;1431;;;;;;;
20160216;1432;505;241;923;167;1060;1654;1115;2769;492;525;1861;1591;;;;;;;
20160217;1121;291;186;619;95;752;1156;820;1976;328;370;1816;1107;;;;;;;
20160218;1002;209;159;624;92;662;1002;745;1747;302;329;1643;1003;;;;;;;
20160219;703;176;108;428;85;525;744;545;1289;221;268;1215;746;;;;;;;
20160220;656;797;160;784;211;714;1090;577;1667;480;444;1029;975;;;;;;;
20160221;503;472;125;449;97;453;812;403;1215;245;256;784;661;;;;;;;
20160222;1775;936;344;1521;391;1333;2223;1381;3604;913;768;2577;2128;;;;;;;
20160223;1524;470;262;1016;200;1091;1691;1201;2892;532;545;2475;1633;;;;;;;
20160224;1555;587;270;1081;218;1198;1914;1240;3154;575;641;2741;1698;;;;;;;
20160225;1420;486;251;885;218;1003;1653;1139;2792;517;583;2437;1534;;;;;;;
20160226;1339;604;289;1010;212;1032;1606;1029;2635;565;640;1928;1586;;;;;;;
20160227;639;578;161;523;140;681;1022;555;1577;370;423;1046;776;;;;;;;
20160228;633;725;149;627;239;556;1034;519;1553;364;341;892;854;;;;;;;
20160229;883;182;128;485;89;570;897;604;1501;233;277;1282;918;;;;;;;
20160301;991;184;149;523;99;640;1005;724;1729;253;371;1432;986;;;;;;;
20160302;1516;477;257;958;219;1062;1753;1125;2878;485;565;2141;1662;;;;;;;
20160303;1071;224;164;573;101;739;1331;833;2164;302;401;1879;1108;;;;;;;
20160304;1434;523;282;941;194;1086;1733;1057;2790;494;556;2025;1483;;;;;;;
20160305;759;946;196;932;296;893;1392;679;2071;595;540;1430;1204;;;;;;;
20160306;717;841;202;855;168;619;1295;647;1942;465;430;1177;1145;;;;;;;
20160307;1237;286;208;796;137;848;1350;919;2269;389;384;2188;1333;;;;;;;
20160308;1294;318;198;746;135;909;1607;1010;2617;381;527;2377;1407;;;;;;;
20160309;1627;582;294;1093;247;1278;2156;1322;3478;628;766;2553;1838;;;;;;;
20160310;1691;715;281;1187;240;1278;2414;1353;3767;662;767;3054;1953;;;;;;;
20160311;1370;420;229;838;174;993;1610;979;2589;492;557;2143;1407;;;;;;;
20160312;650;441;123;504;148;647;1037;595;1632;316;418;1179;898;;;;;;;
20160313;534;677;152;524;126;497;864;550;1414;325;302;921;845;;;;;;;
20160314;1696;704;353;1232;311;1256;2243;1339;3582;730;762;3226;1849;;;;;;;
20160315;829;165;109;472;90;579;1002;667;1669;248;325;1518;884;;;;;;;
20160316;1267;331;208;793;122;838;1627;1025;2652;429;556;2156;1331;;;;;;;
20160317;1931;889;315;1533;265;1370;2590;1419;4009;797;888;3048;2174;;;;;;;
20160318;1818;1139;396;1639;418;1472;2770;1434;4204;903;927;3237;2322;;;;;;;
20160319;689;648;199;738;267;885;1518;672;2190;534;536;1554;1079;;;;;;;
20160320;767;1492;308;1467;426;766;1786;703;2489;857;735;1417;1585;;;;;;;
20160321;1526;728;340;1385;327;1222;2101;1153;3254;708;738;2745;1915;;;;;;;
20160322;1330;593;307;1164;229;1136;1905;1072;2977;563;600;2519;1655;;;;;;;
20160323;1407;737;346;1176;275;1105;2014;1169;3183;678;730;2633;1851;;;;;;;
20160324;1159;456;230;940;189;943;1670;902;2572;497;549;2019;1428;;;;;;;
20160325;979;733;251;1016;294;887;1465;783;2248;547;576;1654;1369;;;;;;;
20160326;461;453;148;497;160;496;1108;426;1534;340;391;950;667;;;;;;;
20160327;623;1579;361;1713;546;598;1875;485;2360;894;684;1251;1460;;;;;;;
20160328;847;1610;386;1848;615;685;2087;596;2683;976;750;1486;1855;;;;;;;
20160329;1588;835;373;1502;375;1333;2449;1354;3803;791;876;2846;2290;;;;;;;
20160330;2191;1217;459;2281;428;1600;3152;1576;4728;1129;1024;3875;2996;;;;;;;
20160331;2650;1986;618;3187;777;2101;4319;2106;6425;1582;1588;4690;3798;;;;;;;
20160401;1974;940;438;1955;401;1638;2742;1420;4162;928;914;3424;2626;;;;;;;
20160402;1235;1429;338;1720;496;1306;3414;1351;4765;1033;1172;2633;2072;;;;;;;
20160403;1877;3283;682;3850;1289;1443;5736;1851;7587;2070;1724;3975;3788;;;;;;;
20160404;2953;1826;721;3043;720;2423;4707;2257;6964;1589;1569;5300;3981;;;;;;;
20160405;3346;2265;874;3594;817;2684;5890;2225;8115;1834;1962;6000;4566;;;;;;;
20160406;2981;1467;659;2639;550;2317;5031;1825;6856;1454;1522;5317;3728;;;;;;;
20160407;2747;1150;580;2288;431;2134;4490;1722;6212;1211;1356;4965;3261;;;;;;;
20160408;1326;388;218;861;181;910;1701;813;2514;486;463;2248;1475;;;;;;;
20160409;643;257;119;563;133;645;1188;450;1638;258;388;1088;752;;;;;;;
20160410;950;1083;211;1187;312;936;1853;929;2782;784;682;1582;1779;;;;;;;
20160411;2417;991;459;1942;477;1875;3623;1561;5184;1110;1107;4342;2869;;;;;;;
20160412;2680;1395;513;2263;571;2191;4336;1707;6043;1327;1348;4804;3161;;;;;;;
20160413;3067;1974;657;2919;836;2344;5042;1874;6916;1584;1608;5598;3877;;;;;;;
20160414;2355;760;370;1665;313;1767;3580;1694;5274;914;1049;4519;2623;;;;;;;
20160415;2570;1541;553;2376;563;2026;4531;1992;6523;1288;1339;4755;3292;;;;;;;
20160416;1840;3169;591;3439;1000;1673;4470;1721;6191;1673;1630;3430;3580;;;;;;;
20160417;1504;2999;733;3225;1099;1304;4173;1400;5573;1608;1478;2750;3359;;;;;;;
20160418;1329;378;236;965;150;1046;1787;919;2706;501;521;2361;1507;;;;;;;
20160419;2811;1601;549;2561;554;2203;4233;2100;6333;1400;1393;5228;3497;;;;;;;
20160420;2766;1670;615;2687;629;2308;4511;2265;6776;1552;1535;5504;3815;;;;;;;
20160421;3137;2223;692;3242;805;2513;5190;2580;7770;1763;1776;5939;4168;;;;;;;
20160422;2978;2232;742;3318;807;2203;4945;2414;7359;1690;1740;5346;4249;;;;;;;
20160423;1181;1416;330;1351;403;1226;2451;1132;3583;809;983;2244;1754;;;;;;;
20160424;788;791;163;828;209;777;1406;694;2100;470;483;1414;1178;;;;;;;
20160425;1874;603;312;1154;269;1354;2334;1335;3669;718;698;3864;1905;;;;;;;
20160426;2237;1072;455;1727;433;1735;3155;1812;4967;1025;1107;5020;2552;;;;;;;
20160427;1307;282;156;642;102;895;1591;898;2489;343;481;2659;1206;;;;;;;
20160428;2274;1108;389;1643;377;1689;3092;1842;4934;965;1073;5024;2491;;;;;;;
20160429;2456;1609;544;2237;601;1995;3595;1905;5500;1299;1280;5541;3013;;;;;;;
20160430;1531;2991;635;3089;847;1584;3557;1628;5185;1752;1537;4685;3235;;;;;;;
20160501;1099;1627;372;1852;462;985;2544;1066;3610;1006;849;3289;2200;;;;;;;
20160502;2216;984;442;1824;345;1747;2849;1643;4492;1348;1114;4668;2496;;;;;;;
20160503;2377;1054;464;1888;403;1769;3315;2027;5342;1297;1139;5387;2776;;;;;;;
20160504;1147;282;152;660;106;925;1411;886;2297;390;428;2401;1153;;;;;;;
20160505;1204;2097;332;2115;799;1198;2664;1130;3794;1257;1010;3488;2189;;;;;;;
20160506;2492;2727;692;3467;862;2077;4776;2511;7287;1903;1796;6817;3913;;;;;;;
20160507;1936;3239;689;4154;871;1700;4632;1961;6593;1713;1690;5964;4091;;;;;;;
20160508;1701;3176;701;4089;1400;1344;4453;1816;6269;1810;1536;5575;3971;;;;;;;
20160509;3500;2009;786;3676;828;2568;5349;2958;8307;2205;1809;8228;4634;;;;;;;
20160510;3241;1692;630;2671;560;2278;4577;2665;7242;1804;1561;7318;3747;;;;;;;
20160511;2981;1617;529;2282;459;2156;4208;2512;6720;1431;1486;6764;3480;;;;;;;
20160512;1014;329;144;730;85;727;1254;804;2058;349;391;2144;1149;;;;;;;
20160513;1686;690;275;1177;245;1265;2451;1387;3838;704;778;3851;1941;;;;;;;
20160514;1052;1390;298;1620;374;1143;2412;1138;3550;889;972;3214;1878;;;;;;;
20160515;1006;1357;341;1766;361;865;2012;957;2969;937;810;2775;1892;;;;;;;
20160516;873;1096;218;991;418;806;1264;990;2254;783;608;2174;1341;;;;;;;
20160517;2113;1306;418;1869;482;1830;2493;2365;4858;1186;1068;4854;2639;;;;;;;
20160518;2885;1711;651;2670;604;2339;4134;2636;6770;1663;1516;6730;3643;;;;;;;
20160519;3115;1856;654;2840;566;2300;4568;2813;7381;1703;1607;7316;3868;;;;;;;
20160520;2747;1704;555;2796;540;2200;4713;2498;7211;1454;1603;6949;3651;;;;;;;
20160521;1984;3597;738;4882;1020;2097;4689;2160;6849;1906;1767;6160;4440;;;;;;;
20160522;2230;4124;965;6342;1218;1790;4754;2175;6929;2152;1792;6412;5372;;;;;;;
20160523;3454;2037;805;3695;884;2636;5281;2901;8182;2033;1817;8121;4574;;;;;;;
20160524;1393;500;189;859;151;1071;1749;1135;2884;526;642;2979;1893;;;;;;;
20160525;2671;1439;574;2362;464;2012;4041;2278;6319;1361;1308;6271;3173;;;;;;;
20160526;1853;4128;854;4618;1465;2090;4244;1879;6123;2719;1977;5580;4141;;;;;;;
20160527;2355;2124;650;3221;1024;2115;4756;2571;7327;1673;1576;6756;3792;;;;;;;
20160528;1827;2937;713;4735;1503;1643;4273;2009;6282;1611;1511;5659;4233;;;;;;;
20160529;1858;3671;883;5700;1820;1461;4150;1799;5949;1702;1562;5458;4784;;;;;;;
20160530;3177;1602;779;3011;953;2387;4543;2700;7243;1883;1632;7275;4107;;;;;;;
20160531;2920;1590;651;2700;857;2297;4369;2606;6975;1536;1601;6917;3695;;;;;;;
20160601;2906;1529;650;2550;538;2320;4228;2432;6660;1398;1445;6007;3494;;;;;;;
20160602;2922;1676;632;2544;595;2340;4395;2580;6975;1491;1572;6213;3743;;;;;;;
20160603;2701;1721;551;2565;619;2151;4551;2405;6956;1386;1427;6062;3593;;;;;;;
20160604;1877;2755;614;3341;985;1920;4178;1911;6089;1510;1507;5002;3617;;;;;;;
20160605;1609;3088;569;3369;1105;1308;3448;1558;5006;1496;1298;4152;3239;;;;;;;
20160606;3599;2353;917;4245;846;2900;5915;3090;9005;2233;1948;7909;5202;;;;;;;
20160607;4024;2846;974;5030;1019;3292;6634;3538;10172;2479;2356;8914;5963;;;;;;;
20160608;4000;2713;1076;5143;972;3150;6567;3686;10253;2440;2292;8948;5983;;;;;;;
20160609;3298;1649;723;3170;591;2534;5117;2915;8032;1672;1697;7111;4179;;;;;;;
20160610;3050;2060;678;3509;731;2538;5623;2963;8586;1787;1831;7305;4427;;;;;;;
20160611;1514;2429;612;2586;867;1850;3352;1770;5122;1199;1300;4165;2878;;;;;;;
20160612;1028;1190;487;1845;416;941;2447;995;3442;845;708;2803;2048;;;;;;;
20160613;2935;1577;696;2746;563;2533;4723;2700;7423;1770;1676;6507;3835;;;;;;;
20160614;3537;2112;824;3442;757;2897;6030;3251;9281;1957;1849;8052;4755;;;;;;;
20160615;1808;878;435;1592;312;1501;2876;1576;4452;848;946;3931;2440;;;;;;;
20160616;3623;2399;789;3894;846;2817;5747;3262;9009;2110;1939;7932;4781;;;;;;;
20160617;2773;1623;549;2532;576;2311;4264;2429;6693;1505;1441;5943;3564;;;;;;;
20160618;1823;2657;674;3599;943;1711;4102;2048;6150;1453;1476;4999;3839;;;;;;;
20160619;1718;2882;623;4010;1034;1481;3578;1628;5206;1585;1370;4338;3669;;;;;;;
20160620;1167;432;284;935;151;946;1513;1031;2544;431;471;2330;2091;;;;;;;
20160621;3751;2560;885;4423;917;2990;6114;3080;9194;2165;1996;8121;5433;;;;;;;
20160622;3636;2460;1009;4562;885;2974;6154;3464;9618;2150;2070;8321;5396;;;;;;;
20160623;3756;2743;890;6148;975;2860;6039;3364;9403;2037;2124;8263;6244;;;;;;;
20160624;3157;2564;869;5920;906;2472;5455;3000;8455;1788;1755;7292;5903;;;;;;;
20160625;1533;2673;561;5273;951;1528;3574;1851;5425;1199;1344;4365;4403;;;;;;;
20160626;1618;2586;555;3385;922;1251;3235;1439;4674;1323;1150;3949;3142;;;;;;;
20160627;1901;812;425;1812;289;1556;2840;1637;4477;925;856;4002;2417;;;;;;;
20160628;3751;2785;906;4590;998;2939;6097;3176;9273;2384;1961;8180;5470;;;;;;;
20160629;3671;2852;976;5685;1028;3022;6043;3269;9312;2226;2088;8150;6059;;;;;;;
20160630;3157;2157;832;4076;764;2451;4805;2758;7563;1807;1712;6731;4852;;;;;;;
20160701;2847;2197;774;4743;815;2537;4910;2657;7567;1597;1683;5759;5114;;;;;;;
20160702;1376;2580;555;4827;953;1576;2949;1466;4415;1259;1171;3198;4047;;;;;;;
20160703;1078;1610;362;2172;592;1057;2510;1069;3579;1119;960;2571;2337;;;;;;;
20160704;3204;2429;891;4804;904;2869;5163;2846;8009;2477;1897;6194;5365;;;;;;;
20160705;3374;2759;911;6107;1021;3045;5772;3148;8920;2687;2041;6796;6157;;;;;;;
20160706;3283;2213;766;3938;824;2858;5564;3113;8677;2456;1863;6608;4935;;;;;;;
20160707;3168;2494;855;4376;930;2780;5786;2983;8769;2706;1976;6598;5186;;;;;;;
20160708;2663;2412;824;5026;896;2507;5080;2670;7750;2200;1615;5757;5114;;;;;;;
20160709;1480;2483;464;3402;923;1585;3501;1674;5175;1251;1218;3680;3210;;;;;;;
20160710;1555;3498;710;6817;1293;1347;3484;1719;5203;1571;1265;3733;5188;;;;;;;
20160711;2603;1912;796;4886;711;2230;4279;2407;6686;2164;1533;5133;4873;;;;;;;
20160712;1783;1248;418;1987;462;1454;2688;1615;4303;1225;989;3363;2749;;;;;;;
20160713;1806;1021;409;1523;378;1445;2532;1571;4103;1092;919;3266;2160;;;;;;;
20160714;1821;784;259;1424;290;1473;2949;1504;4453;1103;969;3468;2128;;;;;;;
20160715;2300;1558;561;2527;580;1866;3946;1911;5857;1575;1358;4512;3114;;;;;;;
20160716;785;934;211;934;345;965;1749;867;2616;787;690;1879;1268;;;;;;;
20160717;1233;2491;516;2608;648;1113;2894;1313;4207;1277;1145;3006;2645;;;;;;;
20160718;2925;2211;781;3892;790;2308;4846;2459;7305;2308;1627;5653;4455;;;;;;;
20160719;3261;2717;906;5072;847;2569;5411;2852;8263;2551;1906;6366;5383;;;;;;;
20160720;3359;2825;931;5581;850;2550;5730;2918;8648;2508;1909;6633;5666;;;;;;;
20160721;3138;2548;868;5483;737;2618;5366;2808;8174;2279;1847;6248;5405;;;;;;;
20160722;2574;2273;739;4012;645;2050;4570;2582;7152;2023;1631;5373;4350;;;;;;;
20160723;1715;2763;621;4489;618;1495;3383;1737;5120;1304;1307;3776;3822;;;;;;;
20160724;1612;3035;676;5097;1007;1377;3593;1585;5178;1598;1285;3758;4249;;;;;;;
20160725;2866;2077;847;4467;728;2219;4866;2591;7457;2234;1661;5704;4828;;;;;;;
20160726;3115;2627;867;5137;806;2526;5311;2880;8191;2280;1949;5388;5356;;;;;;;
20160727;3064;2313;816;4411;741;2502;5244;2875;8119;2188;1755;5196;4804;;;;;;;
20160728;2852;2214;727;3825;647;2240;4982;2796;7778;1996;1709;5169;4257;;;;;;;
20160729;2852;2470;778;4732;717;2121;4921;2647;7568;2002;1702;5757;4761;;;;;;;
20160730;1846;2724;646;5559;624;1285;3776;1932;5708;1351;1353;4174;4700;;;;;;;
20160731;1335;2882;625;4641;563;962;2816;1475;4291;1250;1016;3114;3718;;;;;;;
20160801;2656;1591;672;3243;569;1989;4277;2290;6567;1772;1458;4718;3746;;;;;;;
20160802;3227;2709;882;4801;841;2467;5458;3011;8469;2350;1881;5988;5194;;;;;;;
20160803;3116;2437;805;4671;724;2476;5315;2903;8218;2334;1855;5803;4927;;;;;;;
20160804;3176;2659;837;5598;800;2427;5088;3011;8099;2234;1801;5782;5608;;;;;;;
20160805;2086;1565;564;2488;453;1637;3164;1849;5013;1354;1019;3638;2951;;;;;;;
20160806;1481;2206;489;2759;519;1342;3734;1474;5208;1258;1161;3433;2930;;;;;;;
20160807;1834;3483;768;5325;1096;1324;4729;1756;6485;1948;1579;4269;4458;;;;;;;
20160808;2949;2533;868;6107;855;2191;5027;2721;7748;2471;1796;5484;5762;;;;;;;
20160809;2076;1707;551;2899;486;1613;3331;1897;5228;1580;1178;3733;3217;;;;;;;
20160810;1044;473;169;733;143;813;1510;899;2409;588;485;1769;1219;;;;;;;
20160811;2411;1878;555;2747;491;1996;4145;2105;6250;1733;1351;4435;3410;;;;;;;
20160812;1929;1577;491;2244;450;1583;3479;1780;5259;1418;1096;3684;2827;;;;;;;
20160813;1293;1777;445;2251;555;1299;3169;1319;4488;1168;1100;2966;2271;;;;;;;
20160814;1537;3389;720;5531;864;1079;3623;1565;5188;1539;1319;3450;4135;;;;;;;
20160815;1627;3139;752;4370;980;1367;3590;1623;5213;1651;1362;3514;3862;;;;;;;
20160816;2688;2098;733;3537;794;2171;4465;2331;6796;2179;1637;4855;4321;;;;;;;
20160817;2763;2295;742;3688;750;2288;4904;2581;7485;2045;1551;5256;4337;;;;;;;
20160818;2884;2590;743;4414;860;2353;5165;2670;7835;2221;1716;5489;4845;;;;;;;
20160819;2464;2190;717;3373;659;2025;4781;2336;7117;1953;1487;4911;4089;;;;;;;
20160820;1642;3041;717;4853;878;1506;3709;1796;5505;1698;1348;3665;4188;;;;;;;
20160821;641;760;238;1087;229;636;1455;680;2135;585;520;1424;1523;;;;;;;
20160822;2341;1416;533;2467;473;1927;3641;1912;5553;1657;1279;4041;3246;;;;;;;
20160823;3080;2495;884;4487;858;2540;5118;2676;7794;2402;1896;5570;4975;;;;;;;
20160824;3190;2676;907;5054;926;2648;5397;2806;8203;2482;1845;5835;5311;;;;;;;
20160825;3152;2639;942;4952;844;2347;5284;2664;7948;2401;1797;5682;5448;;;;;;;
20160826;2695;2663;845;4883;795;2046;4927;2485;7412;2019;1582;5180;4959;;;;;;;
20160827;1727;2823;802;5480;747;1572;3764;1788;5552;1362;1311;3728;4655;;;;;;;
20160828;1571;3493;761;6749;793;1312;3632;1723;5355;1624;1383;3548;5223;;;;;;;
20160829;2420;1490;693;2801;594;1987;3766;2168;5934;1823;1373;4278;3636;;;;;;;
20160830;3133;2372;799;4389;788;2447;5310;2815;8125;2370;1891;5763;5123;;;;;;;
20160831;3230;2638;936;4921;909;2625;5465;2804;8269;2446;1922;5885;5509;;;;;;;
20160901;3234;2532;855;4835;896;2656;5388;2951;8339;2417;1843;7845;5356;;;;;;;
20160902;2555;1889;725;3328;655;2284;4277;2291;6568;1892;1492;5973;4005;;;;;;;
20160903;1752;2743;663;4102;818;1568;3906;1782;5688;1518;1490;5913;4188;;;;;;;
20160904;1709;3698;762;6015;894;1357;3683;1703;5386;1570;1357;5806;5285;;;;;;;
20160905;1681;489;384;1188;166;1241;2269;1295;3564;570;775;3229;2192;;;;;;;
20160906;1092;449;202;841;168;961;1521;884;2405;445;532;2109;1410;;;;;;;
20160907;3325;2344;803;3642;780;2482;5160;2648;7808;1720;1782;7172;4807;;;;;;;
20160908;3455;2429;802;4402;785;2622;5296;2894;8190;1839;1830;7616;5154;;;;;;;
20160909;3033;2411;832;4438;799;2547;5227;2801;8028;1803;1922;7769;5209;;;;;;;
20160910;1992;2670;625;4499;713;1755;3921;1814;5735;1419;1581;6217;4361;;;;;;;
20160911;1851;3797;906;6110;1032;1540;3956;1840;5796;1533;1616;6049;5304;;;;;;;
20160912;3429;2262;943;6664;790;2562;5107;2778;7885;1739;1797;7769;5342;;;;;;;
20160913;3699;2472;893;7031;813;2755;5609;3002;8611;1866;2002;8474;5771;;;;;;;
20160914;3649;2547;875;7184;892;2942;5719;3084;8803;1823;1944;8402;5775;;;;;;;
20160915;3441;2423;880;6918;854;2705;5543;3087;8630;1928;1916;8212;5633;;;;;;;
20160916;3135;2501;806;6208;814;2503;5144;2749;7893;1711;1803;7464;5050;;;;;;;
20160917;1163;849;283;2111;242;1172;2146;1338;3484;848;915;2666;1650;;;;;;;
20160918;1322;2248;486;3184;641;1175;2777;1555;4332;1022;1073;3182;2571;;;;;;;
20160919;2734;1101;659;4563;515;2049;3756;2146;5902;1243;1302;5185;3475;;;;;;;
20160920;3111;1544;562;5152;554;2228;4378;2432;6810;1202;1319;5600;3839;;;;;;;
20160921;3025;1481;609;4636;577;2280;4328;2266;6594;1254;1323;5312;3566;;;;;;;
20160922;3074;1743;665;5089;613;2308;4432;2404;6836;1318;1458;5825;3903;;;;;;;
20160923;2800;1764;691;4901;682;2202;4484;2392;6876;1404;1522;5694;3720;;;;;;;
20160924;1736;2172;610;3516;714;1588;3608;1595;5203;1095;1225;4174;2786;;;;;;;
20160925;1750;3159;697;4118;1054;1328;4025;1612;5637;1284;1401;4223;3425;;;;;;;
20160926;3128;1480;746;5027;627;2214;4675;2363;7038;1410;1470;5825;3893;;;;;;;
20160927;3333;1931;722;5528;655;2408;4481;2940;7421;1597;1665;6379;4211;;;;;;;
20160928;3311;1941;771;5665;612;2456;4905;2569;7474;1460;1564;6338;4274;;;;;;;
20160929;3249;2068;758;5777;688;2524;5397;2691;8088;1638;1745;6896;4593;;;;;;;
20160930;3126;2373;831;5803;781;2514;5274;2698;7972;1696;1811;6974;4598;;;;;;;
20161001;1658;2782;523;2682;800;1666;3811;1837;5648;1333;1399;3205;3343;;;;;;;
20161002;903;954;230;1245;269;815;1737;897;2634;627;630;1529;1431;;;;;;;
20161003;2402;687;393;2012;340;1527;3059;1707;4766;803;834;3859;2304;;;;;;;
20161004;928;237;124;807;76;628;1055;694;1749;338;349;1436;917;;;;;;;
20161005;1984;615;321;1826;239;1337;2467;1406;3873;715;744;3469;2075;;;;;;;
20161006;1337;286;163;1110;81;829;1524;976;2500;438;450;2115;1255;;;;;;;
20161007;1976;983;414;1875;284;1414;2735;1558;4293;820;856;3256;2201;;;;;;;
20161008;875;917;370;1122;256;966;1650;851;2501;583;595;1649;1316;;;;;;;
20161009;894;1052;452;1333;313;786;1744;846;2590;580;599;1481;1552;;;;;;;
20161010;2288;679;465;1962;321;1573;2864;1637;4501;825;845;3833;2318;;;;;;;
20161011;1763;482;290;1639;199;1217;2305;1378;3683;655;671;3094;1851;;;;;;;
20161012;1660;401;293;1451;129;1082;2023;1183;3206;612;629;2737;1634;;;;;;;
20161013;2180;737;330;1961;272;1495;2851;1703;4554;832;848;3629;2286;;;;;;;
20161014;2082;825;327;1926;283;1594;2787;1601;4388;919;950;3570;2222;;;;;;;
20161015;1083;1344;270;1530;307;1193;2187;1094;3281;747;779;1921;1812;;;;;;;
20161016;1186;1993;356;1597;544;1093;2323;1098;3421;872;909;1837;1957;;;;;;;
20161017;2362;722;397;2062;376;1596;2905;1718;4623;827;854;3883;2352;;;;;;;
20161018;1346;344;221;1221;150;876;1559;980;2539;482;497;2163;1368;;;;;;;
20161019;1546;422;260;1466;175;990;1794;1172;2966;548;569;2561;1675;;;;;;;
20161020;1114;285;106;959;85;782;1364;835;2199;446;454;1926;1019;;;;;;;
20161021;1834;684;317;1833;245;1350;2730;1576;4306;766;810;3119;2064;;;;;;;
20161022;1191;1357;312;1547;331;1041;2414;1234;3648;817;857;2044;1783;;;;;;;
20161023;911;884;222;1032;195;717;1682;932;2614;520;423;1451;1199;;;;;;;
20161024;2160;697;364;1975;321;1469;2920;1710;4630;880;878;3776;2225;;;;;;;
20161025;2126;683;351;1864;261;1396;2971;1722;4693;817;881;3636;2127;;;;;;;
20161026;995;1041;216;1358;278;902;2030;1049;3079;628;673;1847;1566;;;;;;;
20161027;2047;753;396;1963;272;1474;2987;1704;4691;787;885;3536;2274;;;;;;;
20161028;1858;978;326;1974;371;1462;3059;1644;4703;784;952;3457;2291;;;;;;;
20161029;683;382;148;947;109;669;1369;722;2091;297;429;1299;1050;;;;;;;
20161030;704;834;202;1004;240;638;1601;782;2383;432;402;1098;1088;;;;;;;
20161031;1670;838;362;1719;342;1258;2628;1379;4007;658;810;2694;2049;;;;;;;
20161101;877;1458;329;1308;439;841;1856;810;2666;852;655;1449;1629;;;;;;;
20161102;1315;342;225;1143;136;812;1535;1027;2562;425;496;2099;1392;;;;;;;
20161103;1739;465;211;1474;206;1115;2242;1299;3541;490;705;2894;1722;;;;;;;
20161104;1759;520;277;1519;238;1129;2238;1333;3571;587;671;3019;1769;;;;;;;
20161105;719;663;153;903;161;763;1148;711;1859;433;470;1269;1001;;;;;;;
20161106;320;122;69;347;36;311;397;245;642;111;111;521;396;;;;;;;
20161107;1867;549;268;1711;204;1307;2314;1326;3640;631;721;3221;2011;;;;;;;
20161108;1961;586;275;1684;219;1228;2410;1402;3812;649;750;3341;1956;;;;;;;
20161109;2015;629;316;1779;273;1326;2542;1548;4090;662;781;3319;2113;;;;;;;
20161110;1681;424;219;1300;190;1077;2004;1171;3175;465;591;2860;1530;;;;;;;
20161111;1582;434;213;1330;185;1103;1911;1132;3043;543;576;2552;1597;;;;;;;
20161112;397;131;75;504;46;393;616;382;998;147;203;816;571;;;;;;;
20161113;616;597;142;712;127;521;874;530;1404;361;314;903;881;;;;;;;
20161114;1692;476;290;1467;231;1085;1923;1244;3167;561;568;2907;1772;;;;;;;
20161115;1639;499;245;1430;214;1079;1933;1227;3160;510;624;2803;1686;;;;;;;
20161116;1013;177;141;802;99;594;1003;673;1676;257;308;1627;924;;;;;;;
20161117;1414;330;198;1135;147;967;1616;1046;2662;449;532;2436;1350;;;;;;;
20161118;1543;546;236;1455;210;1048;1901;1115;3016;498;563;2588;1635;;;;;;;
20161119;711;312;123;721;118;575;1031;629;1660;264;412;1213;841;;;;;;;
20161120;791;1139;180;940;251;699;1451;673;2124;575;535;1358;1165;;;;;;;
20161121;2116;722;329;1809;315;1443;2518;1450;3968;851;839;3640;2114;;;;;;;
20161122;2355;945;363;2218;346;1551;2858;1697;4555;957;968;3956;2625;;;;;;;
20161123;2181;632;360;1842;328;1374;2438;1524;3962;783;771;3664;2125;;;;;;;
20161124;1916;476;295;1540;224;1228;2222;1343;3565;611;677;3304;1809;;;;;;;
20161125;1318;297;229;1230;162;948;1683;936;2619;460;503;2350;1389;;;;;;;
20161126;908;624;185;940;134;779;1438;817;2255;414;494;1620;1103;;;;;;;
20161127;651;662;137;715;104;532;1026;577;1603;357;271;1123;837;;;;;;;
20161128;1802;450;260;1387;224;1109;1844;1170;3014;532;566;2795;1676;;;;;;;
20161129;1828;449;248;1363;208;1114;1840;1179;3019;530;600;2844;1687;;;;;;;
20161130;1773;396;244;1398;170;1143;1755;1189;2944;440;563;2873;1644;;;;;;;
20161201;1107;194;141;650;62;635;1135;728;1863;305;353;1824;921;;;;;;;
20161202;977;225;135;646;93;657;1073;740;1813;274;314;1782;922;;;;;;;
20161203;709;452;145;575;124;638;982;590;1572;252;371;1296;790;;;;;;;
20161204;574;342;97;487;78;456;788;451;1239;300;249;910;643;;;;;;;
20161205;1545;366;221;981;173;916;1529;1003;2532;447;493;2610;1392;;;;;;;
20161206;1609;419;221;996;172;955;1686;1103;2789;451;512;2821;1415;;;;;;;
20161207;1662;396;212;992;176;957;1653;1209;2862;440;503;2801;1409;;;;;;;
20161208;534;293;78;434;69;503;792;527;1319;299;269;1051;577;;;;;;;
20161209;1143;432;179;858;167;821;1457;929;2386;438;500;2111;1223;;;;;;;
20161210;779;871;161;738;188;672;1251;756;2007;354;532;1460;1007;;;;;;;
20161211;555;540;114;504;132;473;822;499;1321;286;276;1008;668;;;;;;;
20161212;1378;274;200;875;141;798;1318;914;2232;349;423;2304;1237;;;;;;;
20161213;1573;402;241;1095;169;941;1862;1150;3012;476;534;2771;1554;;;;;;;
20161214;1498;289;186;910;122;894;1573;989;2562;413;467;2514;1288;;;;;;;
20161215;1559;377;219;1073;186;955;1881;1099;2980;445;523;2780;1524;;;;;;;
20161216;1434;333;196;1032;161;956;1640;1078;2718;508;558;2488;1466;;;;;;;
20161217;655;253;104;453;92;602;910;539;1449;248;344;1199;619;;;;;;;
20161218;424;267;90;400;66;368;610;350;960;303;224;733;529;;;;;;;
20161219;1249;281;188;776;103;761;1304;835;2139;375;411;2122;1103;;;;;;;
20161220;961;260;173;742;102;619;961;660;1621;265;314;1640;1056;;;;;;;
20161221;880;187;130;615;110;571;867;616;1483;315;326;1501;869;;;;;;;
20161222;863;203;124;625;96;582;983;651;1634;323;344;1593;885;;;;;;;
20161223;711;201;127;542;98;550;804;521;1325;239;272;1211;766;;;;;;;
20161224;189;158;88;215;64;179;249;119;368;86;118;380;291;;;;;;;
20161225;96;76;66;171;28;93;163;87;250;92;78;194;223;;;;;;;
20161226;236;504;143;389;114;196;465;212;677;203;183;460;519;;;;;;;
20161227;446;211;109;345;79;297;493;373;866;121;163;754;491;;;;;;;
20161228;470;167;116;425;59;350;607;386;993;193;216;852;600;;;;;;;
20161229;606;329;152;479;133;449;840;524;1364;233;270;1019;681;;;;;;;
20161230;620;287;139;420;110;430;800;476;1276;244;306;991;599;;;;;;;
20161231;342;253;76;324;72;276;516;284;800;128;191;563;446;;;;;;;
20150101;77;75;55;115;9;74;203;94;297;80;73;697;253;;;;;;;
20150102;268;200;113;420;44;290;444;271;715;154;111;692;523;;;;;;;
20150103;241;263;97;269;80;310;416;201;617;137;151;541;328;;;;;;;
20150104;149;130;38;217;28;155;270;138;408;92;84;350;298;;;;;;;
20150105;257;109;66;280;16;213;356;213;569;85;129;536;407;;;;;;;
20150106;212;341;107;412;30;206;450;190;640;159;132;495;508;;;;;;;
20150107;671;206;133;566;79;497;823;458;1281;212;227;1318;887;;;;;;;
20150108;627;166;105;469;37;467;697;441;1138;182;173;1209;717;;;;;;;
20150109;812;283;147;639;60;623;1084;598;1682;270;252;1557;1000;;;;;;;
20150110;388;293;70;287;44;445;624;339;963;169;237;751;435;;;;;;;
20150111;296;144;61;196;24;270;536;272;808;109;120;541;336;;;;;;;
20150112;1125;337;193;837;120;872;1334;854;2188;407;374;2132;1217;;;;;;;
20150113;1375;607;229;1245;191;1149;1885;1067;2952;599;476;2676;1682;;;;;;;
20150114;1244;340;200;931;141;937;1498;915;2413;438;425;2361;1410;;;;;;;
20150115;1326;440;217;1020;162;1088;1771;1016;2787;469;538;2574;1519;;;;;;;
20150116;1118;419;230;969;124;929;1637;943;2580;465;433;2297;1375;;;;;;;
20150117;439;367;103;405;88;507;762;406;1168;248;277;888;654;;;;;;;
20150118;456;523;137;508;94;442;814;379;1193;282;247;798;723;;;;;;;
20150119;1253;339;240;980;161;991;1558;891;2449;452;388;2341;1420;;;;;;;
20150120;1236;399;230;986;150;972;1589;974;2563;434;405;2417;1490;;;;;;;
20150121;1294;405;219;1013;124;982;1581;984;2565;501;439;2416;1489;;;;;;;
20150122;1317;379;229;962;162;1023;1749;1043;2792;503;472;2548;1464;;;;;;;
20150123;1025;282;181;811;114;930;1418;851;2269;350;365;2114;1191;;;;;;;
20150124;400;293;68;303;74;445;661;378;1039;169;200;869;528;;;;;;;
20150125;186;87;51;143;10;193;287;150;437;69;86;358;237;;;;;;;
20150126;1025;304;199;811;32;742;1354;765;2119;357;307;1988;1278;;;;;;;
20150127;687;167;99;500;46;487;891;572;1463;190;211;1342;798;;;;;;;
20150128;1096;410;171;883;75;789;1411;753;2164;379;394;2213;1384;;;;;;;
20150129;945;250;136;713;69;736;1285;735;2020;282;293;1844;1125;;;;;;;
20150130;654;163;95;511;39;470;529;339;868;210;203;1293;801;;;;;;;
20150131;402;408;102;398;57;470;735;359;1094;232;227;810;608;;;;;;;
20150201;305;320;72;367;40;379;554;250;804;182;136;585;496;;;;;;;
20150202;838;310;167;731;76;711;1183;689;1872;318;303;1646;1102;;;;;;;
20150203;908;359;141;926;130;844;1399;790;2189;440;350;1799;1276;;;;;;;
20150204;840;243;150;688;97;747;1176;702;1878;314;268;1653;1108;;;;;;;
20150205;774;198;117;649;67;661;1104;634;1738;276;233;1571;969;;;;;;;
20150206;680;216;131;573;63;627;971;538;1509;236;251;1380;913;;;;;;;
20150207;277;296;81;345;80;379;540;304;844;146;200;607;479;;;;;;;
20150208;128;97;39;125;18;142;245;107;352;50;67;245;197;;;;;;;
20150209;300;104;62;299;19;155;290;220;510;94;46;526;411;;;;;;;
20150210;510;142;94;395;11;315;548;399;947;151;134;930;696;;;;;;;
20150211;842;226;179;685;46;604;916;691;1607;294;236;1644;1143;;;;;;;
20150212;1071;366;218;967;77;745;1186;1009;2195;410;325;1951;1299;;;;;;;
20150213;947;430;189;853;103;764;1105;844;1949;355;336;1809;1237;;;;;;;
20150214;495;431;121;523;106;505;831;422;1253;269;264;873;685;;;;;;;
20150215;432;574;129;617;94;398;754;399;1153;351;266;629;785;;;;;;;
20150216;1170;490;294;1059;166;953;1567;867;2434;524;431;2232;1521;;;;;;;
20150217;1114;441;223;902;136;973;1428;895;2323;474;387;2185;1368;;;;;;;
20150218;1152;356;213;861;136;871;1352;840;2192;406;312;2051;1291;;;;;;;
20150219;1195;378;206;935;134;947;1534;916;2450;442;390;2184;1379;;;;;;;
20150220;1173;649;238;983;169;960;1600;872;2472;524;387;2062;1420;;;;;;;
20150221;610;850;185;947;216;670;1282;604;1886;507;430;1235;1084;;;;;;;
20150222;325;374;104;396;100;307;618;324;942;240;157;648;541;;;;;;;
20150223;1126;364;236;983;126;868;1430;818;2248;426;335;2052;1395;;;;;;;
20150224;644;122;85;444;38;498;692;476;1168;187;162;1173;761;;;;;;;
20150225;828;193;137;586;57;590;979;523;1502;233;216;1483;962;;;;;;;
20150226;1069;391;204;895;128;927;1406;900;2306;400;344;2165;1339;;;;;;;
20150227;1162;740;255;1203;194;1068;1667;991;2658;593;433;2277;1544;;;;;;;
20150228;628;679;165;739;189;711;998;622;1620;423;372;1083;911;;;;;;;
20150301;506;865;141;794;253;477;930;470;1400;406;265;945;1006;;;;;;;
20150302;1152;293;166;826;112;859;1289;841;2130;371;302;2034;1282;;;;;;;
20150303;1518;657;277;1240;218;1226;2078;1270;3348;661;467;2908;1845;;;;;;;
20150304;1289;373;227;1030;160;1052;1641;1048;2689;461;405;2545;1561;;;;;;;
20150305;1417;494;257;1136;165;1168;1846;1076;2922;518;432;2672;1680;;;;;;;
20150306;1295;518;279;1114;195;1193;1684;1052;2736;503;425;2407;1602;;;;;;;
20150307;639;791;233;843;200;826;1339;689;2028;598;416;1375;1052;;;;;;;
20150308;746;1330;261;1534;420;857;1596;732;2328;779;464;1450;1522;;;;;;;
20150309;1658;791;376;1528;344;1399;2276;1342;3618;730;560;3346;2089;;;;;;;
20150310;1895;1070;374;1891;357;1591;2655;1650;4305;936;731;3678;2499;;;;;;;
20150311;975;223;157;724;94;759;1159;775;1934;295;280;1950;1158;;;;;;;
20150312;1403;458;221;1033;161;1093;1817;1113;2930;525;447;2615;1581;;;;;;;
20150313;1118;336;211;752;110;922;1331;885;2216;431;338;2030;1314;;;;;;;
20150314;496;337;138;494;103;600;864;442;1306;275;283;1019;681;;;;;;;
20150315;519;649;150;666;154;594;876;445;1321;361;245;985;794;;;;;;;
20150316;1647;708;329;1444;249;1412;2203;1416;3619;710;561;3226;2158;;;;;;;
20150317;1918;1055;398;1980;366;1624;2705;1631;4336;910;732;3902;2484;;;;;;;
20150318;2037;1123;403;1879;386;1740;3051;1721;4772;972;711;3985;2575;;;;;;;
20150319;1982;980;413;1952;378;1742;3080;1673;4753;941;786;3980;2534;;;;;;;
20150320;1815;1133;421;2006;399;1638;2930;1577;4507;923;771;3530;2544;;;;;;;
20150321;1026;1931;420;2025;551;1238;2344;1151;3495;1020;770;1999;1962;;;;;;;
20150322;609;704;216;710;200;695;1148;649;1797;512;345;1163;950;;;;;;;
20150323;1960;954;404;1794;363;1698;2801;1640;4441;926;686;3813;2482;;;;;;;
20150324;2148;1393;457;2396;401;1904;3348;1992;5340;1104;847;4329;2934;;;;;;;
20150325;1906;870;411;1854;63;1792;2985;1807;4792;911;716;3975;2584;;;;;;;
20150326;1472;441;268;1210;106;1230;1990;1257;3247;559;523;2918;1775;;;;;;;
20150327;1199;372;205;921;123;1087;1634;918;2552;398;406;2247;1451;;;;;;;
20150328;625;797;185;632;223;822;1299;665;1964;501;381;1320;931;;;;;;;
20150329;527;682;139;833;206;630;1040;416;1456;446;318;1040;954;;;;;;;
20150330;673;269;143;607;87;669;973;569;1542;313;225;1337;945;;;;;;;
20150331;611;198;151;799;93;601;851;509;1360;227;222;1263;882;;;;;;;
20150401;662;232;119;628;82;647;836;534;1370;241;240;1394;923;;;;;;;
20150402;752;248;123;590;109;647;923;597;1520;267;229;1473;932;;;;;;;
20150403;752;590;183;786;228;761;1141;644;1785;444;324;1303;1079;;;;;;;
20150404;506;817;211;850;223;528;1117;497;1614;474;345;1039;1022;;;;;;;
20150405;407;598;155;656;200;394;893;372;1265;366;259;715;692;;;;;;;
20150406;446;646;158;623;220;441;851;416;1267;360;201;710;828;;;;;;;
20150407;1255;630;270;1149;279;1181;1685;1050;2735;554;425;2401;1767;;;;;;;
20150408;1302;495;243;1091;142;1000;1597;914;2511;451;432;2376;1633;;;;;;;
20150409;1914;1313;490;2015;469;1663;2917;1547;4464;998;749;3502;2631;;;;;;;
20150410;2028;1981;592;2911;705;2004;3807;1810;5617;1412;1023;3982;3355;;;;;;;
20150411;1467;2538;516;3314;1057;1525;4315;1991;6306;1433;1252;3315;3139;;;;;;;
20150412;1410;2305;581;3006;1007;1348;2392;1757;4149;1114;1017;2545;2809;;;;;;;
20150413;2355;1140;508;2355;434;2119;3471;1999;5470;1177;879;4645;3143;;;;;;;
20150414;2541;1437;578;2848;654;2407;4130;2334;6464;1329;1146;5151;3665;;;;;;;
20150415;2886;2054;688;3606;815;2709;4801;2848;7649;1688;1367;5987;4387;;;;;;;
20150416;3059;2343;750;4241;804;2649;5494;3006;8500;1881;1465;6255;4853;;;;;;;
20150417;1546;581;315;1370;266;1424;2290;1419;3709;671;659;2943;1944;;;;;;;
20150418;942;1126;225;980;267;1088;2100;1058;3158;653;553;1965;1424;;;;;;;
20150419;1223;2328;494;2634;793;1280;3051;1340;4391;1307;964;2176;2552;;;;;;;
20150420;2440;1268;573;2441;544;2203;3712;2135;5847;1260;1008;5061;3223;;;;;;;
20150421;2775;1706;612;3055;644;2490;4330;2424;6754;1488;1311;5571;3776;;;;;;;
20150422;3011;2182;794;3346;727;2687;4987;2728;7715;1690;1378;5983;4265;;;;;;;
20150423;2814;1565;693;2957;636;2333;4165;2482;6647;1387;1217;5350;3843;;;;;;;
20150424;2508;1839;727;3262;689;2340;4393;2339;6732;1538;1321;5056;3838;;;;;;;
20150425;1954;3318;753;4047;1236;2114;4043;2000;6043;1804;1346;3504;3773;;;;;;;
20150426;1684;3577;755;4042;1196;1618;3693;1647;5340;1822;1193;2921;3621;;;;;;;
20150427;3013;2143;830;3760;778;2732;4899;2737;7636;1750;1389;5867;4396;;;;;;;
20150428;1604;559;343;1406;259;1320;2161;1390;3551;632;640;3108;1995;;;;;;;
20150429;2451;1590;541;2800;551;2345;4095;2181;6276;1204;1123;5026;3471;;;;;;;
20150430;2267;1235;493;2239;430;1917;3502;2023;5525;1077;964;4686;2916;;;;;;;
20150501;1079;1737;355;2184;553;997;2658;1236;3894;985;627;2062;2152;;;;;;;
20150502;796;997;297;1215;283;1213;1829;913;2742;637;680;1778;1490;;;;;;;
20150503;804;1104;277;1224;277;858;1705;830;2535;677;480;1499;1453;;;;;;;
20150504;2335;1257;543;2466;520;2046;3610;2135;5745;1282;1017;4618;3059;;;;;;;
20150505;3309;2592;854;4854;935;2857;5450;3116;8566;1966;1528;6487;5234;;;;;;;
20150506;2378;1026;497;2255;393;2109;3557;2021;5578;1086;929;4707;3113;;;;;;;
20150507;3143;2309;740;3808;706;2818;5297;2955;8252;1743;1518;6280;4398;;;;;;;
20150508;2958;2567;819;3913;855;2699;5714;3087;8801;1768;1529;5837;4634;;;;;;;
20150509;1409;1792;434;2161;592;1677;2989;1661;4650;1091;923;2671;2610;;;;;;;
20150510;1350;2448;476;2887;776;1417;3282;1546;4828;1315;876;2559;2947;;;;;;;
20150511;3134;2203;881;3943;901;3014;5228;2772;8000;2025;1418;6241;4779;;;;;;;
20150512;3626;2668;910;4469;895;3087;5772;3232;9004;2035;1600;6939;5221;;;;;;;
20150513;2431;1368;570;2512;513;2230;3796;2169;5965;1223;1027;4834;3239;;;;;;;
20150514;1212;2202;535;2429;501;1420;2615;1383;3998;1531;958;2443;2463;;;;;;;
20150515;1542;1138;402;1634;349;1672;3149;1623;4772;849;841;3289;2306;;;;;;;
20150516;1730;3489;757;4022;1047;1849;4866;2089;6955;1797;1355;3615;3722;;;;;;;
20150517;1277;2211;471;2445;812;1271;3264;1412;4676;1254;917;2461;2466;;;;;;;
20150518;3109;2421;840;3943;896;2947;5138;2870;8008;1790;1339;6079;4637;;;;;;;
20150519;3046;2143;728;3477;749;2517;5131;2929;8060;1580;1376;6118;4340;;;;;;;
20150520;2156;1038;482;2078;324;1815;3300;1872;5172;817;772;4333;2740;;;;;;;
20150521;1736;661;283;1413;209;1548;2629;1678;4307;603;667;3476;2076;;;;;;;
20150522;1424;600;264;1145;208;1343;2072;1322;3394;567;561;2814;1814;;;;;;;
20150523;247;101;55;199;16;289;408;200;608;73;132;523;325;;;;;;;
20150524;608;827;253;1055;263;703;1445;666;2111;404;359;1136;1231;;;;;;;
20150525;1135;2773;491;2531;822;1344;2672;1096;3768;1419;881;2032;2365;;;;;;;
20150526;1406;558;234;1121;206;1133;1840;1264;3104;566;446;2498;1728;;;;;;;
20150527;2547;1472;442;2223;433;2002;3544;2007;5551;1067;929;4689;2999;;;;;;;
20150528;2727;1954;580;2916;586;2366;4354;2458;6812;1493;1078;5400;3746;;;;;;;
20150529;3011;2698;734;4032;798;2588;5562;2849;8411;1869;1339;5698;4586;;;;;;;
20150530;1605;2394;648;3272;675;1602;3852;1877;5729;1328;1107;3238;3242;;;;;;;
20150531;1935;4116;914;5912;1373;1717;4654;2075;6729;2214;1426;3349;4894;;;;;;;
20150601;3268;2288;913;4502;868;2733;6059;3081;9140;1982;1475;6565;4952;;;;;;;
20150602;3552;2714;950;5248;905;3289;6146;3401;9547;2081;1725;7124;5677;;;;;;;
20150603;3385;2626;980;5408;782;2925;6004;3244;9248;1987;1603;6735;5698;;;;;;;
20150604;1899;4591;926;8869;1103;1898;4741;2334;7075;1808;1526;3673;6126;;;;;;;
20150605;2361;2590;864;5718;803;2317;4908;2684;7592;1614;1293;4318;5101;;;;;;;
20150606;1691;2881;653;6287;738;1739;4152;2071;6223;1337;1168;3289;4941;;;;;;;
20150607;1523;3437;724;7720;773;1494;3952;1780;5732;1405;1026;2825;5332;;;;;;;
20150608;3316;2421;998;5389;834;3104;5479;3031;8510;1895;1644;6003;5628;;;;;;;
20150609;3377;2268;837;4432;777;3134;5719;3094;8813;1913;1585;6757;5089;;;;;;;
20150610;3539;2729;915;5144;877;3129;5891;3285;9176;2030;1743;6868;5726;;;;;;;
20150611;3489;2565;968;5251;707;3053;6146;3508;9654;1875;1642;6662;5636;;;;;;;
20150612;3031;2625;916;5692;748;2873;5796;3051;8847;1792;1508;5981;5673;;;;;;;
20150613;1551;2664;672;5708;600;1878;3394;1907;5301;1025;1121;3101;4483;;;;;;;
20150614;1281;2997;718;5879;687;1363;3265;1597;4862;1068;871;2374;4213;;;;;;;
20150615;2339;1151;583;2342;371;1997;3433;1932;5365;933;813;4312;3140;;;;;;;
20150616;2924;2121;739;3346;659;2765;4924;2859;7783;1524;1288;5936;4247;;;;;;;
20150617;2988;2035;780;3417;642;2742;4790;2873;7663;1556;1250;6103;4262;;;;;;;
20150618;3009;2167;763;3405;676;2797;4990;2845;7835;1547;1248;6204;4310;;;;;;;
20150619;1993;1173;532;2250;316;1817;3396;1980;5376;809;808;3927;2988;;;;;;;
20150620;1079;1199;329;1421;293;1077;2022;1066;3088;522;576;2139;1666;;;;;;;
20150621;1312;2226;379;2799;616;1117;3006;1334;4340;1068;839;2291;2632;;;;;;;
20150622;2345;1688;686;2595;633;2099;3486;2085;5571;1235;874;4329;3370;;;;;;;
20150623;1580;984;336;1548;290;1476;2367;1388;3755;768;687;3018;2174;;;;;;;
20150624;2877;2029;648;3021;582;2453;4330;2529;6859;1451;1145;5484;3952;;;;;;;
20150625;3086;2386;827;4024;776;2691;5203;2910;8113;1789;1295;6094;4631;;;;;;;
20150626;2834;2604;891;4521;759;2598;5182;2625;7807;1656;1489;5582;4872;;;;;;;
20150627;1270;1960;449;2440;523;1499;2653;1395;4048;957;853;2529;2425;;;;;;;
20150628;1530;3366;598;4108;893;1472;3405;1542;4947;1502;984;2475;3701;;;;;;;
20150629;2947;2246;870;3953;916;2762;4908;2619;7527;1781;1361;5603;4648;;;;;;;
20150630;3369;2645;993;5010;856;2931;5649;3041;8690;1923;1470;6306;5577;;;;;;;
20150701;3410;2857;1029;6273;851;3204;5660;3212;8872;1986;1605;6299;6313;;;;;;;
20150702;3157;2673;982;6386;794;2902;5563;3191;8754;1858;1604;6245;6209;;;;;;;
20150703;2618;2512;909;6219;733;2479;4984;2703;7687;1663;1378;5219;5743;;;;;;;
20150704;1460;2699;629;6154;591;1640;3304;2135;5439;1086;1039;2796;4601;;;;;;;
20150705;1339;3094;661;7135;598;1280;3239;1667;4906;1183;936;2349;5032;;;;;;;
20150706;2564;1836;886;5201;617;2451;4202;2372;6574;1453;1197;4622;5117;;;;;;;
20150707;2611;2172;841;6727;660;2493;4576;2768;7344;1461;1231;4923;6167;;;;;;;
20150708;1488;907;388;1735;234;1306;2141;1370;3511;693;631;2865;2305;;;;;;;
20150709;2112;1969;587;3116;547;2175;3759;2112;5871;1328;1046;4145;3575;;;;;;;
20150710;2262;2299;692;3746;680;2285;4526;2311;6837;1401;1078;4277;4112;;;;;;;
20150711;1482;3039;636;4920;733;1686;3424;1840;5264;1239;1031;2851;3879;;;;;;;
20150712;1309;3418;722;6124;840;1337;3552;1697;5249;1261;946;2404;4724;;;;;;;
20150713;1791;1137;498;2390;496;1774;3103;1799;4902;923;776;3502;2944;;;;;;;
20150714;1880;1302;445;2360;395;1776;3156;1867;5023;920;848;3398;2845;;;;;;;
20150715;2591;2817;783;3827;717;2393;4919;2566;7485;1754;1245;4975;4585;;;;;;;
20150716;2730;2751;828;5822;707;2541;4848;2703;7551;1651;1285;5073;5478;;;;;;;
20150717;2183;2292;727;5717;538;2080;4396;2446;6842;1342;1051;4163;5168;;;;;;;
20150718;1196;2274;605;4452;523;1276;2140;2281;4421;903;843;2293;4023;;;;;;;
20150719;1234;2629;571;4723;539;1075;1776;2220;3996;895;769;2109;4049;;;;;;;
20150720;2441;1965;681;4646;670;2296;2506;3555;6061;1435;1057;4408;4602;;;;;;;
20150721;2584;2558;765;5770;678;2369;2646;4042;6688;1567;1243;4664;5603;;;;;;;
20150722;2469;2409;753;5776;586;2114;2750;3656;6406;1380;1088;4567;5757;;;;;;;
20150723;2591;1967;643;4409;605;2108;2246;3150;5396;1322;1162;5155;4268;;;;;;;
20150724;2392;2325;767;5142;616;1970;2927;3560;6487;1322;1113;4638;4949;;;;;;;
20150725;1296;1688;484;2937;499;1329;2394;1799;4193;939;919;2700;2469;;;;;;;
20150726;1472;3792;724;5378;1075;1416;3651;1662;5313;1609;1086;2693;3807;;;;;;;
20150727;1991;1411;593;3110;526;1988;3230;1975;5205;1169;858;3551;2988;;;;;;;
20150728;2486;2575;657;4727;682;2366;4335;2695;7030;1702;1138;4593;4110;;;;;;;
20150729;1411;1131;331;2216;299;1404;2639;1454;4093;681;593;2560;2003;;;;;;;
20150730;2553;2468;683;4690;718;2304;4350;2382;6732;1515;1169;4475;4162;;;;;;;
20150731;2447;2569;767;4875;763;2255;4967;2516;7483;1545;1113;4449;4328;;;;;;;
20150801;1463;3003;602;4416;725;1568;3643;1924;5567;1148;973;2617;3900;;;;;;;
20150802;1105;1798;483;2631;549;1300;2887;1230;4117;972;712;1912;2311;;;;;;;
20150803;2167;2266;795;4144;719;2188;4385;2259;6644;1482;1162;3831;4208;;;;;;;
20150804;2683;2735;803;5303;738;2517;5008;2853;7861;1726;1239;4712;5572;;;;;;;
20150805;2711;2639;811;5230;654;2273;4826;2629;7455;1575;1202;4711;5539;;;;;;;
20150806;2514;2576;794;5101;619;2275;4635;2477;7112;1365;1135;4365;5396;;;;;;;
20150807;2041;2282;767;4502;505;1943;4317;2354;6671;1370;956;3632;4766;;;;;;;
20150808;1181;2273;465;3887;437;1245;3149;1536;4685;874;826;2092;3813;;;;;;;
20150809;1242;2765;591;4229;475;1147;2966;1407;4373;1013;674;1927;3850;;;;;;;
20150810;2318;2215;809;4504;630;2083;4100;2503;6603;1371;1041;4082;4827;;;;;;;
20150811;2533;2364;747;5008;608;2150;4609;2494;7103;1480;1170;4432;5478;;;;;;;
20150812;2507;2482;839;4886;566;2168;4760;2581;7341;1434;1176;4534;5138;;;;;;;
20150813;2298;2375;779;4732;587;1931;4667;2526;7193;1340;987;4206;5018;;;;;;;
20150814;2037;2216;665;4200;516;1819;4135;2156;6291;1135;916;3821;4373;;;;;;;
20150815;1344;2801;536;4013;598;1255;3320;1588;4908;1035;883;2123;3460;;;;;;;
20150816;1175;2780;598;3825;820;1093;3090;1401;4491;1077;794;1990;3213;;;;;;;
20150817;1151;687;305;1632;201;1234;2137;1177;3314;511;514;2042;1843;;;;;;;
20150818;1270;1106;307;2030;284;1317;2415;1274;3689;711;668;2479;2065;;;;;;;
20150819;1877;1567;470;2992;420;1839;3282;1799;5081;1135;793;3608;3082;;;;;;;
20150820;1294;1255;351;2345;245;1412;2613;1218;3831;599;600;2093;2421;;;;;;;
20150821;1959;2539;662;4036;650;1956;4330;1913;6243;1415;1033;3792;3746;;;;;;;
20150822;1317;2919;655;3971;818;1580;3821;1641;5462;1412;1133;2575;3269;;;;;;;
20150823;1196;2814;482;3439;720;1348;3099;1277;4376;1378;891;2017;2591;;;;;;;
20150824;2377;1901;690;3890;774;2120;4379;2324;6703;1387;1029;4361;4181;;;;;;;
20150825;1856;1283;457;2703;421;1798;3275;1705;4980;958;721;3469;2934;;;;;;;
20150826;2699;2933;836;5052;841;2482;5560;2608;8168;1776;1332;5207;4981;;;;;;;
20150827;2683;2685;717;4957;775;2378;4830;2614;7444;1559;1225;4923;5069;;;;;;;
20150828;2310;2401;710;4541;642;2195;4582;2353;6935;1449;1145;4379;4701;;;;;;;
20150829;1382;2655;546;4350;566;1592;3444;1549;4993;1028;1023;2367;4128;;;;;;;
20150830;1294;3075;618;4889;614;1329;3024;1467;4491;1107;905;2168;4552;;;;;;;
20150831;2465;2101;692;4641;721;2819;4625;2620;7245;1427;1151;4655;5148;;;;;;;
20150901;2735;2669;796;5829;734;2543;4752;2656;7408;1582;1446;5061;5897;;;;;;;
20150902;1946;1253;515;2899;423;1776;3051;1745;4796;899;904;3544;2999;;;;;;;
20150903;2088;1755;580;3671;503;2181;3998;2033;6031;1197;1170;4121;3647;;;;;;;
20150904;2143;1719;611;3543;577;2089;4120;2090;6210;1216;1163;4162;3481;;;;;;;
20150905;834;862;237;1662;194;1296;1874;963;2837;464;617;1541;1573;;;;;;;
20150906;1086;1475;286;2438;427;1121;2521;1067;3588;768;781;1639;2095;;;;;;;
20150907;1974;944;419;2543;416;1863;2894;1714;4608;948;873;3649;2789;;;;;;;
20150908;2471;1504;580;3490;537;2280;3660;2304;5964;1273;1219;4608;3630;;;;;;;
20150909;2205;1043;541;2675;391;1880;3107;1809;4916;909;958;4016;2888;;;;;;;
20150910;2438;1603;645;3505;554;2265;3736;2133;5869;1202;1253;4831;3550;;;;;;;
20150911;2040;1401;521;2952;481;2019;3289;1969;5258;1067;1120;3934;2939;;;;;;;
20150912;1544;2302;493;3438;755;1771;3060;1603;4663;1159;1387;2874;2749;;;;;;;
20150913;1299;2859;463;3908;892;1480;2963;1471;4434;1381;1240;2552;2886;;;;;;;
20150914;2018;898;499;2562;414;1750;2711;1704;4415;938;839;3610;2865;;;;;;;
20150915;2583;1615;643;3589;537;2293;3967;2093;6060;1250;1224;4726;3657;;;;;;;
20150916;2969;2258;741;4527;761;2514;4638;2504;7142;1613;1456;5348;4406;;;;;;;
20150917;3071;2269;768;4938;703;2436;5079;2633;7712;1630;1534;5470;5004;;;;;;;
20150918;2569;1816;684;3852;603;2174;4380;2191;6571;1370;1209;4689;3843;;;;;;;
20150919;1291;2376;424;3339;566;1382;2829;1388;4217;986;934;2516;2516;;;;;;;
20150920;1091;1816;334;2756;472;1168;2022;1003;3025;1055;860;1810;2220;;;;;;;
20150921;2572;1351;648;3332;518;2152;4255;2126;6381;1255;1178;4612;3536;;;;;;;
20150922;2745;2036;683;4074;668;2308;4861;2394;7255;1474;1372;5340;3957;;;;;;;
20150923;2380;1206;548;2975;386;1827;3983;1985;5968;911;969;4309;3165;;;;;;;
20150924;2063;878;447;2403;335;1641;3485;1740;5225;713;806;3814;2651;;;;;;;
20150925;978;390;209;1159;254;759;1694;844;2538;407;353;1703;1297;;;;;;;
20150926;720;652;205;1211;423;949;1637;806;2443;427;494;1582;1111;;;;;;;
20150927;1013;1575;373;2325;534;1030;2081;1016;3097;819;695;1636;1835;;;;;;;
20150928;2325;1327;606;3110;342;2042;3891;1931;5822;1172;1119;4254;3245;;;;;;;
20150929;2389;1259;506;3015;440;2053;4217;2055;6272;1074;1199;4388;3170;;;;;;;
20150930;2259;1077;513;2700;374;2012;3713;1855;5568;958;1052;4237;2883;;;;;;;
20151001;2562;1408;561;3000;464;2071;4210;2177;6387;1142;1266;4835;3356;;;;;;;
20151002;2252;1535;520;2932;510;1974;4059;2131;6190;1108;1220;4213;3106;;;;;;;
20151003;1320;1405;318;2088;441;1526;3175;1592;4767;803;928;2760;1900;;;;;;;
20151004;1050;1507;398;2118;489;1036;2186;1130;3316;894;733;1805;1838;;;;;;;
20151005;2530;1191;646;2876;545;2168;4204;2168;6372;1129;1215;4974;3389;;;;;;;
20151006;2630;1175;519;2789;435;2144;3666;2287;5953;1063;1139;5037;3244;;;;;;;
20151007;1343;447;304;1386;186;1098;1710;1062;2772;506;529;2624;1735;;;;;;;
20151008;1260;354;287;1129;122;995;1657;1091;2748;334;517;2407;1414;;;;;;;
20151009;1794;796;373;1952;296;1573;2816;1543;4359;705;857;3550;2295;;;;;;;
20151010;758;706;210;1099;220;872;1358;859;2217;493;483;1363;1018;;;;;;;
20151011;578;493;140;837;134;664;1079;500;1579;265;337;1026;832;;;;;;;
20151012;1854;676;414;1836;303;1496;2517;1437;3954;721;754;3756;2228;;;;;;;
20151013;1866;644;340;1703;233;1464;2362;1535;3897;630;720;3653;2040;;;;;;;
20151014;838;248;169;816;97;755;1097;716;1813;305;385;1819;1034;;;;;;;
20151015;1094;297;201;986;80;840;1481;945;2426;341;480;2153;1245;;;;;;;
20151016;1218;336;241;1066;137;968;1558;1009;2567;394;468;2385;1334;;;;;;;
20151017;877;948;251;1451;258;969;1689;955;2644;578;604;1688;1354;;;;;;;
20151018;570;674;150;1010;194;747;1125;582;1707;474;421;1118;922;;;;;;;
20151019;1192;366;247;1089;152;910;1409;966;2375;395;441;2344;1345;;;;;;;
20151020;1260;397;187;1124;122;1010;1725;1100;2825;388;567;2614;1380;;;;;;;
20151021;1690;604;316;1651;237;1364;2474;1440;3914;619;799;3710;2007;;;;;;;
20151022;1846;710;361;1858;293;1522;2655;1618;4273;659;801;3761;2231;;;;;;;
20151023;1585;643;301;1581;235;1315;2565;1417;3982;574;766;3306;1865;;;;;;;
20151024;859;1304;250;1783;417;1087;2223;1062;3285;923;755;2017;1514;;;;;;;
20151025;789;1170;201;1604;316;797;2038;827;2865;815;565;1515;1356;;;;;;;
20151026;932;1541;277;2059;511;915;2669;1214;3883;952;652;1916;1708;;;;;;;
20151027;1876;705;372;1845;325;1541;2767;1812;4579;824;816;3795;2210;;;;;;;
20151028;1877;563;396;1681;269;1433;2655;1622;4277;754;784;3836;2089;;;;;;;
20151029;1861;577;362;1769;259;1440;2740;1600;4340;747;796;3874;2225;;;;;;;
20151030;1633;767;385;1822;302;1466;2758;1450;4208;734;735;3452;2121;;;;;;;
20151031;919;1162;323;1716;365;1045;2041;1104;3145;709;710;1906;1547;;;;;;;
20151101;752;1493;264;1903;363;739;1678;845;2523;746;567;1428;1471;;;;;;;
20151102;1758;854;357;1970;364;1425;2506;1492;3998;785;785;3244;2206;;;;;;;
20151103;1915;790;395;2058;283;1464;2851;1721;4572;758;833;4061;2414;;;;;;;
20151104;1906;692;369;1843;303;1417;2735;1660;4395;720;811;3987;2161;;;;;;;
20151105;1929;725;327;1925;326;1528;2739;1703;4442;786;883;3982;2255;;;;;;;
20151106;1746;824;391;1920;305;1505;2715;1463;4178;780;884;3454;2149;;;;;;;
20151107;773;573;159;1009;196;933;1401;779;2180;550;544;1577;988;;;;;;;
20151108;1083;2236;369;2825;604;1081;2367;1034;3401;1382;902;1838;2150;;;;;;;
20151109;2118;798;389;2083;364;1546;2828;1729;4557;815;886;3989;2437;;;;;;;
20151110;2046;877;383;2205;344;1671;2972;1835;4807;796;934;4351;2556;;;;;;;
20151111;2204;966;472;2372;379;1724;3107;1932;5039;931;998;4549;2733;;;;;;;
20151112;2262;926;429;2322;420;1700;3076;1915;4991;910;1000;4423;2682;;;;;;;
20151113;1885;875;384;1996;347;1492;2751;1527;4278;801;909;3686;2225;;;;;;;
20151114;888;995;255;1489;227;1027;1835;803;2638;550;650;1843;1298;;;;;;;
20151115;349;152;92;393;76;423;583;309;892;136;203;702;448;;;;;;;
20151116;1916;904;386;2172;311;1593;2809;1712;4521;770;865;3816;2475;;;;;;;
20151117;2063;764;375;2109;367;1640;2812;1738;4550;787;854;4011;2512;;;;;;;
20151118;2066;795;365;2020;277;1616;2952;1670;4622;741;902;4175;2345;;;;;;;
20151119;2054;958;389;2199;340;1550;2883;1891;4774;830;939;4109;2463;;;;;;;
20151120;1059;214;168;855;108;786;1166;825;1991;296;376;1895;1104;;;;;;;
20151121;672;342;138;707;84;640;1096;620;1716;275;397;1119;746;;;;;;;
20151122;510;452;114;780;115;480;812;451;1263;313;332;910;748;;;;;;;
20151123;1559;548;319;1548;241;1257;1901;1291;3192;602;688;3116;1862;;;;;;;
20151124;1730;524;271;1541;218;1271;2187;1524;3711;561;700;3442;1872;;;;;;;
20151125;1671;402;233;1319;201;1202;1984;1357;3341;539;636;3163;1651;;;;;;;
20151126;1398;322;234;1147;110;981;1660;1189;2849;357;521;2740;1461;;;;;;;
20151127;1326;405;230;1182;159;970;1781;1024;2805;488;579;2609;1418;;;;;;;
20151128;648;402;132;754;118;628;1004;580;1584;261;423;1209;758;;;;;;;
20151129;560;501;140;762;109;461;959;530;1489;305;305;1020;671;;;;;;;
20151130;1016;216;106;745;86;665;1052;782;1834;310;392;1998;934;;;;;;;
20151201;994;212;101;736;91;672;1050;752;1802;278;495;1952;917;;;;;;;
20151202;1509;442;281;1341;212;1172;1871;1269;3140;471;597;2950;1632;;;;;;;
20151203;1657;539;292;1577;258;1280;2439;1493;3932;573;679;3398;1913;;;;;;;
20151204;1532;474;264;1039;229;1184;2030;1326;3356;523;661;2953;1667;;;;;;;
20151205;795;702;183;729;216;829;1392;739;2131;474;536;1533;1014;;;;;;;
20151206;488;383;109;395;59;439;872;446;1318;233;197;806;643;;;;;;;
20151207;1086;383;199;688;143;905;1466;911;2377;396;489;2110;1185;;;;;;;
20151208;552;290;82;352;75;526;787;510;1297;195;262;1024;562;;;;;;;
20151209;1409;377;236;839;151;978;1731;1151;2882;464;493;2771;1404;;;;;;;
20151210;1601;505;248;976;201;1165;2128;1283;3411;530;682;3232;1700;;;;;;;
20151211;1348;401;181;845;149;1057;1739;1190;2929;442;537;2672;1520;;;;;;;
20151212;593;321;116;454;80;588;955;599;1554;272;396;1293;672;;;;;;;
20151213;577;619;137;517;132;519;994;509;1503;307;355;1036;850;;;;;;;
20151214;1538;451;285;948;215;1137;1793;1202;2995;506;618;2903;1611;;;;;;;
20151215;1488;438;255;934;185;1181;1920;1318;3238;499;617;3030;1699;;;;;;;
20151216;1600;407;235;920;194;1171;1917;1311;3228;511;581;3049;1676;;;;;;;
20151217;1051;246;168;632;110;805;1296;931;2227;321;364;2061;1095;;;;;;;
20151218;1279;347;212;733;150;974;1587;1013;2600;367;496;2480;1313;;;;;;;
20151219;634;346;141;482;100;639;967;633;1600;273;402;1316;657;;;;;;;
20151220;494;295;79;397;77;426;640;375;1015;184;243;770;497;;;;;;;
20151221;1130;350;218;846;152;945;1546;952;2498;442;452;2191;1327;;;;;;;
20151222;1307;578;286;932;217;1065;1889;1099;2988;568;586;2551;1559;;;;;;;
20151223;1086;472;227;795;211;819;1434;901;2335;428;482;1982;1228;;;;;;;
20151224;301;319;180;387;127;291;504;243;747;224;213;649;517;;;;;;;
20151225;249;341;89;256;95;183;421;189;610;171;118;362;325;;;;;;;
20151226;291;450;143;419;158;269;523;245;768;305;199;470;510;;;;;;;
20151227;296;437;102;417;124;253;606;264;870;293;209;485;456;;;;;;;
20151228;606;392;182;564;203;514;899;509;1408;340;310;1036;802;;;;;;;
20151229;605;252;160;465;98;504;818;522;1340;251;273;1061;678;;;;;;;
20151230;563;260;154;485;100;440;852;493;1345;216;226;1003;759;;;;;;;
20151231;273;154;75;326;56;263;521;290;811;186;179;630;456;;;;;;;
20140101;234;277;68;377;99;235;478;231;709;242;154;436;522;;;;;;;
20140102;548;327;167;629;155;655;1030;434;1464;289;289;1047;908;;;;;;;
20140103;608;396;180;762;149;657;1090;436;1526;346;340;1172;992;;;;;;;
20140104;360;207;129;306;82;437;631;289;920;180;251;721;510;;;;;;;
20140105;320;235;95;428;123;373;600;247;847;210;233;604;527;;;;;;;
20140106;442;479;159;1027;296;557;984;398;1382;414;394;859;969;;;;;;;
20140107;1251;541;265;994;187;1084;1732;876;2608;472;572;2434;1410;;;;;;;
20140108;1193;600;228;998;193;1078;1759;898;2657;519;593;2519;1469;;;;;;;
20140109;1277;535;214;949;190;1025;1814;906;2720;465;585;2544;1396;;;;;;;
20140110;1157;476;230;884;181;1017;1730;826;2556;414;635;2261;1322;;;;;;;
20140111;597;410;141;631;157;718;1092;439;1531;357;495;1138;797;;;;;;;
20140112;520;526;133;702;254;604;985;429;1414;458;371;932;875;;;;;;;
20140113;1321;579;219;1096;187;1122;1780;947;2727;504;629;2479;1427;;;;;;;
20140114;1286;540;204;1028;165;1018;1766;915;2681;469;627;2505;1397;;;;;;;
20140115;1329;559;232;1028;187;1106;2017;959;2976;487;689;2628;1530;;;;;;;
20140116;1276;533;205;1010;178;1122;1914;953;2867;465;622;2503;1461;;;;;;;
20140117;1117;559;202;967;193;1070;1820;877;2697;487;602;2298;1401;;;;;;;
20140118;492;298;92;487;94;604;855;411;1266;259;379;973;660;;;;;;;
20140119;534;552;150;846;238;581;1026;389;1415;485;418;969;996;;;;;;;
20140120;1191;559;208;922;183;934;1640;811;2451;483;578;2346;1335;;;;;;;
20140121;1109;366;138;757;123;774;1401;689;2090;319;476;2084;1038;;;;;;;
20140122;1235;415;202;840;130;908;1686;781;2467;359;563;2314;1233;;;;;;;
20140123;1185;447;169;864;128;935;1616;798;2414;390;566;2330;1276;;;;;;;
20140124;980;402;151;633;126;800;1065;513;1578;348;447;1819;987;;;;;;;
20140125;425;246;84;299;89;446;594;340;934;214;256;764;523;;;;;;;
20140126;221;155;56;187;50;240;1280;168;1448;133;149;409;331;;;;;;;
20140127;558;226;127;483;36;424;1463;406;1869;199;261;1207;739;;;;;;;
20140128;713;250;124;587;71;557;1048;500;1548;219;367;1482;858;;;;;;;
20140129;765;283;174;564;55;580;958;512;1470;245;313;1439;840;;;;;;;
20140130;746;287;131;550;60;640;1101;586;1687;250;345;1499;882;;;;;;;
20140131;637;247;132;520;44;556;901;482;1383;215;278;1240;751;;;;;;;
20140201;252;94;35;177;27;319;367;194;561;84;163;498;292;;;;;;;
20140202;141;74;44;117;15;198;230;145;375;68;88;304;184;;;;;;;
20140203;502;206;94;404;16;445;673;387;1060;182;205;1063;623;;;;;;;
20140204;616;281;100;486;11;491;797;462;1259;244;327;1266;799;;;;;;;
20140205;649;266;108;529;15;543;853;473;1326;233;355;1267;817;;;;;;;
20140206;685;371;127;685;43;569;972;488;1460;321;372;1430;891;;;;;;;
20140207;660;329;144;592;78;615;968;508;1476;287;349;1314;880;;;;;;;
20140208;370;353;137;526;113;510;760;354;1114;310;410;806;627;;;;;;;
20140209;177;108;64;208;63;258;303;135;438;97;106;375;302;;;;;;;
20140210;1117;506;236;987;170;911;1394;757;2151;439;557;2003;1266;;;;;;;
20140211;1035;346;191;823;115;871;1467;700;2167;419;519;1979;1226;;;;;;;
20140212;678;199;92;520;83;590;856;451;1307;251;342;1279;781;;;;;;;
20140213;1125;524;222;1107;197;972;1699;764;2463;501;601;2247;1465;;;;;;;
20140214;1017;402;221;983;164;887;1533;720;2253;493;567;1958;1261;;;;;;;
20140215;545;852;225;755;235;620;990;459;1449;404;464;1063;936;;;;;;;
20140216;412;514;117;505;131;403;632;320;952;232;253;584;617;;;;;;;
20140217;1165;399;259;1019;165;947;1467;810;2277;467;574;2068;1403;;;;;;;
20140218;1283;466;210;1058;186;1073;1607;854;2461;483;567;2332;1459;;;;;;;
20140219;1062;324;192;830;148;831;1236;721;1957;426;457;1881;1158;;;;;;;
20140220;1328;658;266;1222;219;1041;1951;960;2911;580;725;2464;1610;;;;;;;
20140221;1201;694;276;1283;257;1111;1872;897;2769;609;690;2194;1578;;;;;;;
20140222;509;372;86;439;121;564;819;416;1235;287;386;971;620;;;;;;;
20140223;661;1452;231;1428;399;664;1568;523;2091;833;630;1146;1389;;;;;;;
20140224;1398;713;329;1549;326;1305;1627;1313;2940;681;825;2678;1878;;;;;;;
20140225;1458;780;317;1561;324;1382;1686;1499;3185;748;888;2940;1988;;;;;;;
20140226;1350;534;295;1262;199;1173;1417;1273;2690;552;651;2668;1651;;;;;;;
20140227;1355;616;283;1240;257;1265;1533;1398;2931;640;752;2654;1744;;;;;;;
20140228;1284;588;285;1325;269;1121;1408;1238;2646;586;757;2399;1604;;;;;;;
20140301;783;1153;220;1063;362;885;1439;576;2015;630;733;1414;1250;;;;;;;
20140302;732;1393;262;1382;460;749;1531;644;2175;732;696;1310;1438;;;;;;;
20140303;1404;490;263;1241;228;1190;1901;1133;3034;584;730;2745;1676;;;;;;;
20140304;1108;363;214;1002;107;1049;1578;799;2377;412;562;2170;1416;;;;;;;
20140305;1599;756;305;1495;305;1586;2348;1212;3560;717;939;3290;2079;;;;;;;
20140306;1335;414;225;1127;181;1238;1861;1061;2922;511;673;2702;1618;;;;;;;
20140307;1298;671;298;1256;252;1308;1975;1055;3030;592;721;2677;1761;;;;;;;
20140308;927;1428;272;1374;468;1139;1955;828;2783;765;1029;1836;1581;;;;;;;
20140309;936;2097;403;2260;903;1155;2123;791;2914;1177;1013;1758;2147;;;;;;;
20140310;1839;815;403;1719;350;1624;2868;1494;4362;841;1060;3734;2281;;;;;;;
20140311;1986;1147;446;2211;436;1844;3297;1650;4947;994;1359;4141;2767;;;;;;;
20140312;2048;1164;426;2256;460;1816;3326;1664;4990;1041;1349;4168;2787;;;;;;;
20140313;2105;1206;479;2245;454;1962;3536;1733;5269;1093;1464;4536;2805;;;;;;;
20140314;1975;1752;599;2612;639;2012;3612;1747;5359;1144;1458;4205;3015;;;;;;;
20140315;417;536;88;411;93;672;768;419;1187;235;463;943;677;;;;;;;
20140316;320;189;53;257;39;367;490;267;757;142;318;612;436;;;;;;;
20140317;1711;664;347;1440;208;1452;2624;1315;3939;706;1010;3683;2027;;;;;;;
20140318;2231;1342;486;2405;507;2003;3739;1790;5529;1110;1365;4618;2935;;;;;;;
20140319;1670;521;339;1474;278;1418;2341;1268;3609;647;795;3388;1948;;;;;;;
20140320;2333;1505;579;2670;734;2193;4061;1968;6029;1256;1540;4835;3227;;;;;;;
20140321;2154;1880;582;2923;748;2315;4184;1817;6001;1402;1648;4412;3245;;;;;;;
20140322;1416;2955;482;3164;1043;1710;3365;1318;4683;1543;1478;2702;2881;;;;;;;
20140323;400;365;131;453;93;445;647;329;976;191;277;691;590;;;;;;;
20140324;1170;292;178;916;149;1017;1710;998;2708;408;642;2625;1368;;;;;;;
20140325;1795;732;326;1571;292;1642;2679;1443;4122;745;1000;3616;2122;;;;;;;
20140326;1945;963;407;1941;377;1825;3275;1646;4921;886;1157;4125;2517;;;;;;;
20140327;2067;1058;463;2162;414;2001;3685;1861;5546;974;1226;4437;2809;;;;;;;
20140328;1993;1433;569;2294;622;2081;3850;1746;5596;1158;1416;4103;2840;;;;;;;
20140329;1320;2517;508;3044;984;1684;3367;1366;4733;1387;1432;2847;2772;;;;;;;
20140330;1425;3220;757;4352;1405;1513;3671;1259;4930;1744;1548;2584;3492;;;;;;;
20140331;2333;1255;607;2609;594;2164;3936;1906;5842;1194;1478;4636;3099;;;;;;;
20140401;2422;1488;612;2768;646;2348;4224;2135;6359;1371;1658;5273;3505;;;;;;;
20140402;2478;1378;609;2763;586;2351;4511;2177;6688;1203;1677;5328;3431;;;;;;;
20140403;2600;1703;713;3097;623;2645;4870;2342;7212;1433;1782;5652;3696;;;;;;;
20140404;2118;1254;578;2343;519;2216;3872;1953;5825;1077;1554;4585;2951;;;;;;;
20140405;1310;1983;446;2422;724;1630;3505;1610;5115;1177;1464;3033;2437;;;;;;;
20140406;1078;1663;420;1969;534;936;3039;1264;4303;809;976;2387;2034;;;;;;;
20140407;2555;1731;741;3398;734;2431;4826;2331;7157;1498;1730;5432;3900;;;;;;;
20140408;2307;1525;647;2849;565;2241;4181;2054;6235;1180;1618;5187;3297;;;;;;;
20140409;1862;810;373;1799;241;1844;3108;1589;4697;749;1118;4005;2416;;;;;;;
20140410;1267;374;270;1185;158;1147;1826;1074;2900;455;675;2689;1750;;;;;;;
20140411;1928;1270;465;2230;481;1992;3667;1790;5457;1009;1411;4036;2710;;;;;;;
20140412;1189;1706;412;2239;592;1618;3258;1579;4837;1046;1263;2583;2270;;;;;;;
20140413;780;1155;219;1341;326;940;1678;1035;2713;656;905;1638;1502;;;;;;;
20140414;1212;558;239;1441;242;1126;1865;1039;2904;547;773;2415;1696;;;;;;;
20140415;883;300;191;939;108;764;1130;660;1790;283;428;1672;1177;;;;;;;
20140416;1120;535;204;1210;156;1093;1821;911;2732;450;650;2152;1499;;;;;;;
20140417;1379;1068;377;1917;320;1450;2432;1164;3596;766;963;2870;2133;;;;;;;
20140418;1274;1662;491;2337;598;1517;2656;1255;3911;1022;1219;2514;2483;;;;;;;
20140419;677;1267;259;1287;457;835;1544;665;2209;728;711;1373;1163;;;;;;;
20140420;539;1026;212;1284;338;596;1462;549;2011;668;582;1090;1246;;;;;;;
20140421;645;1326;279;1368;477;781;1623;614;2237;757;621;1243;1394;;;;;;;
20140422;1497;940;394;1836;425;1688;2676;1330;4006;899;999;3065;2326;;;;;;;
20140423;2629;1862;688;3395;732;2570;4408;2202;6610;1548;1773;5037;3911;;;;;;;
20140424;2311;1504;538;2714;612;2189;4011;1973;5984;1156;1477;4531;3189;;;;;;;
20140425;1459;699;347;1490;234;1373;2591;1137;3728;632;945;2718;1895;;;;;;;
20140426;745;954;199;1288;296;1085;1715;765;2480;585;818;1492;1425;;;;;;;
20140427;1646;3842;817;4715;1531;1825;4129;1650;5779;2052;1743;3064;3983;;;;;;;
20140428;2495;1505;670;3012;600;2353;4362;2206;6568;1379;1654;5268;3491;;;;;;;
20140429;2026;906;459;2208;345;1959;3482;1760;5242;924;1257;4410;2732;;;;;;;
20140430;2835;1988;716;3891;664;2664;5234;2510;7744;1582;1906;5885;4134;;;;;;;
20140501;1858;4169;780;6253;1305;1669;5067;1916;6983;1838;1965;3671;5114;;;;;;;
20140502;2135;2491;725;3943;894;2080;4377;1972;6349;1723;1702;4256;3878;;;;;;;
20140503;548;361;128;563;105;835;1124;606;1730;302;443;1225;807;;;;;;;
20140504;897;1855;269;1909;526;1172;2243;912;3155;1014;958;1832;1874;;;;;;;
20140505;2516;1389;571;2871;606;2452;4205;2114;6319;1355;1519;5149;3471;;;;;;;
20140506;2980;2120;701;3797;854;2618;5395;2488;7883;1728;1958;6014;4319;;;;;;;
20140507;2046;995;481;2148;404;1817;3332;1657;4989;954;1211;4191;2697;;;;;;;
20140508;2853;1825;622;3500;661;2646;5485;2362;7847;1666;1764;5991;3907;;;;;;;
20140509;2125;1210;509;2628;438;2052;4344;2132;6476;1101;1482;4348;3063;;;;;;;
20140510;1514;2233;481;3312;810;1628;3793;1782;5575;1356;1481;2958;3079;;;;;;;
20140511;278;250;84;467;89;383;619;308;927;166;223;566;604;;;;;;;
20140512;2350;1223;496;2637;443;2096;3896;2016;5912;1235;1544;4910;3179;;;;;;;
20140513;1938;939;390;2062;296;1732;3203;1657;4860;875;1215;4164;2540;;;;;;;
20140514;2119;989;330;1908;306;2012;3553;1766;5319;942;1233;4460;2609;;;;;;;
20140515;727;235;102;608;77;623;951;541;1492;262;377;1487;856;;;;;;;
20140516;455;127;86;400;33;424;556;357;913;142;215;841;575;;;;;;;
20140517;492;331;115;551;86;622;936;478;1414;210;402;1000;735;;;;;;;
20140518;565;694;118;803;123;672;1402;570;1972;401;438;1094;1015;;;;;;;
20140519;2416;1441;589;2950;517;2216;4378;2019;6397;1310;1718;4956;3404;;;;;;;
20140520;3230;2710;824;4654;975;2944;6363;2797;9160;2133;2386;6819;5266;;;;;;;
20140521;3367;2751;886;4999;989;3245;6434;2912;9346;2019;2489;7128;4983;;;;;;;
20140522;3260;2614;857;5037;907;3192;6187;2927;9114;1968;2392;7030;5229;;;;;;;
20140523;2885;2544;764;4703;808;2850;5840;2683;8523;1744;2218;6032;4820;;;;;;;
20140524;1370;1975;463;2583;556;1574;3314;1474;4788;1130;1398;2902;2662;;;;;;;
20140525;1913;3674;772;5952;1165;1653;4548;1661;6209;1927;1952;3374;4951;;;;;;;
20140526;2488;1476;668;3169;590;2385;4579;2162;6741;1368;1668;5481;3672;;;;;;;
20140527;2205;1162;534;2468;416;2004;3756;1914;5670;1155;1365;4730;3101;;;;;;;
20140528;1720;660;348;1697;237;1571;2709;1504;4213;683;1050;3620;2171;;;;;;;
20140529;424;789;135;688;156;606;857;435;1292;412;346;860;871;;;;;;;
20140530;1455;1220;337;1823;283;1489;2976;1363;4339;820;1031;3148;2243;;;;;;;
20140531;1090;2005;417;2393;489;1392;3232;1259;4491;1067;1239;2468;2166;;;;;;;
20140601;1330;2496;468;2964;722;1358;2938;1098;4036;1419;1121;2316;2637;;;;;;;
20140602;2730;1817;753;3405;685;2644;4680;2236;6916;1537;1847;5754;3966;;;;;;;
20140603;2835;1976;706;3408;637;2686;4962;2350;7312;1582;2103;5948;4098;;;;;;;
20140604;3126;2493;832;4295;817;3191;5949;2948;8897;1986;2427;6851;4777;;;;;;;
20140605;2659;1659;618;3028;511;2572;4584;2339;6923;1272;1829;5648;3640;;;;;;;
20140606;2955;2935;883;4970;829;2750;5754;2534;8288;1863;2242;6171;4836;;;;;;;
20140607;1620;2942;653;5680;951;1879;3823;1872;5695;1455;1775;3278;4246;;;;;;;
20140608;1576;3733;622;7454;949;1431;3874;1480;5354;1415;1543;2971;4905;;;;;;;
20140609;1477;4030;818;8010;1055;1575;3825;1619;5444;1394;1444;2863;5273;;;;;;;
20140610;2735;2230;864;6232;788;2790;5093;2596;7689;1789;2053;5819;5540;;;;;;;
20140611;2948;2267;933;6110;681;2952;5458;2685;8143;1795;2140;6593;5740;;;;;;;
20140612;2754;2004;678;4011;592;2868;5263;2617;7880;1511;2048;6018;4483;;;;;;;
20140613;2884;2068;763;4676;692;2919;5727;2730;8457;1625;2109;6129;4795;;;;;;;
20140614;1727;1735;511;2910;582;1866;3570;1679;5249;1144;1332;3565;2886;;;;;;;
20140615;1656;3095;634;3963;1036;1842;3920;1528;5448;1625;1484;3167;3848;;;;;;;
20140616;2927;2328;835;3893;782;2906;5402;2659;8061;1899;2234;6482;4554;;;;;;;
20140617;3151;2301;850;4509;771;3146;5891;2884;8775;1791;2204;6863;4983;;;;;;;
20140618;3080;2184;890;4463;731;3060;5765;2856;8621;1880;2225;6762;4848;;;;;;;
20140619;1691;3615;838;6394;1208;1978;3433;2314;5747;1804;1807;3309;4728;;;;;;;
20140620;1439;811;310;2077;273;1660;3269;1575;4844;791;1204;3290;2643;;;;;;;
20140621;1289;1587;468;2470;529;1841;3116;1386;4502;1288;1270;2663;2432;;;;;;;
20140622;1654;3742;755;5963;1254;1702;3987;1617;5604;1933;1694;3341;4613;;;;;;;
20140623;3150;2416;872;5078;811;3023;5634;2717;8351;1841;2145;6465;5133;;;;;;;
20140624;2834;1889;701;3581;636;2816;5569;2552;8121;1543;2030;6116;4140;;;;;;;
20140625;2664;1496;557;3247;501;2525;4291;2286;6577;1259;1554;5263;3845;;;;;;;
20140626;2619;1759;534;3163;590;2529;4727;2341;7068;1544;1798;5790;3688;;;;;;;
20140627;2637;2283;731;4544;764;2939;5062;2539;7601;1754;2011;5627;4524;;;;;;;
20140628;1527;2239;586;4731;750;1927;3764;1620;5384;1353;1500;3108;3791;;;;;;;
20140629;1122;1999;543;3925;667;1180;2439;1123;3562;1111;1110;2135;2999;;;;;;;
20140630;740;373;173;979;124;1008;1261;723;1984;389;570;1789;1265;;;;;;;
20140701;2736;2278;685;4165;765;2906;5266;2439;7705;1889;2121;5805;4576;;;;;;;
20140702;1828;1338;534;2441;479;1921;3080;1607;4687;1046;1203;3889;2767;;;;;;;
20140703;2756;2564;686;4695;833;2775;5197;2593;7790;1788;2086;5775;4830;;;;;;;
20140704;2500;2822;728;5154;676;2621;4675;2323;6998;1601;1984;5299;4793;;;;;;;
20140705;1084;1115;364;2027;427;1377;2179;1048;3227;881;1003;2255;1943;;;;;;;
20140706;1598;4124;706;7571;854;1586;3542;1615;5157;1697;1559;2862;4953;;;;;;;
20140707;2752;3335;749;6122;758;2611;4831;2429;7260;1785;1920;5472;5504;;;;;;;
20140708;2341;2149;608;3931;577;2448;4162;2235;6397;1497;1743;4826;4083;;;;;;;
20140709;2083;1364;431;2482;322;2182;3441;1856;5297;1026;1389;4133;3078;;;;;;;
20140710;2351;1871;639;3414;565;2460;4096;2081;6177;1474;1627;4828;3811;;;;;;;
20140711;679;446;134;807;53;822;1041;597;1638;344;428;1399;1000;;;;;;;
20140712;1142;1728;473;3161;707;1547;3051;1411;4462;1209;1363;2449;2699;;;;;;;
20140713;893;1436;457;2616;650;1204;2475;1163;3638;1067;1099;1916;2281;;;;;;;
20140714;1912;2161;606;3956;687;2728;4466;2150;6616;1665;1746;4993;4084;;;;;;;
20140715;2497;2775;618;5062;833;2829;4993;2405;7398;1880;1943;5558;4911;;;;;;;
20140716;2674;3561;730;6482;851;2703;5158;2529;7687;1915;2073;5731;5484;;;;;;;
20140717;2545;3201;695;5844;792;2706;4979;2473;7452;1717;1926;5478;5104;;;;;;;
20140718;2105;3097;664;5668;656;2446;4745;2305;7050;1668;1850;4502;4856;;;;;;;
20140719;1400;3406;671;6219;536;1549;3430;1566;4996;1148;1319;2804;4456;;;;;;;
20140720;1185;3775;545;6885;608;1257;3154;1448;4602;1155;1153;2305;4450;;;;;;;
20140721;2013;1892;604;3450;530;1902;3595;1763;5358;1236;1341;4009;3457;;;;;;;
20140722;1667;983;382;2058;285;1578;2936;1558;4494;878;1012;3401;2426;;;;;;;
20140723;2362;1747;530;3293;487;2222;4036;1940;5976;1184;1554;4413;3571;;;;;;;
20140724;2729;2731;625;4657;744;2568;5139;2375;7514;1706;2010;5439;4520;;;;;;;
20140725;2457;2479;726;4210;635;2225;4865;2277;7142;1596;1898;4988;4140;;;;;;;
20140726;1580;2956;612;4933;628;1526;3927;1798;5725;1287;1526;3631;3668;;;;;;;
20140727;1342;2798;555;3554;676;1286;3023;1311;4334;1219;1127;2411;2912;;;;;;;
20140728;1781;1270;484;2577;368;1892;3149;1620;4769;1012;1240;3463;3327;;;;;;;
20140729;2219;1813;664;3231;523;2203;3869;2161;6030;1210;1556;4205;3626;;;;;;;
20140730;2008;1763;507;2838;513;1970;3416;1884;5300;1219;1364;3904;3105;;;;;;;
20140731;1587;1202;364;2188;235;1695;2947;1411;4358;902;1007;3234;2555;;;;;;;
20140801;1947;2072;564;3198;540;2011;4065;1811;5876;1437;1426;3832;3204;;;;;;;
20140802;1508;3250;641;5611;737;1647;3689;1657;5346;1392;1462;2811;4156;;;;;;;
20140803;1045;2537;473;3580;581;1096;2786;1175;3961;1028;944;1970;2693;;;;;;;
20140804;2214;1868;628;3979;738;2495;4062;2174;6236;1506;1692;4213;3965;;;;;;;
20140805;2559;2238;632;4275;722;2574;4565;2408;6973;1691;1797;4991;4486;;;;;;;
20140806;2578;2511;647;4354;749;2658;4696;2456;7152;1711;1793;4947;4384;;;;;;;
20140807;2498;2849;758;5371;887;2685;5181;2493;7674;1821;1973;5061;4922;;;;;;;
20140808;2235;2768;655;5694;720;2320;4769;2378;7147;1612;1805;4438;4859;;;;;;;
20140809;1306;3020;499;5718;564;1565;3773;1609;5382;1219;1383;2567;4048;;;;;;;
20140810;1508;3569;637;6610;872;1442;3883;1491;5374;1550;1416;2717;4430;;;;;;;
20140811;1822;1725;482;3487;532;2044;3385;1829;5214;1195;1250;3678;3491;;;;;;;
20140812;1316;921;251;1766;205;1357;2265;1332;3597;704;847;2586;2084;;;;;;;
20140813;1631;1202;354;2259;308;1636;2912;1580;4492;819;1095;3221;2337;;;;;;;
20140814;1644;1705;421;2574;391;1716;3145;1595;4740;988;1236;3304;2682;;;;;;;
20140815;1049;2917;582;3562;731;897;2871;1212;4083;1350;1053;1994;2610;;;;;;;
20140816;942;1481;334;1909;337;804;2382;1073;3455;889;1006;1867;1894;;;;;;;
20140817;1214;3126;514;3832;896;1265;3495;1244;4739;1517;1298;2382;3026;;;;;;;
20140818;2233;2548;764;4885;820;2418;4233;2101;6334;1663;1804;4279;4293;;;;;;;
20140819;2019;1803;549;3171;570;2163;4521;1858;6379;1297;1563;4006;3404;;;;;;;
20140820;1665;1170;442;2374;374;1819;3542;1464;5006;985;1176;3424;2699;;;;;;;
20140821;1642;1754;357;2550;399;1937;4332;1788;6120;1152;1450;3482;2877;;;;;;;
20140822;1855;2178;581;3107;575;2139;4509;1854;6363;1384;1591;3867;3244;;;;;;;
20140823;928;2100;322;1920;575;1282;2385;983;3368;960;1019;1925;1953;;;;;;;
20140824;911;1893;298;1858;513;1126;2232;916;3148;1040;862;1706;1900;;;;;;;
20140825;2291;2285;611;3958;801;2425;5071;2092;7163;1729;1705;4606;4078;;;;;;;
20140826;1604;1047;346;2014;318;1793;3779;1579;5358;895;1109;3378;2670;;;;;;;
20140827;1938;1293;445;2368;417;1873;4145;1714;5859;1002;1259;3913;3024;;;;;;;
20140828;2441;2669;637;4053;881;2487;5225;2155;7380;1815;1834;4934;4299;;;;;;;
20140829;2202;2866;737;4423;765;2319;5089;2097;7186;1718;1813;4428;4399;;;;;;;
20140830;438;552;136;744;90;710;1273;517;1790;248;460;958;1023;;;;;;;
20140831;908;1952;345;1902;573;950;1980;816;2796;906;769;1539;2071;;;;;;;
20140901;435;180;62;504;59;533;749;310;1059;166;215;832;617;;;;;;;
20140902;717;220;126;777;75;616;1152;474;1626;254;325;1296;991;;;;;;;
20140903;1742;1089;417;2102;247;1706;3639;1505;5144;861;1134;3360;2547;;;;;;;
20140904;2442;2166;621;3531;556;2416;5138;2126;7264;1502;1753;4776;3766;;;;;;;
20140905;2535;2486;669;4017;703;2358;5364;2223;7587;1735;1939;4997;4306;;;;;;;
20140906;1408;2396;452;2702;649;1591;3271;1350;4621;1180;1346;2805;2593;;;;;;;
20140907;1300;2896;451;3038;752;1257;3171;1288;4459;1426;1256;2515;2804;;;;;;;
20140908;2554;2231;705;3985;730;2498;5387;2204;7591;1736;1796;5169;4312;;;;;;;
20140909;2564;1823;644;3496;656;2544;5549;2289;7838;1504;1822;5012;4057;;;;;;;
20140910;2582;1892;661;3216;552;2556;5295;2178;7473;1536;1699;5118;4004;;;;;;;
20140911;1070;504;175;1078;119;974;1786;752;2538;434;531;1926;1430;;;;;;;
20140912;1098;827;240;1236;205;1144;2515;1025;3540;518;748;2354;1762;;;;;;;
20140913;447;349;125;624;83;656;1325;547;1872;240;438;921;781;;;;;;;
20140914;727;1316;271;1516;316;795;2252;925;3177;689;774;1587;1534;;;;;;;
20140915;1884;1226;466;2306;363;1819;3740;1544;5284;1022;1258;3752;2848;;;;;;;
20140916;2326;1627;602;2878;504;2272;4788;1981;6769;1328;1532;4695;3541;;;;;;;
20140917;2526;2173;566;3499;607;2443;5220;2142;7362;1613;1825;5195;3943;;;;;;;
20140918;2415;1937;555;3029;538;2375;4328;2051;6379;1452;1674;4855;3635;;;;;;;
20140919;2242;1816;596;2633;487;2190;4138;2041;6179;1260;1614;4303;3289;;;;;;;
20140920;1426;2436;522;3355;622;1687;4281;1630;5911;1252;1563;3168;2999;;;;;;;
20140921;1486;3723;604;3496;911;1342;3644;1466;5110;1478;1312;2682;3006;;;;;;;
20140922;1717;639;400;1782;253;1583;2873;1376;4249;803;1016;3599;2332;;;;;;;
20140923;1788;810;346;1873;247;1696;2838;1473;4311;857;1010;3695;2492;;;;;;;
20140924;2252;1581;485;4427;459;2114;3746;1802;5548;1296;1375;4718;3218;;;;;;;
20140925;1852;931;372;2619;331;1719;2828;1522;4350;756;1088;3813;2466;;;;;;;
20140926;1462;767;342;2151;231;1289;2471;1310;3781;658;926;2914;2047;;;;;;;
20140927;858;706;272;2024;280;948;1821;940;2761;430;714;1840;1409;;;;;;;
20140928;1300;2928;619;8229;935;1259;3328;1209;4537;1539;1331;2507;2836;;;;;;;
20140929;2276;1559;571;4363;563;2120;3883;1775;5658;1417;1541;4664;3281;;;;;;;
20140930;2395;1474;498;3065;543;2249;4018;2202;6220;1347;1674;4945;3604;;;;;;;
20141001;1395;468;257;1337;145;1207;2004;1177;3181;522;732;2835;1741;;;;;;;
20141002;2073;1193;403;2137;334;1956;3617;1834;5451;959;1301;4385;2841;;;;;;;
20141003;2124;1479;543;1755;451;1959;3825;1959;5784;1172;1499;4464;3006;;;;;;;
20141004;1106;1185;326;1418;368;1191;2419;1179;3598;771;981;2272;1655;;;;;;;
20141005;1122;2124;409;2561;618;1113;2455;1173;3628;1188;1022;2129;2402;;;;;;;
20141006;2388;1219;488;2552;421;2241;3831;1943;5774;1131;1464;4924;3018;;;;;;;
20141007;2202;983;394;2087;364;2082;3497;2031;5528;1031;1412;5057;2753;;;;;;;
20141008;2374;1126;461;2312;358;2129;3834;2038;5872;1109;1392;5111;2951;;;;;;;
20141009;2324;1588;494;2796;444;2349;4223;2132;6355;1264;1585;5432;3314;;;;;;;
20141010;2278;1398;499;2538;463;2224;4072;2046;6118;1274;1525;4849;3103;;;;;;;
20141011;952;1036;241;1220;488;1271;2327;1028;3355;720;993;2239;1433;;;;;;;
20141012;1357;2942;576;3331;1394;1495;3285;1419;4704;1669;1338;2528;3039;;;;;;;
20141013;2308;1030;516;2296;483;2166;3541;1853;5394;1036;1320;4776;2969;;;;;;;
20141014;2717;1466;683;2914;522;2448;4439;2245;6684;1338;1702;5517;3475;;;;;;;
20141015;2403;1105;587;2356;442;2275;3874;2060;5934;1148;1467;5195;3124;;;;;;;
20141016;2483;1242;578;2566;440;2367;3954;2087;6041;1136;1582;5173;3134;;;;;;;
20141017;921;279;193;877;108;943;1393;800;2193;361;508;1806;1260;;;;;;;
20141018;1303;2077;595;2512;587;1501;2915;1288;4203;1174;1322;2495;2332;;;;;;;
20141019;1174;2574;714;2825;827;1327;2583;1122;3705;1400;1215;2377;2387;;;;;;;
20141020;2264;1172;564;2274;450;2053;3350;1947;5297;1104;1405;4605;2826;;;;;;;
20141021;1824;769;364;1730;260;1606;2841;1462;4303;710;1055;3648;2202;;;;;;;
20141022;1339;326;219;1150;112;1061;1752;999;2751;413;603;2626;1460;;;;;;;
20141023;1164;317;202;952;99;915;1502;942;2444;386;526;2321;1345;;;;;;;
20141024;1365;536;302;1145;187;1275;2125;1182;3307;585;811;2854;1679;;;;;;;
20141025;701;689;233;823;210;865;1504;769;2273;444;578;1574;1225;;;;;;;
20141026;660;862;247;851;196;693;1747;797;2544;472;486;1352;1059;;;;;;;
20141027;1773;650;382;1662;285;1584;2673;1438;4111;743;939;3499;2108;;;;;;;
20141028;1876;724;339;1741;254;1601;2829;1635;4464;803;1032;3559;2320;;;;;;;
20141029;1832;702;323;1668;240;1614;2805;1633;4438;719;1009;3740;2155;;;;;;;
20141030;1799;639;364;1551;253;1550;2740;1652;4392;669;907;3640;2163;;;;;;;
20141031;1602;743;372;1425;271;1516;2499;1426;3925;640;899;3175;1954;;;;;;;
20141101;764;1398;310;1330;402;916;1792;826;2618;794;790;1517;1344;;;;;;;
20141102;571;564;182;651;175;652;1183;630;1813;404;431;995;885;;;;;;;
20141103;1669;536;310;1482;229;1459;2491;1377;3868;613;783;3396;1983;;;;;;;
20141104;2198;1015;394;1970;383;1748;3400;1838;5238;953;1208;4345;2564;;;;;;;
20141105;2137;1119;388;2096;332;1881;3610;1887;5497;1015;1212;4605;2712;;;;;;;
20141106;1801;624;308;1492;214;1523;2861;1941;4802;682;903;3814;2155;;;;;;;
20141107;1218;437;250;1089;179;1142;1824;1063;2887;463;678;2559;1477;;;;;;;
20141108;760;374;121;466;127;717;975;577;1552;225;496;1224;802;;;;;;;
20141109;927;1420;217;1619;313;853;1733;911;2644;825;620;1609;1625;;;;;;;
20141110;1932;1006;408;1987;377;1786;2985;1618;4603;923;1165;4015;2473;;;;;;;
20141111;1929;1092;373;2070;400;1787;3161;1803;4964;963;1149;4328;2620;;;;;;;
20141112;1875;762;345;1887;320;1736;2954;1660;4614;810;1106;4239;2339;;;;;;;
20141113;1750;555;306;1644;254;1563;2801;1493;4294;701;931;3832;2191;;;;;;;
20141114;1728;835;361;1597;330;1528;2594;1533;4127;735;947;3444;2226;;;;;;;
20141115;721;540;165;781;166;968;1495;748;2243;377;587;1492;1062;;;;;;;
20141116;598;560;154;626;158;647;1126;626;1752;325;407;1112;885;;;;;;;
20141117;1553;465;273;1258;203;1260;2002;1267;3269;560;667;3032;1818;;;;;;;
20141118;883;169;119;613;56;699;1026;785;1811;279;347;1798;1031;;;;;;;
20141119;1730;548;240;1372;217;1366;2265;1457;3722;599;694;3351;1941;;;;;;;
20141120;1666;558;283;1356;243;1448;2407;1477;3884;650;751;3477;1980;;;;;;;
20141121;1503;537;282;1238;239;1303;2258;1361;3619;654;644;3125;1777;;;;;;;
20141122;683;452;154;560;173;768;1295;695;1990;379;464;1339;837;;;;;;;
20141123;611;874;164;852;221;667;1095;584;1679;527;349;1194;957;;;;;;;
20141124;1461;397;276;1116;208;1179;1811;1225;3036;534;591;2841;1652;;;;;;;
20141125;1480;334;231;1047;171;1080;1868;1197;3065;488;557;2750;1556;;;;;;;
20141126;1575;525;276;1263;217;1308;2120;1332;3452;545;608;3182;1783;;;;;;;
20141127;1474;404;192;1084;169;1136;2017;1324;3341;472;531;2974;1579;;;;;;;
20141128;1119;275;174;832;85;865;1520;947;2467;328;395;2095;1203;;;;;;;
20141129;390;181;93;353;73;400;595;374;969;194;187;786;470;;;;;;;
20141130;345;190;83;295;72;375;454;290;744;141;177;589;401;;;;;;;
20141201;635;132;97;430;51;503;702;461;1163;186;254;1182;654;;;;;;;
20141202;908;189;153;662;74;766;1141;749;1890;297;345;1783;1072;;;;;;;
20141203;1108;241;160;820;79;815;1349;900;2249;344;369;2165;1176;;;;;;;
20141204;1323;393;220;1026;127;1032;1827;1054;2881;390;469;2548;1460;;;;;;;
20141205;1137;365;221;911;144;961;1505;972;2477;421;445;2286;1227;;;;;;;
20141206;414;170;80;279;40;485;612;353;965;225;329;872;470;;;;;;;
20141207;185;124;50;163;20;241;279;208;487;76;139;434;268;;;;;;;
20141208;483;445;113;458;78;479;808;484;1292;274;245;986;624;;;;;;;
20141209;1406;509;212;1063;156;1065;1828;1079;2907;553;536;2722;1500;;;;;;;
20141210;1374;419;209;1020;133;1076;1874;1173;3047;445;555;2692;1463;;;;;;;
20141211;1420;426;209;1062;155;1130;1961;1214;3175;479;518;2764;1515;;;;;;;
20141212;1309;511;226;1210;172;1128;2013;1173;3186;574;577;2706;1543;;;;;;;
20141213;662;581;127;622;114;714;1144;601;1745;400;413;1411;866;;;;;;;
20141214;486;395;107;440;95;427;698;432;1130;270;234;877;577;;;;;;;
20141215;1226;375;216;948;144;1017;1714;1032;2746;461;445;2490;1398;;;;;;;
20141216;1172;304;188;875;135;942;1658;1087;2745;412;465;2496;1328;;;;;;;
20141217;1375;403;243;1016;149;1176;1930;1108;3038;455;539;2746;1610;;;;;;;
20141218;1393;408;246;1019;140;1147;2020;1183;3203;509;574;2899;1634;;;;;;;
20141219;1389;582;240;1136;203;1143;2080;1123;3203;541;687;2680;1645;;;;;;;
20141220;666;681;157;662;165;726;1104;608;1712;382;514;1336;888;;;;;;;
20141221;432;411;106;448;93;404;733;390;1123;276;282;740;584;;;;;;;
20141222;917;250;147;669;125;792;1241;732;1973;338;330;1746;1070;;;;;;;
20141223;806;423;210;727;132;718;1143;733;1876;352;361;1670;1129;;;;;;;
20141224;315;325;118;430;95;295;459;263;722;189;170;595;508;;;;;;;
20141225;112;93;59;142;25;131;214;118;332;77;46;286;226;;;;;;;
20141226;154;206;75;298;70;184;319;153;472;157;98;319;306;;;;;;;
20141227;213;166;95;199;95;228;349;202;551;99;141;417;297;;;;;;;
20141228;73;65;45;106;21;66;135;74;209;50;58;175;133;;;;;;;
20141229;166;79;59;189;14;124;223;145;368;69;56;372;285;;;;;;;
20141230;209;86;66;211;15;158;298;164;462;88;73;865;346;;;;;;;
20141231;130;109;60;192;17;124;242;97;339;70;88;317;257;;;;;;;
20130101;159;148;56;183;33;154;264;111;375;87;0;0;77;;;;;;;
20130102;418;159;115;439;60;409;622;242;864;154;0;0;244;;;;;;;
20130103;518;175;145;481;67;437;670;263;933;184;0;0;260;;;;;;;
20130104;533;225;102;500;89;445;761;282;1043;181;0;0;283;;;;;;;
20130105;222;107;39;167;39;243;387;132;519;78;0;0;182;;;;;;;
20130106;129;90;40;114;14;158;154;70;224;28;0;0;68;;;;;;;
20130107;717;164;117;560;68;538;806;322;1128;178;0;0;324;;;;;;;
20130108;651;177;111;490;49;467;717;282;999;169;0;0;273;;;;;;;
20130109;929;285;133;654;87;711;1.121;461;1582;311;0;0;456;;;;;;;
20130110;1.028;326;132;705;109;770;1.341;497;1838;362;0;0;512;;;;;;;
20130111;692;204;128;578;91;624;900;369;1269;210;0;0;325;;;;;;;
20130112;302;254;91;240;49;416;573;227;800;139;0;0;253;;;;;;;
20130113;240;148;44;174;15;267;325;125;450;84;0;0;122;;;;;;;
20130114;352;97;59;369;19;330;464;174;638;135;0;0;153;;;;;;;
20130115;518;138;82;427;32;477;706;261;967;151;0;0;267;;;;;;;
20130116;633;156;100;471;30;562;860;325;1185;200;0;0;313;;;;;;;
20130117;194;67;8;199;18;289;337;117;454;94;0;0;87;;;;;;;
20130118;182;51;0;229;11;343;361;115;476;85;0;0;126;;;;;;;
20130119;78;42;1;116;1;160;209;55;264;35;0;0;80;;;;;;;
20130120;52;54;11;130;4;162;148;68;216;46;0;0;64;;;;;;;
20130121;453;88;60;441;20;474;602;242;844;157;0;0;207;;;;;;;
20130122;598;170;74;504;17;569;831;345;1176;203;0;0;276;;;;;;;
20130123;546;143;92;465;31;528;693;312;1005;145;0;0;263;;;;;;;
20130124;595;133;78;482;22;512;777;344;1121;153;0;0;267;;;;;;;
20130125;447;111;72;370;20;393;641;229;870;127;0;0;200;;;;;;;
20130126;167;105;43;148;10;261;325;154;479;80;0;0;138;;;;;;;
20130127;139;75;32;136;10;188;229;88;317;62;0;0;108;;;;;;;
20130128;357;90;74;344;19;336;492;208;700;138;0;0;195;;;;;;;
20130129;534;108;93;446;20;443;617;269;886;140;0;0;207;;;;;;;
20130130;784;299;102;703;52;654;1.081;421;1502;268;0;0;410;;;;;;;
20130131;957;377;137;794;112;791;1.323;517;1840;321;0;0;528;;;;;;;
20130201;786;367;156;701;141;794;1.402;478;1880;309;0;0;477;;;;;;;
20130202;229;89;67;223;22;355;389;131;520;113;0;0;190;;;;;;;
20130203;249;399;70;345;70;364;549;202;751;199;0;0;210;;;;;;;
20130204;572;144;90;519;75;483;656;363;1019;159;0;0;272;;;;;;;
20130205;672;233;126;622;78;641;799;508;1307;238;0;0;394;;;;;;;
20130206;688;235;100;609;100;600;833;582;1415;262;0;0;379;;;;;;;
20130207;775;306;117;658;133;632;886;638;1524;298;0;0;450;;;;;;;
20130208;675;274;133;615;99;606;780;511;1291;233;0;0;374;;;;;;;
20130209;239;190;80;241;68;346;391;179;570;116;0;0;178;;;;;;;
20130210;122;103;34;124;14;154;210;85;295;64;0;0;99;;;;;;;
20130211;562;128;98;465;41;443;600;261;861;147;0;0;222;;;;;;;
20130212;296;73;56;258;22;299;375;143;518;93;0;0;131;;;;;;;
20130213;375;84;69;329;25;377;471;202;673;106;0;0;178;;;;;;;
20130214;356;92;58;304;12;356;486;190;676;121;0;0;151;;;;;;;
20130215;469;131;78;375;25;496;698;271;969;167;0;0;225;;;;;;;
20130216;320;274;73;260;19;399;538;207;745;138;0;0;225;;;;;;;
20130217;260;345;77;328;17;261;450;159;609;160;0;0;167;;;;;;;
20130218;832;252;149;678;42;647;1.103;401;1504;299;0;0;377;;;;;;;
20130219;754;235;176;584;49;596;926;386;1312;233;0;0;388;;;;;;;
20130220;743;230;130;575;37;638;975;442;1417;277;0;0;345;;;;;;;
20130221;756;234;142;627;65;697;1.081;443;1524;226;0;0;355;;;;;;;
20130222;325;68;59;244;31;359;409;161;570;101;0;0;130;;;;;;;
20130223;97;45;9;89;6;70;160;65;225;47;0;0;56;;;;;;;
20130224;99;73;24;84;4;114;121;47;168;52;0;0;71;;;;;;;
20130225;565;109;101;418;10;472;644;300;944;179;0;0;257;;;;;;;
20130226;618;157;123;513;7;581;871;345;1216;205;0;0;312;;;;;;;
20130227;727;200;137;581;9;663;1.055;417;1472;262;0;0;374;;;;;;;
20130228;886;367;168;731;67;840;1.102;453;1555;330;0;0;478;;;;;;;
20130301;838;312;173;691;92;788;1.028;449;1477;306;0;0;496;;;;;;;
20130302;463;602;168;644;147;597;834;312;1146;377;0;0;466;;;;;;;
20130303;465;856;174;876;247;539;862;282;1144;433;0;0;419;;;;;;;
20130304;1.291;518;249;1.239;188;1.201;1.709;676;2385;598;0;0;791;;;;;;;
20130305;1.401;593;239;1.218;222;1.281;1.910;836;2746;598;0;0;808;;;;;;;
20130306;1.579;807;336;1.568;285;1.466;2.376;910;3286;819;0;0;1.017;;;;;;;
20130307;1.574;797;330;1.653;340;1.584;2.435;987;3422;804;0;0;1.059;;;;;;;
20130308;1.242;599;315;1.290;322;1.362;1.922;795;2717;574;0;0;795;;;;;;;
20130309;597;569;160;644;231;777;1.017;387;1404;388;0;0;555;;;;;;;
20130310;511;825;176;831;334;675;1.045;397;1442;460;0;0;549;;;;;;;
20130311;1.394;477;313;1.154;266;1.243;1.882;715;2597;645;0;0;849;;;;;;;
20130312;1.393;391;210;1.105;210;1.132;1.835;735;2570;522;0;0;806;;;;;;;
20130313;1.296;440;207;961;173;1.138;1.736;672;2408;456;0;0;737;;;;;;;
20130314;614;115;93;514;47;526;706;369;1075;165;0;0;266;;;;;;;
20130315;700;123;84;455;66;619;885;387;1272;227;0;0;385;;;;;;;
20130316;391;361;125;446;106;579;714;301;1015;247;0;0;393;;;;;;;
20130317;368;457;78;414;137;453;691;212;903;217;0;0;285;;;;;;;
20130318;828;171;132;555;93;304;931;407;1338;277;0;0;356;;;;;;;
20130319;1.125;336;151;795;103;1.120;1.565;619;2184;363;0;0;592;;;;;;;
20130320;1.517;825;349;1.517;301;1.517;2.310;915;3225;770;0;0;1.022;;;;;;;
20130321;1.209;303;196;987;153;1.209;1.696;695;2391;448;0;0;706;;;;;;;
20130322;1.028;310;177;823;173;1.028;1.400;617;2017;431;0;0;627;;;;;;;
20130323;394;363;111;406;97;394;663;298;961;261;0;0;364;;;;;;;
20130324;142;111;40;148;16;142;259;99;358;79;0;0;109;;;;;;;
20130325;321;73;62;348;25;321;447;194;641;130;0;0;186;;;;;;;
20130326;272;58;64;262;18;272;372;162;534;103;0;0;124;;;;;;;
20130327;380;83;51;335;27;380;597;262;859;131;0;0;210;;;;;;;
20130328;545;194;104;548;37;545;873;357;1230;261;0;0;367;;;;;;;
20130329;386;243;107;458;68;386;613;237;850;197;0;0;270;;;;;;;
20130330;200;281;88;296;55;200;393;164;557;161;0;0;225;;;;;;;
20130331;67;65;37;95;18;62;119;54;173;32;0;0;50;;;;;;;
20130401;217;497;99;441;99;217;325;130;455;226;0;0;193;;;;;;;
20130402;709;311;161;768;97;709;995;395;1390;275;0;0;370;;;;;;;
20130403;373;81;50;308;30;373;494;196;690;98;0;0;183;;;;;;;
20130404;932;414;192;858;119;932;1.357;543;1900;354;0;0;569;;;;;;;
20130405;927;419;184;810;124;927;1.417;558;1975;388;0;0;551;;;;;;;
20130406;493;448;104;548;141;493;1.231;485;1716;286;0;0;488;;;;;;;
20130407;647;551;112;626;150;647;1.438;572;2010;338;0;0;485;;;;;;;
20130408;1.622;845;302;1.516;288;1.622;2.141;845;2986;718;0;0;993;;;;;;;
20130409;1.744;933;357;1.805;358;1.744;2.656;1.058;3714;873;0;0;1.164;;;;;;;
20130410;1.798;888;328;1.732;316;1.798;2.710;1.070;3780;781;0;0;1.202;;;;;;;
20130411;2.081;1.396;423;2.349;522;2.081;3.346;1.323;4669;991;0;0;1.480;;;;;;;
20130412;1.428;581;271;1.295;270;1.428;2.348;926;3274;600;0;0;941;;;;;;;
20130413;1.048;1.708;366;1.972;658;1.048;2.702;1.068;3770;934;0;0;1.322;;;;;;;
20130414;1.353;3.234;643;3.600;1.322;1.353;4.080;1.536;5616;1.509;0;0;1.860;;;;;;;
20130415;2.489;1.758;767;3.233;758;2.489;4.115;1.629;5744;1.562;0;0;1.968;;;;;;;
20130416;2.546;1.654;628;2.984;708;2.546;4.214;1.657;5871;1.448;0;0;2.052;;;;;;;
20130417;2.470;1.428;659;2.766;566;2.470;3.914;1.555;5469;1.246;0;0;1.802;;;;;;;
20130418;2.746;2.232;772;3.836;935;2.746;4.862;1.927;6789;1.732;0;0;2.240;;;;;;;
20130419;1.313;468;326;1.192;160;1.313;2.318;912;3230;496;0;0;911;;;;;;;
20130420;767;1.140;319;1.252;373;767;1.845;732;2577;686;0;0;1.100;;;;;;;
20130421;1.536;3.465;651;3.814;1.444;1.536;2.974;1.176;4150;1.794;0;0;1.875;;;;;;;
20130422;2.591;1.812;832;3.463;797;2.591;4.524;1.776;6300;1.584;0;0;2.210;;;;;;;
20130423;2.742;1.970;764;3.544;795;2.742;4.959;1.951;6910;1.649;0;0;2.213;;;;;;;
20130424;3.097;2.329;837;3.567;1.011;3.097;5.024;1.988;7012;1.805;0;0;2.490;;;;;;;
20130425;2.971;2.253;875;4.311;994;2.971;5.543;2.178;7721;1.666;0;0;2.439;;;;;;;
20130426;2.826;2.409;823;4.211;973;2.826;5.201;2.056;7257;1.771;0;0;2.363;;;;;;;
20130427;1.514;2.502;551;3.244;811;1.514;3.526;1.374;4900;1.382;0;0;1.634;;;;;;;
20130428;1.507;3.591;705;4.629;1.481;1.507;3.308;1.298;4606;1.789;0;0;1.884;;;;;;;
20130429;2.640;1.627;763;3.214;665;2.640;4.307;1.693;6000;1.544;0;0;2.064;;;;;;;
20130430;2.777;1.849;692;3.605;750;2.777;4.883;1.943;6826;1.637;0;0;2.319;;;;;;;
20130501;1.836;6.913;948;5.902;1.834;1.836;3.833;1.627;5460;2.000;0;0;2.190;;;;;;;
20130502;969;577;198;971;155;969;1.855;791;2646;390;0;0;718;;;;;;;
20130503;1.463;953;300;1.644;334;1.463;2.963;1.271;4234;805;0;0;1.299;;;;;;;
20130504;1.398;2.430;518;2.664;668;1.398;3.059;1.315;4374;1.232;0;0;1.567;;;;;;;
20130505;1.420;3.385;662;3.689;1.088;1.420;2.560;1.099;3659;1.641;0;0;1.618;;;;;;;
20130506;2.208;1.077;509;2.239;483;2.208;3.627;1.550;5177;1.137;0;0;1.571;;;;;;;
20130507;1.901;939;401;1.890;287;1.901;3.426;1.459;4885;975;0;0;1.358;;;;;;;
20130508;2.385;1.587;606;2.994;575;2.385;5.004;2.116;7120;1.442;0;0;2.013;;;;;;;
20130509;1.898;5.367;968;7.142;1.797;1.898;4.471;1.905;6376;2.180;0;0;2.347;;;;;;;
20130510;1.846;1.973;650;3.026;701;1.846;4.295;1.814;6109;1.349;0;0;1.619;;;;;;;
20130511;376;369;107;455;80;376;882;372;1254;182;0;0;351;;;;;;;
20130512;518;1.036;197;910;215;518;1.317;563;1880;439;0;0;420;;;;;;;
20130513;2.170;1.189;501;2.485;412;2.170;3.952;1.671;5623;1.118;0;0;1.613;;;;;;;
20130514;2.747;2.002;676;3.398;625;2.747;5.005;2.117;7122;1.638;0;0;2.163;;;;;;;
20130515;2.959;2.533;758;4.055;829;2.959;6.164;2.615;8779;1.771;0;0;2.362;;;;;;;
20130516;2.902;1.696;599;3.308;649;2.902;5.578;2.362;7940;1.590;0;0;2.188;;;;;;;
20130517;2.303;1.569;552;2.749;560;2.303;4.475;1.914;6389;1.256;0;0;1.876;;;;;;;
20130518;1.209;1.932;522;2.745;683;1.209;2.540;1.083;3623;1.089;0;0;1.277;;;;;;;
20130519;1.341;3.928;620;5.229;1.239;1.341;2.833;1.213;4046;1.757;0;0;1.858;;;;;;;
20130520;1.060;2.427;501;2.500;728;1.060;2.349;996;3345;1.197;0;0;1.215;;;;;;;
20130521;1.955;1.351;597;2.679;690;1.955;3.673;1.565;5238;1.135;0;0;1.466;;;;;;;
20130522;2.440;1.519;542;2.542;498;2.440;4.142;1.764;5906;1.234;0;0;1.709;;;;;;;
20130523;2.326;1.441;463;2.301;414;2.326;4.354;1.856;6210;1.148;0;0;1.598;;;;;;;
20130524;2.115;1.462;425;2.186;433;2.115;3.954;1.691;5645;1.132;0;0;1.579;;;;;;;
20130525;861;1.059;275;1.156;325;861;2.087;889;2976;646;0;0;864;;;;;;;
20130526;954;1.932;325;1.906;546;954;2.064;885;2949;1.028;0;0;1.037;;;;;;;
20130527;1.419;563;252;1.159;219;1.419;2.148;924;3072;437;0;0;764;;;;;;;
20130528;2.294;1.945;629;2.772;588;2.294;4.536;1.946;6482;1.322;0;0;1.803;;;;;;;
20130529;2.575;1.883;572;2.852;621;2.575;4.278;1.832;6110;1.323;0;0;1.819;;;;;;;
20130530;335;677;98;462;124;335;687;297;984;273;0;0;270;;;;;;;
20130531;415;305;149;476;77;415;813;352;1165;211;0;0;279;;;;;;;
20130601;916;1.938;303;1.601;517;916;2.080;921;3001;898;0;0;1.064;;;;;;;
20130602;328;402;116;446;40;328;557;245;802;153;0;0;272;;;;;;;
20130603;1.123;338;212;984;138;1.123;1.575;713;2288;350;0;0;583;;;;;;;
20130604;1.043;505;180;1.311;120;1.043;1.602;711;2313;408;0;0;562;;;;;;;
20130605;1.443;732;257;1.801;187;1.443;2.325;1.049;3374;560;0;0;924;;;;;;;
20130606;2.185;1.178;514;2.776;465;2.185;3.394;1.530;4924;1.039;0;0;1.596;;;;;;;
20130607;2.304;1.146;671;2.573;549;2.304;3.898;1.745;5643;1.114;0;0;1.762;;;;;;;
20130608;1.665;2.190;700;3.701;1.044;1.665;3.239;1.458;4697;1.409;0;0;1.709;;;;;;;
20130609;1.636;2.943;774;5.794;1.462;1.636;3.285;1.477;4762;1.810;0;0;1.831;;;;;;;
20130610;2.381;1.053;571;2.753;500;2.381;3.728;1.656;5384;1.263;0;0;1.673;;;;;;;
20130611;928;392;141;755;164;928;1.576;709;2285;432;0;0;676;;;;;;;
20130612;2.855;2.091;731;4.144;856;2.855;5.673;2.537;8210;1.660;0;0;2.394;;;;;;;
20130613;3.168;2.410;933;5.239;986;3.168;6.275;2.773;9048;1.934;0;0;2.674;;;;;;;
20130614;2.717;1.935;759;3.805;702;2.717;5.334;2.381;7715;1.638;0;0;2.287;;;;;;;
20130615;1.631;2.607;755;4.607;854;1.631;3.714;1.655;5369;1.414;0;0;1.835;;;;;;;
20130616;1.606;3.473;737;6.284;1.255;1.606;3.200;1.437;4637;1.741;0;0;2.027;;;;;;;
20130617;2.955;2.194;978;5.621;821;2.955;4.967;2.246;7213;1.711;0;0;2.421;;;;;;;
20130618;3.046;2.333;1.026;6.587;775;3.046;5.186;2.336;7522;1.808;0;0;2.374;;;;;;;
20130619;3.058;2.160;894;6.282;705;3.058;5.079;2.288;7367;1.652;0;0;2.395;;;;;;;
20130620;2.734;1.967;844;6.152;607;2.734;4.870;2.202;7072;1.519;0;0;2.154;;;;;;;
20130621;2.506;2.037;780;5.686;558;2.506;4.652;2.102;6754;1.409;0;0;2.035;;;;;;;
20130622;1.462;2.543;545;4.641;589;1.462;2.806;1.271;4077;1.188;0;0;1.425;;;;;;;
20130623;1.453;3.566;709;5.974;1.021;1.453;2.574;1.152;3726;1.522;0;0;1.663;;;;;;;
20130624;680;186;130;766;74;680;913;411;1324;206;0;0;308;;;;;;;
20130625;1.339;513;222;1.191;186;1.339;2.138;955;3093;476;0;0;841;;;;;;;
20130626;1.762;834;339;1.983;309;1.762;2.596;1.162;3758;813;0;0;1.072;;;;;;;
20130627;2.234;1.686;542;2.816;573;2.234;3.980;1.783;5763;1.337;0;0;1.692;;;;;;;
20130628;2.137;2.020;578;3.035;609;2.137;4.073;1.800;5873;1.506;0;0;1.892;;;;;;;
20130629;1.260;2.644;485;2.961;805;1.260;2.817;1.255;4072;1.361;0;0;1.545;;;;;;;
20130630;1.098;2.509;428;2.692;645;1.098;2.132;952;3084;1.270;0;0;1.312;;;;;;;
20130701;2.643;2.596;772;4.470;976;2.643;4.883;2.103;6986;1.845;0;0;2.275;;;;;;;
20130702;2.982;2.868;879;5.777;887;2.982;5.310;2.288;7598;2.025;0;0;2.443;;;;;;;
20130703;2.867;2.553;819;5.956;848;2.867;5.448;2.374;7822;1.774;0;0;2.448;;;;;;;
20130704;2.653;2.442;772;5.071;787;2.653;5.109;2.211;7320;1.837;0;0;2.132;;;;;;;
20130705;2.265;2.061;657;4.091;682;2.265;4.555;1.952;6507;1.508;0;0;1.936;;;;;;;
20130706;1.239;2.251;484;3.196;674;1.239;2.806;1.220;4026;1.101;0;0;1.531;;;;;;;
20130707;1.408;3.556;713;6.258;1.174;1.408;3.338;1.440;4778;1.585;0;0;1.673;;;;;;;
20130708;2.632;2.242;826;5.485;897;2.632;4.922;2.129;7051;1.745;0;0;2.095;;;;;;;
20130709;2.667;2.669;858;6.146;921;2.667;5.538;2.417;7955;1.829;0;0;2.279;;;;;;;
20130710;2.574;2.650;950;6.236;754;2.574;5.613;2.439;8052;1.797;0;0;2.263;;;;;;;
20130711;2.266;1.860;550;3.454;594;2.266;4.517;1.941;6458;1.375;0;0;1.811;;;;;;;
20130712;2.092;2.088;629;3.700;768;2.092;4.364;1.886;6250;1.544;0;0;1.902;;;;;;;
20130713;1.196;2.391;525;3.347;770;1.196;2.968;1.269;4237;1.178;0;0;1.509;;;;;;;
20130714;1.363;3.419;750;5.729;1.189;1.363;2.839;1.228;4067;1.527;0;0;1.538;;;;;;;
20130715;2.436;1.833;642;3.807;723;2.436;4.587;1.968;6555;1.581;0;0;1.862;;;;;;;
20130716;2.708;2.738;828;5.764;1.032;2.708;5.373;2.322;7695;1.968;0;0;2.332;;;;;;;
20130717;2.805;2.751;857;6.273;948;2.805;5.458;2.369;7827;1.923;0;0;2.335;;;;;;;
20130718;2.553;2.314;752;5.750;836;2.553;5.399;2.339;7738;1.772;0;0;2.173;;;;;;;
20130719;2.396;2.329;780;5.659;770;2.396;4.828;2.091;6919;1.544;0;0;2.101;;;;;;;
20130720;1.363;2.623;674;5.220;701;1.363;3.350;1.443;4793;1.242;0;0;1.426;;;;;;;
20130721;1.372;3.514;787;6.910;886;1.372;3.158;1.367;4525;1.520;0;0;1.503;;;;;;;
20130722;2.496;2.311;900;5.784;811;2.496;4.965;2.157;7122;1.766;0;0;2.038;;;;;;;
20130723;2.619;2.591;914;6.553;859;2.619;5.366;2.331;7697;1.789;0;0;2.209;;;;;;;
20130724;2.658;2.526;882;6.187;828;2.658;5.645;2.442;8087;1.623;0;0;2.111;;;;;;;
20130725;2.499;2.052;742;4.311;652;2.499;4.908;2.123;7031;1.484;0;0;2.112;;;;;;;
20130726;2.317;2.272;808;5.430;723;2.317;4.666;2.006;6672;1.401;0;0;1.977;;;;;;;
20130727;1.247;2.197;597;5.241;471;1.247;2.938;1.277;4215;947;0;0;1.301;;;;;;;
20130728;1.016;2.237;556;5.716;538;1.016;2.921;1.258;4179;821;0;0;1.003;;;;;;;
20130729;2.026;1.896;750;5.035;590;2.026;4.068;1.776;5844;1.286;0;0;1.713;;;;;;;
20130730;2.100;1.870;569;3.761;733;2.100;4.410;1.905;6315;1.452;0;0;1.894;;;;;;;
20130731;2.426;2.370;771;4.455;859;2.426;4.952;2.136;7088;1.613;0;0;2.104;;;;;;;
20130801;2.404;2.541;772;5.617;849;2.404;5.075;2.033;7108;1.519;4917;5.286;1.970;;;;;;;
20130802;2.056;2.346;731;5.697;705;2.056;4.775;1.802;6577;1.316;4908;4.273;1.750;;;;;;;
20130803;1.131;2.263;556;5.047;510;1.131;3.202;1.352;4554;1.005;3837;2.397;1.368;;;;;;;
20130804;1.001;2.372;586;5.045;548;1.001;2.756;957;3713;833;3582;1.800;1.046;;;;;;;
20130805;2.179;1.985;770;4.858;781;2.179;4.249;1.831;6080;1.370;4401;4.446;1.839;;;;;;;
20130806;2.318;2.303;769;6.049;720;2.318;4.771;1.988;6759;1.554;5289;5.010;1.904;;;;;;;
20130807;2.315;2.167;724;5.955;666;2.315;4.573;1.996;6569;1.390;5249;4.798;1.706;;;;;;;
20130808;2.054;2.175;697;5.712;546;2.054;4.245;1.812;6057;1.218;4874;4.176;1.490;;;;;;;
20130809;1.605;1.548;519;3.128;445;1.605;3.300;1.507;4807;1.103;3064;3.407;1.398;;;;;;;
20130810;1.109;2.106;449;2.890;553;1.109;3.124;1.124;4248;1.034;2538;2.385;1.346;;;;;;;
20130811;1.315;3.378;628;5.350;992;1.315;3.512;1.271;4783;1.504;3716;2.603;1.384;;;;;;;
20130812;2.217;2.164;786;4.545;820;2.217;4.451;1.920;6371;1.764;4138;4.577;1.843;;;;;;;
20130813;1.764;1.553;534;2.800;479;1.764;3.743;1.612;5355;1.179;3197;3.910;1.470;;;;;;;
20130814;1.881;1.876;617;3.386;613;1.881;3.986;1.857;5843;1.360;3448;4.229;1.678;;;;;;;
20130815;1.255;3.689;727;4.999;1.333;1.255;3.711;1.361;5072;1.660;3831;2.625;1.549;;;;;;;
20130816;1.573;2.395;636;4.112;771;1.573;4.136;1.697;5833;1.353;3580;3.277;1.444;;;;;;;
20130817;1.177;2.454;659;4.399;718;1.177;3.338;1.460;4798;1.135;3419;2.530;1.269;;;;;;;
20130818;1.124;3.166;583;5.590;841;1.124;3.294;1.226;4520;1.168;3704;2.221;1.211;;;;;;;
20130819;2.167;1.961;718;4.199;636;2.167;3.949;1.793;5742;1.371;4071;4.293;1.582;;;;;;;
20130820;1.750;1.255;387;2.386;406;1.750;3.210;1.522;4732;1.044;2771;3.731;1.262;;;;;;;
20130821;2.238;2.284;655;3.813;730;2.238;4.320;2.063;6383;1.494;3868;4.512;1.769;;;;;;;
20130822;2.351;2.507;702;4.183;828;2.351;4.663;2.114;6777;1.606;4202;4.822;1.835;;;;;;;
20130823;2.139;2.540;694;4.016;757;2.139;4.313;1.977;6290;1.520;4024;4.252;1.762;;;;;;;
20130824;581;728;169;1.017;201;581;1.515;666;2181;457;1066;1.331;592;;;;;;;
20130825;448;1.099;187;1.079;292;448;1.197;527;1724;457;1091;940;454;;;;;;;
20130826;1.448;656;347;1.630;369;1.448;2.752;1.217;3969;716;2028;2.993;907;;;;;;;
20130827;1.439;914;347;1.749;327;1.439;2.817;1.219;4036;883;2088;3.002;994;;;;;;;
20130828;1.235;605;302;1.441;218;1.235;2.271;1.088;3359;531;1819;2.502;775;;;;;;;
20130829;2.024;2.023;514;3.059;628;2.024;4.055;1.759;5814;1.422;3304;4.368;1.609;;;;;;;
20130830;2.104;2.467;679;3.719;821;2.104;4.337;1.848;6185;1.557;3676;4.379;1.635;;;;;;;
20130831;1.393;2.913;576;3.534;801;1.393;3.425;1.478;4903;1.325;3289;2.670;1.452;;;;;;;
20130901;1.068;1.858;393;2.240;714;1.118;2.695;974;3669;1.091;2432;1.946;1.009;;;;;;;
20130902;2.137;1.301;522;2.664;579;2.137;3.681;1.641;5322;1.154;3238;4.381;1.436;;;;;;;
20130903;1.964;907;468;2.077;351;1.823;3.409;1.555;4964;981;2736;4.063;1.316;;;;;;;
20130904;2.301;1.735;656;2.897;679;2.301;3.954;1.682;5636;1.307;3281;4.480;1.643;;;;;;;
20130905;2.746;2.254;763;3.803;752;2.650;5.005;2.105;7110;1.591;4274;5.364;1.817;;;;;;;
20130906;2.486;2.198;730;3.795;758;2.608;4.546;1.920;6466;1.631;3962;4.827;1.737;;;;;;;
20130907;1.365;2.960;557;4.023;833;1.893;3.733;1.357;5090;1.437;3436;2.844;1.419;;;;;;;
20130908;1.320;3.080;568;4.334;931;1.499;3.437;1.293;4730;1.477;3531;2.419;1.318;;;;;;;
20130909;1.697;844;391;1.738;334;1.807;2.481;1.310;3791;727;2215;3.226;1.042;;;;;;;
20130910;2.422;1.758;590;3.208;590;2.562;4.147;1.924;6071;1.457;3691;4.618;1.649;;;;;;;
20130911;2.051;1.156;444;2.104;367;2.170;3.431;1.520;4951;1.012;2813;4.098;1.311;;;;;;;
20130912;2.205;1.587;493;2.559;479;2.259;3.667;1.779;5446;1.158;3029;4.508;1.459;;;;;;;
20130913;1.414;752;381;1.604;248;1.389;2.210;1.148;3358;608;1966;2.738;817;;;;;;;
20130914;616;699;190;929;188;787;1.506;720;2226;416;981;1.358;596;;;;;;;
20130915;1.092;2.612;437;2.436;718;1.164;2.715;1.016;3731;1.130;2354;2.238;1.231;;;;;;;
20130916;1.868;1.037;464;2.238;388;1.898;2.824;1.375;4199;905;2567;3.548;1.123;;;;;;;
20130917;1.155;357;232;1.031;126;997;1.703;832;2535;347;1394;2.202;590;;;;;;;
20130918;1.482;589;306;1.382;192;1.258;2.029;971;3000;533;1817;2.694;794;;;;;;;
20130919;1.732;899;330;1.862;282;1.696;2.769;1.281;4050;826;2272;3.318;960;;;;;;;
20130920;1.340;792;411;1.494;284;1.380;2.283;1.144;3427;727;1880;2.689;843;;;;;;;
20130921;701;625;174;856;153;977;1.779;769;2548;390;1117;1.550;643;;;;;;;
20130922;1.059;2.118;482;2.513;695;1.162;3.010;951;3961;1.194;2155;2.233;1.157;;;;;;;
20130923;1.931;984;455;2.005;420;2.041;3.111;1.367;4478;965;2596;3.808;1.185;;;;;;;
20130924;2.208;1.553;568;2.751;543;2.307;3.756;1.712;5468;1.293;3225;4.564;1.492;;;;;;;
20130925;2.231;1.581;594;2.876;552;2.395;3.856;1.648;5504;1.262;3183;4.550;1.419;;;;;;;
20130926;1.963;1.060;436;1.920;343;1.898;3.182;1.410;4592;863;2582;3.830;1.134;;;;;;;
20130927;1.873;1.296;467;1.978;403;1.895;3.428;1.471;4899;917;2461;3.791;1.141;;;;;;;
20130928;1.015;1.797;403;1.880;503;1.512;2.564;1.033;3597;891;1876;2.176;1.066;;;;;;;
20130929;748;1.135;284;1.112;254;976;1.673;697;2370;598;1340;1.407;546;;;;;;;
20130930;1.831;695;429;1.685;312;1.811;2.964;1.375;4339;768;2336;3.639;1.057;;;;;;;
20131001;2.168;1.088;453;2.194;474;2.042;3.537;1.839;5376;1.011;2766;4.348;1.294;;;;;;;
20131002;2.034;883;428;1.797;402;1.988;3.094;1.509;4603;867;2367;4.084;1.101;;;;;;;
20131003;1.966;984;343;1.836;393;1.981;3.276;1.540;4816;910;2297;4.029;1.086;;;;;;;
20131004;1.621;807;317;1.407;259;1.598;2.915;1.293;4208;777;1963;3.410;985;;;;;;;
20131005;717;790;184;848;218;916;1.710;672;2382;471;1012;1.655;660;;;;;;;
20131006;453;388;141;488;118;572;944;477;1421;298;707;965;323;;;;;;;
20131007;1.875;784;435;1.585;293;1.608;3.064;1.337;4401;801;2197;3.793;1.008;;;;;;;
20131008;2.221;1.337;506;2.257;517;2.119;3.910;1.767;5677;1.096;2745;4.716;1.432;;;;;;;
20131009;1.848;725;365;1.619;311;1.806;3.197;1.448;4645;818;2219;3.922;1.108;;;;;;;
20131010;1.955;843;356;1.726;282;1.769;3.098;1.525;4623;742;2128;4.030;1.039;;;;;;;
20131011;1.070;374;213;802;121;903;1.591;766;2357;307;1135;2.176;514;;;;;;;
20131012;976;1.319;247;1.478;326;1.279;2.150;875;3025;755;1527;1.914;916;;;;;;;
20131013;813;1.827;286;1.688;412;978;2.226;760;2986;927;1744;1.672;736;;;;;;;
20131014;2.065;901;437;1.769;402;1.986;3.309;1.532;4841;938;2369;4.218;1.131;;;;;;;
20131015;2.350;1.250;433;2.215;533;2.022;3.719;1.732;5451;1.119;2771;4.673;1.370;;;;;;;
20131016;1.775;457;267;1.398;201;1.532;2.832;1.367;4199;645;1932;3.642;917;;;;;;;
20131017;1.950;703;316;1.666;355;1.859;3.074;1.501;4575;765;2161;3.932;1.053;;;;;;;
20131018;1.720;956;365;1.666;295;1.799;3.044;1.360;4404;822;2171;3.680;1.098;;;;;;;
20131019;934;1.387;245;1.447;401;1.510;2.196;952;3148;817;1676;2.109;921;;;;;;;
20131020;731;1.554;298;1.478;426;985;1.899;780;2679;766;1465;1.547;660;;;;;;;
20131021;2.291;1.337;562;2.537;576;2.099;3.911;1.628;5539;1.144;2907;4.516;1.376;;;;;;;
20131022;1.980;793;370;1.831;382;1.897;3.302;1.609;4911;849;2529;4.222;1.208;;;;;;;
20131023;2.114;993;510;2.117;363;2.017;3.654;1.629;5283;1.007;2710;4.641;1.259;;;;;;;
20131024;1.409;478;230;1.143;172;1.413;2.438;1.064;3502;540;1603;2.990;841;;;;;;;
20131025;1.655;622;388;1.405;260;1.655;3.089;1.300;4389;659;1909;3.518;987;;;;;;;
20131026;1.038;1.724;356;1.862;458;1.206;3.374;1.197;4571;955;2019;2.310;1.179;;;;;;;
20131027;1.008;2.043;409;2.124;633;1.148;2.623;981;3604;1.076;1960;1.978;1.011;;;;;;;
20131028;2.233;1.124;509;2.175;421;2.013;3.901;1.767;5668;1.016;2725;4.530;1.335;;;;;;;
20131029;1.866;653;360;1.538;282;1.684;3.093;1.441;4534;758;2346;3.956;954;;;;;;;
20131030;1.657;481;293;1.404;235;1.467;2.853;1.333;4186;600;1970;3.514;938;;;;;;;
20131031;1.805;869;387;1.674;316;1.676;3.317;1.378;4695;806;2199;3.640;1.040;;;;;;;
20131101;686;1.289;332;1.339;438;878;1.727;645;2372;800;1385;1.479;723;;;;;;;
20131102;591;592;187;1.431;177;814;1.490;654;2144;428;853;1.313;649;;;;;;;
20131103;405;457;117;1.462;110;471;899;357;1256;251;577;820;305;;;;;;;
20131104;1.745;531;506;2.035;264;1.539;2.602;1.276;3878;666;2033;3.386;910;;;;;;;
20131105;1.392;371;434;1.982;149;1.106;2.081;1.024;3105;423;1399;2.631;664;;;;;;;
20131106;1.659;455;374;1.659;167;1.420;2.618;1.284;3902;533;1899;3.316;849;;;;;;;
20131107;2.003;935;346;1.758;349;1.798;3.386;1.627;5013;879;2394;4.047;1.166;;;;;;;
20131108;1.811;1.211;343;1.903;384;1.869;3.151;1.470;4621;975;2341;3.697;1.166;;;;;;;
20131109;443;237;87;273;83;634;858;385;1243;216;524;934;358;;;;;;;
20131110;720;1.136;292;1.713;258;784;1.479;579;2058;700;1162;1.342;535;;;;;;;
20131111;1.252;305;518;2.144;102;1.031;1.799;836;2635;351;1313;2.522;629;;;;;;;
20131112;1.733;637;415;1.910;270;1.555;2.631;1.211;3842;726;1998;3.321;806;;;;;;;
20131113;1.680;460;376;1.444;195;1.368;2.398;1.182;3580;535;1809;3.269;820;;;;;;;
20131114;1.532;483;250;1.326;310;1.335;2.327;1.129;3456;533;1743;3.004;816;;;;;;;
20131115;1.167;364;181;974;357;1.131;1.924;908;2832;451;1409;2.440;693;;;;;;;
20131116;626;625;184;701;293;864;1.350;575;1925;364;824;1.438;537;;;;;;;
20131117;579;666;121;668;371;610;1.189;484;1673;379;743;1.075;367;;;;;;;
20131118;1.508;493;281;1.285;353;1.335;2.267;1.079;3346;579;1742;3.088;759;;;;;;;
20131119;1.569;497;229;1.253;246;1.333;2.292;1.190;3482;615;1692;3.338;821;;;;;;;
20131120;1.502;437;186;1.104;170;1.172;2.272;1.102;3374;525;1585;3.071;773;;;;;;;
20131121;1.548;430;218;1.125;212;1.275;2.277;1.132;3409;528;1660;3.058;688;;;;;;;
20131122;1.333;444;224;1.028;202;1.183;2.017;954;2971;503;1493;2.582;719;;;;;;;
20131123;576;386;147;450;101;708;1.036;526;1562;277;696;1.133;419;;;;;;;
20131124;289;161;54;221;32;349;435;232;667;135;317;585;119;;;;;;;
20131125;1.111;287;161;795;123;891;1.498;778;2276;347;1206;2.134;509;;;;;;;
20131126;1.165;283;160;893;155;864;1.496;817;2313;349;1226;2.309;505;;;;;;;
20131127;1.273;360;171;985;125;988;1.900;938;2838;417;1387;2.495;605;;;;;;;
20131128;1.162;309;157;961;132;889;1.574;909;2483;390;1332;2.307;520;;;;;;;
20131129;1.095;296;171;818;151;946;1.519;804;2323;354;1125;2.132;482;;;;;;;
20131130;565;410;102;513;118;653;951;545;1496;316;650;1.197;437;;;;;;;
20131201;505;434;112;617;114;538;908;432;1340;331;677;1.028;372;;;;;;;
20131202;1.332;431;253;1.159;189;1.102;1.954;1.058;3012;519;1437;2.753;679;;;;;;;
20131203;1.361;448;214;1.141;187;1.120;2.067;1.110;3177;508;1491;2.919;656;;;;;;;
20131204;1.264;386;182;981;165;1.034;1.867;944;2811;439;1310;2.700;617;;;;;;;
20131205;1.233;157;213;905;156;990;1.800;921;2721;414;1319;2.471;593;;;;;;;
20131206;896;291;123;588;97;745;1.194;663;1857;293;884;1.776;450;;;;;;;
20131207;387;280;75;236;63;467;630;352;982;132;401;863;265;;;;;;;
20131208;348;362;93;351;88;445;704;306;1010;189;495;764;256;;;;;;;
20131209;787;306;151;564;85;606;989;489;1478;252;818;1.627;368;;;;;;;
20131210;1.065;302;199;830;116;916;1.623;817;2440;379;1258;2.311;554;;;;;;;
20131211;1.219;410;200;892;162;1.025;1.787;950;2737;391;1288;2.500;567;;;;;;;
20131212;1.237;503;188;886;165;957;1.810;960;2770;400;1238;2.522;542;;;;;;;
20131213;1.123;471;185;756;160;943;1.588;867;2455;406;1117;2.218;496;;;;;;;
20131214;525;323;84;478;116;690;939;497;1436;282;631;1.179;449;;;;;;;
20131215;450;337;128;596;132;512;921;441;1362;296;731;974;324;;;;;;;
20131216;1.146;458;202;887;154;893;1.636;833;2469;398;1266;2.374;510;;;;;;;
20131217;1.076;369;173;689;119;857;1.569;848;2417;324;1063;2.320;516;;;;;;;
20131218;948;315;159;706;136;821;1.491;681;2172;275;1046;2.127;497;;;;;;;
20131219;923;357;127;609;100;747;1.165;719;1884;310;942;1.848;460;;;;;;;
20131220;763;298;151;551;106;693;1.069;622;1691;259;887;1.555;429;;;;;;;
20131221;408;270;87;360;103;585;752;355;1107;234;576;943;327;;;;;;;
20131222;212;123;61;237;47;241;377;186;563;107;288;431;102;;;;;;;
20131223;486;279;147;476;69;517;888;393;1281;244;742;1.151;285;;;;;;;
20131224;279;257;115;339;104;291;473;179;652;224;439;511;179;;;;;;;
20131225;183;191;64;321;97;178;409;120;529;168;332;345;122;;;;;;;
20131226;193;157;53;242;79;196;295;143;438;135;284;328;111;;;;;;;
20131227;408;297;146;507;144;490;821;320;1141;257;643;808;261;;;;;;;
20131228;372;310;118;451;156;358;762;260;1022;270;517;770;303;;;;;;;
20131229;247;180;94;351;104;253;561;178;739;158;426;537;193;;;;;;;
20131230;519;315;169;569;147;543;871;401;1272;276;800;991;301;;;;;;;
20131231;235;142;105;288;77;267;509;253;762;126;450;498;171;;;;;;;
